Patient_ID,Name,Gender,Age,Blood_Group,City,Weight,Height,Diabetes,Smoking
P00001,Patient 1,female,82,O+,Mumbai,49,141,Yes,Yes
P00002,Patient 2,F,14,AB+,Delhi,104,145,Yes,Yes
P00003,Patient 3,F,28,A+,Kolkata,64,172,Yes,
P00004,Patient 4,Female,84,AB-,Kolkata,104,166,No,Yes
P00005,Patient 5,male,21,B+,Mumbai,89,161,No,Yes
P00006,Patient 6,male,12,O-,Kolkata,83,146,No,Yes
P00007,Patient 7,M,59,A-,Kolkata,103,147,No,
P00008,Patient 8,Female,80,A-,Delhi,81,176,,Yes
P00009,Patient 9,Male,38,AB+,Pune,45,154,No,
P00010,Patient 10,male,47,B-,Bengaluru,55,163,No,
P00011,Patient 11,F,88,B+,Kolkata,117,144,,Yes
P00012,Patient 12,male,21,B-,Bengaluru,94,164,No,Yes
P00013,Patient 13,M,30,O+,Delhi,39,160,Yes,
P00014,Patient 14,M,41,AB+,Bengaluru,62,181,No,Yes
P00015,Patient 15,female,34,O+,Bengaluru,52,155,,No
P00016,Patient 16,Female,75,B+,Kolkata,86,163,No,Yes
P00017,Patient 17,female,7,B+,Hyderabad,49,149,,No
P00018,Patient 18,M,77,AB-,Kolkata,43,164,No,
P00019,Patient 19,F,2,O+,Hyderabad,49,183,,No
P00020,Patient 20,Female,15,AB-,Delhi,72,167,,
P00021,Patient 21,Female,34,A-,Hyderabad,99,188,,No
P00022,Patient 22,Female,82,B+,Pune,99,178,Yes,
P00023,Patient 23,male,68,AB-,Delhi,35,178,Yes,No
P00024,Patient 24,Female,40,A-,Delhi,65,143,,No
P00025,Patient 25,Female,9,B+,Bengaluru,103,189,No,
P00026,Patient 26,F,22,AB+,Mumbai,68,173,,
P00027,Patient 27,male,89,AB+,Bengaluru,60,185,,No
P00028,Patient 28,Male,57,B-,Mumbai,101,168,Yes,No
P00029,Patient 29,Female,3,B-,Delhi,110,175,Yes,
P00030,Patient 30,Male,81,A+,Hyderabad,42,154,No,Yes
P00031,Patient 31,female,66,AB-,Mumbai,65,157,,Yes
P00032,Patient 32,Female,74,AB-,Hyderabad,108,170,No,Yes
P00033,Patient 33,M,13,O-,Chennai,47,182,No,No
P00034,Patient 34,Male,7,A+,Chennai,118,181,,No
P00035,Patient 35,Female,14,AB-,Mumbai,66,152,No,Yes
P00036,Patient 36,Male,36,AB-,Hyderabad,94,155,,Yes
P00037,Patient 37,Male,,A-,Hyderabad,118,174,Yes,Yes
P00038,Patient 38,Female,53,AB+,Delhi,97,170,Yes,No
P00039,Patient 39,M,1,O+,Chennai,84,156,,
P00040,Patient 40,M,72,B+,Mumbai,119,185,No,Yes
P00041,Patient 41,F,8,A+,Bengaluru,,187,No,Yes
P00042,Patient 42,F,7,B+,Delhi,109,170,,Yes
P00043,Patient 43,Male,24,B-,Chennai,43,178,Yes,
P00044,Patient 44,Male,32,A-,Chennai,109,178,,
P00045,Patient 45,male,73,B-,Bengaluru,101,160,,No
P00046,Patient 46,Female,31,O+,Chennai,68,165,No,Yes
P00047,Patient 47,F,2,A-,Delhi,93,179,,Yes
P00048,Patient 48,male,65,A-,Mumbai,68,148,No,No
P00049,Patient 49,female,21,O+,Kolkata,91,174,,
P00050,Patient 50,male,2,A-,Mumbai,120,175,No,Yes
P00051,Patient 51,male,14,O+,Kolkata,105,149,Yes,
P00052,Patient 52,female,44,O+,Kolkata,61,183,No,No
P00053,Patient 53,M,7,O+,Delhi,46,,Yes,No
P00054,Patient 54,Female,17,AB-,Kolkata,116,156,,No
P00055,Patient 55,Male,72,B+,Kolkata,36,147,Yes,No
P00056,Patient 56,M,75,B+,Delhi,105,149,No,No
P00057,Patient 57,female,6,B-,Bengaluru,80,153,Yes,No
P00058,Patient 58,female,72,B+,Mumbai,87,179,Yes,Yes
P00059,Patient 59,female,53,O-,Hyderabad,38,151,No,
P00060,Patient 60,female,32,A-,Chennai,69,150,Yes,No
P00061,Patient 61,male,29,O+,Hyderabad,60,169,Yes,Yes
P00062,Patient 62,M,4,O-,Pune,119,152,Yes,No
P00063,Patient 63,M,45,O-,Delhi,117,172,Yes,No
P00064,Patient 64,Male,23,A-,Kolkata,109,156,No,No
P00065,Patient 65,F,41,A-,Chennai,90,178,,Yes
P00066,Patient 66,M,33,A+,Kolkata,40,185,,
P00067,Patient 67,M,86,A-,Bengaluru,60,163,No,
P00068,Patient 68,female,41,O+,Kolkata,119,147,No,
P00069,Patient 69,female,53,O+,Kolkata,76,165,Yes,Yes
P00070,Patient 70,female,54,B+,Kolkata,120,164,,No
P00071,Patient 71,male,52,O+,Mumbai,105,140,No,
P00072,Patient 72,M,78,AB-,Chennai,118,160,,Yes
P00073,Patient 73,female,66,B+,Bengaluru,95,190,Yes,No
P00074,Patient 74,F,,O-,Delhi,119,180,Yes,
P00075,Patient 75,Female,40,A+,Delhi,63,152,Yes,No
P00076,Patient 76,M,79,B-,Bengaluru,44,169,,No
P00077,Patient 77,Female,64,A+,Hyderabad,86,155,Yes,No
P00078,Patient 78,F,29,AB-,Delhi,57,184,,Yes
P00079,Patient 79,M,16,O-,Hyderabad,93,148,No,
P00080,Patient 80,M,65,B+,Bengaluru,89,175,No,No
P00081,Patient 81,male,34,AB-,Bengaluru,66,180,Yes,No
P00082,Patient 82,male,57,B-,Pune,,185,No,No
P00083,Patient 83,Female,70,B-,Chennai,45,148,,Yes
P00084,Patient 84,M,28,O-,Kolkata,43,166,No,No
P00085,Patient 85,M,8,A+,Hyderabad,61,166,,No
P00086,Patient 86,male,62,AB+,Hyderabad,35,162,No,
P00087,Patient 87,M,70,B-,Pune,112,154,No,No
P00088,Patient 88,female,4,AB+,Bengaluru,84,161,Yes,No
P00089,Patient 89,Male,17,AB+,Kolkata,114,174,,
P00090,Patient 90,M,4,B+,Hyderabad,45,181,No,Yes
P00091,Patient 91,male,7,B-,Chennai,68,164,No,No
P00092,Patient 92,M,49,O+,Hyderabad,70,188,Yes,No
P00093,Patient 93,male,3,B-,Bengaluru,104,143,Yes,
P00094,Patient 94,Female,6,A+,Kolkata,38,155,Yes,Yes
P00095,Patient 95,Male,17,B-,Chennai,95,182,,No
P00096,Patient 96,F,48,A-,Hyderabad,56,178,Yes,No
P00097,Patient 97,male,14,AB+,Chennai,109,141,,Yes
P00098,Patient 98,female,10,B-,Delhi,110,184,,No
P00099,Patient 99,F,88,A+,Pune,111,147,,No
P00100,Patient 100,F,85,O-,Delhi,82,144,No,No
P00101,Patient 101,female,14,AB-,Bengaluru,90,163,Yes,No
P00102,Patient 102,male,23,AB-,Chennai,101,181,No,
P00103,Patient 103,Female,76,A-,Pune,69,160,No,Yes
P00104,Patient 104,female,60,AB+,Pune,107,179,Yes,No
P00105,Patient 105,Female,42,O-,Hyderabad,58,171,No,No
P00106,Patient 106,male,36,A+,Kolkata,111,,Yes,Yes
P00107,Patient 107,F,31,B-,Bengaluru,87,171,No,
P00108,Patient 108,Male,63,A-,Pune,92,190,Yes,No
P00109,Patient 109,female,89,O-,Chennai,66,159,,
P00110,Patient 110,F,45,O-,Pune,89,187,,No
P00111,Patient 111,Female,-3,A-,Bengaluru,74,156,Yes,No
P00112,Patient 112,female,16,B+,Mumbai,103,188,Yes,
P00113,Patient 113,F,62,O+,Delhi,70,186,Yes,No
P00114,Patient 114,male,30,A+,Bengaluru,81,151,,Yes
P00115,Patient 115,F,36,O+,Bengaluru,40,143,Yes,
P00116,Patient 116,F,63,O+,Chennai,48,140,No,No
P00117,Patient 117,male,44,AB-,Delhi,58,143,Yes,No
P00118,Patient 118,female,63,A+,Mumbai,44,176,Yes,
P00119,Patient 119,Male,39,AB+,Kolkata,45,155,,
P00120,Patient 120,M,29,AB-,Pune,101,164,,No
P00121,Patient 121,Male,40,A-,Hyderabad,107,179,Yes,
P00122,Patient 122,Male,28,B+,Mumbai,68,182,Yes,
P00123,Patient 123,M,10,AB-,Bengaluru,,140,,No
P00124,Patient 124,male,38,O+,Bengaluru,39,154,No,Yes
P00125,Patient 125,female,88,B-,Chennai,64,156,Yes,
P00126,Patient 126,male,29,B+,Delhi,117,149,Yes,Yes
P00127,Patient 127,F,40,O+,Chennai,111,187,Yes,No
P00128,Patient 128,M,89,O+,Kolkata,73,184,,No
P00129,Patient 129,Male,57,AB+,Bengaluru,45,178,No,
P00130,Patient 130,Female,33,A+,Hyderabad,38,145,,No
P00131,Patient 131,Female,74,AB-,Kolkata,40,188,,No
P00132,Patient 132,M,36,AB-,Delhi,58,177,No,No
P00133,Patient 133,female,53,A-,Hyderabad,77,160,Yes,No
P00134,Patient 134,female,53,AB+,Hyderabad,98,158,,Yes
P00135,Patient 135,male,59,O-,Delhi,46,160,No,
P00136,Patient 136,M,1,AB+,Delhi,119,174,Yes,
P00137,Patient 137,M,47,AB-,Hyderabad,114,188,Yes,Yes
P00138,Patient 138,male,35,AB-,Bengaluru,105,148,No,Yes
P00139,Patient 139,Female,4,B+,Pune,115,178,,Yes
P00140,Patient 140,Female,71,A-,Chennai,87,145,Yes,
P00141,Patient 141,male,20,O+,Chennai,98,185,No,No
P00142,Patient 142,Female,32,AB+,Mumbai,93,175,,
P00143,Patient 143,M,18,O-,Hyderabad,43,157,,No
P00144,Patient 144,male,1,AB-,Hyderabad,71,186,Yes,No
P00145,Patient 145,male,69,AB+,Chennai,96,162,No,Yes
P00146,Patient 146,M,90,B-,Hyderabad,65,176,No,Yes
P00147,Patient 147,M,41,AB+,Bengaluru,95,185,,Yes
P00148,Patient 148,F,,O-,Hyderabad,39,148,Yes,No
P00149,Patient 149,Male,13,B+,Chennai,240,169,,Yes
P00150,Patient 150,male,10,O-,Kolkata,95,190,,No
P00151,Patient 151,female,84,AB+,Pune,45,161,,
P00152,Patient 152,F,63,A-,Mumbai,104,142,,
P00153,Patient 153,Male,37,AB+,Delhi,64,187,,
P00154,Patient 154,female,13,O+,Delhi,91,150,Yes,No
P00155,Patient 155,male,8,AB+,Mumbai,72,162,Yes,
P00156,Patient 156,Female,53,B+,Mumbai,107,183,Yes,
P00157,Patient 157,Female,49,AB-,Kolkata,114,183,Yes,Yes
P00158,Patient 158,M,60,O+,Bengaluru,116,156,Yes,No
P00159,Patient 159,Male,37,AB-,Pune,104,,,No
P00160,Patient 160,male,82,AB-,Hyderabad,89,184,No,Yes
P00161,Patient 161,Female,50,AB+,Kolkata,96,146,No,
P00162,Patient 162,female,38,AB+,Pune,72,141,Yes,
P00163,Patient 163,female,88,AB-,Hyderabad,41,178,No,Yes
P00164,Patient 164,female,78,B-,Kolkata,,154,No,
P00165,Patient 165,Male,85,A+,Pune,52,180,No,Yes
P00166,Patient 166,Female,75,A-,Pune,81,186,No,
P00167,Patient 167,Female,54,O-,Kolkata,57,152,,No
P00168,Patient 168,male,22,O-,Hyderabad,67,170,Yes,No
P00169,Patient 169,Female,10,AB+,Hyderabad,53,188,,No
P00170,Patient 170,male,12,A-,Chennai,85,140,No,
P00171,Patient 171,M,87,O-,Delhi,68,177,,Yes
P00172,Patient 172,F,61,O-,Kolkata,38,179,Yes,
P00173,Patient 173,female,9,O+,Bengaluru,116,169,No,Yes
P00174,Patient 174,male,18,AB-,Delhi,40,142,Yes,Yes
P00175,Patient 175,M,69,O-,Bengaluru,52,164,,
P00176,Patient 176,female,70,B+,Chennai,88,177,,Yes
P00177,Patient 177,male,63,A+,Bengaluru,113,166,No,Yes
P00178,Patient 178,male,57,A-,Bengaluru,91,155,No,
P00179,Patient 179,M,83,O+,Mumbai,80,143,Yes,No
P00180,Patient 180,female,12,A+,Delhi,119,153,No,Yes
P00181,Patient 181,Male,17,B-,Kolkata,107,153,Yes,Yes
P00182,Patient 182,F,43,A+,Pune,53,190,Yes,Yes
P00183,Patient 183,Male,70,A+,Mumbai,67,151,Yes,No
P00184,Patient 184,Male,31,B+,Pune,110,160,Yes,Yes
P00185,Patient 185,female,,A-,Chennai,102,147,No,No
P00186,Patient 186,M,66,B-,Kolkata,110,146,Yes,
P00187,Patient 187,M,85,A+,Delhi,101,159,No,No
P00188,Patient 188,female,55,AB-,Delhi,48,171,Yes,No
P00189,Patient 189,Female,78,O+,Kolkata,53,144,,
P00190,Patient 190,F,71,O+,Chennai,76,164,,
P00191,Patient 191,female,56,A-,Hyderabad,47,190,,
P00192,Patient 192,M,71,B-,Chennai,62,167,No,No
P00193,Patient 193,Male,52,O-,Chennai,88,186,No,
P00194,Patient 194,female,33,AB-,Delhi,82,149,Yes,Yes
P00195,Patient 195,female,12,O-,Hyderabad,90,146,Yes,
P00196,Patient 196,F,8,O-,Bengaluru,110,175,Yes,No
P00197,Patient 197,M,46,A+,Pune,120,188,,No
P00198,Patient 198,F,46,B-,Mumbai,48,176,,No
P00199,Patient 199,F,29,O-,Delhi,48,162,No,
P00200,Patient 200,F,29,A+,Kolkata,89,175,,
P00201,Patient 201,male,35,O+,Pune,38,151,No,Yes
P00202,Patient 202,female,24,AB+,Delhi,53,176,Yes,
P00203,Patient 203,female,82,B-,Chennai,38,145,No,No
P00204,Patient 204,male,44,O-,Hyderabad,55,163,,
P00205,Patient 205,Female,11,A+,Bengaluru,,149,Yes,No
P00206,Patient 206,M,57,AB-,Chennai,119,167,No,Yes
P00207,Patient 207,M,66,A-,Pune,49,162,,
P00208,Patient 208,female,76,O+,Delhi,97,173,Yes,No
P00209,Patient 209,Female,77,O+,Mumbai,42,140,Yes,No
P00210,Patient 210,Male,38,AB-,Bengaluru,76,147,No,Yes
P00211,Patient 211,female,17,B-,Kolkata,83,174,,
P00212,Patient 212,female,46,A+,Chennai,44,,Yes,No
P00213,Patient 213,M,10,AB+,Bengaluru,75,176,,No
P00214,Patient 214,Male,38,O-,Mumbai,49,165,,No
P00215,Patient 215,M,89,A-,Mumbai,81,145,No,
P00216,Patient 216,M,52,O+,Bengaluru,102,145,No,Yes
P00217,Patient 217,F,43,A-,Kolkata,56,144,,Yes
P00218,Patient 218,female,45,B+,Mumbai,79,186,Yes,Yes
P00219,Patient 219,F,33,B+,Hyderabad,60,151,,Yes
P00220,Patient 220,M,23,AB-,Bengaluru,115,171,,
P00221,Patient 221,female,82,O-,Mumbai,114,160,No,Yes
P00222,Patient 222,male,-3,O+,Kolkata,91,180,Yes,No
P00223,Patient 223,M,65,AB-,Delhi,44,159,Yes,No
P00224,Patient 224,Male,37,AB+,Chennai,44,181,,
P00225,Patient 225,female,6,B-,Pune,92,176,,No
P00226,Patient 226,M,65,A-,Hyderabad,54,143,No,
P00227,Patient 227,Female,11,A+,Mumbai,99,181,,No
P00228,Patient 228,F,57,B+,Pune,102,173,No,No
P00229,Patient 229,male,50,A+,Hyderabad,87,189,,
P00230,Patient 230,Male,43,AB+,Pune,43,161,No,
P00231,Patient 231,male,85,A-,Kolkata,112,149,,Yes
P00232,Patient 232,female,45,AB+,Mumbai,74,181,,
P00233,Patient 233,M,11,O-,Hyderabad,74,175,Yes,
P00234,Patient 234,female,90,AB+,Kolkata,102,145,No,Yes
P00235,Patient 235,Female,47,O-,Hyderabad,74,151,No,Yes
P00236,Patient 236,Male,29,O+,Hyderabad,52,149,Yes,
P00237,Patient 237,female,70,O-,Hyderabad,102,142,,Yes
P00238,Patient 238,Female,77,B+,Hyderabad,83,149,,
P00239,Patient 239,M,22,O-,Bengaluru,91,142,,Yes
P00240,Patient 240,female,57,AB-,Mumbai,113,158,,Yes
P00241,Patient 241,male,40,AB-,Chennai,95,152,No,No
P00242,Patient 242,Female,65,B-,Hyderabad,102,166,,Yes
P00243,Patient 243,M,33,O-,Kolkata,41,181,Yes,
P00244,Patient 244,Male,67,B+,Pune,50,158,No,
P00245,Patient 245,Female,19,AB-,Pune,90,145,Yes,No
P00246,Patient 246,male,7,B-,Chennai,,172,Yes,No
P00247,Patient 247,Male,29,O-,Hyderabad,38,160,Yes,Yes
P00248,Patient 248,female,5,B+,Hyderabad,71,170,,No
P00249,Patient 249,Male,58,A+,Pune,113,140,Yes,Yes
P00250,Patient 250,M,71,A-,Hyderabad,112,173,No,Yes
P00251,Patient 251,Female,39,AB+,Bengaluru,50,143,,No
P00252,Patient 252,F,9,A+,Bengaluru,49,171,,
P00253,Patient 253,M,31,A+,Kolkata,53,158,No,Yes
P00254,Patient 254,female,74,A-,Kolkata,88,151,No,Yes
P00255,Patient 255,F,68,A+,Chennai,104,172,No,Yes
P00256,Patient 256,male,82,A+,Pune,84,163,Yes,No
P00257,Patient 257,Male,31,O-,Mumbai,119,180,Yes,No
P00258,Patient 258,Female,70,AB-,Bengaluru,78,181,No,
P00259,Patient 259,female,,AB-,Delhi,52,144,No,Yes
P00260,Patient 260,male,6,O+,Kolkata,60,142,No,
P00261,Patient 261,female,61,B-,Pune,67,142,No,Yes
P00262,Patient 262,Male,84,O-,Chennai,77,157,No,
P00263,Patient 263,Female,57,AB-,Bengaluru,84,161,No,No
P00264,Patient 264,female,67,AB+,Delhi,69,145,No,
P00265,Patient 265,male,24,A-,Delhi,104,,No,
P00266,Patient 266,F,38,AB+,Mumbai,74,168,,No
P00267,Patient 267,female,45,O-,Kolkata,92,142,No,No
P00268,Patient 268,female,82,AB+,Pune,42,144,,
P00269,Patient 269,Female,87,AB-,Delhi,55,141,Yes,Yes
P00270,Patient 270,male,31,AB+,Kolkata,117,163,Yes,
P00271,Patient 271,male,20,AB-,Hyderabad,92,163,Yes,
P00272,Patient 272,M,18,O-,Bengaluru,102,163,No,Yes
P00273,Patient 273,Female,15,AB-,Kolkata,38,187,No,
P00274,Patient 274,male,16,AB-,Mumbai,68,189,,No
P00275,Patient 275,Male,89,B+,Hyderabad,97,152,Yes,No
P00276,Patient 276,female,23,O-,Bengaluru,91,145,No,
P00277,Patient 277,male,9,O+,Hyderabad,105,174,Yes,
P00278,Patient 278,male,90,B-,Delhi,116,151,Yes,Yes
P00279,Patient 279,male,31,O-,Chennai,98,141,,Yes
P00280,Patient 280,male,79,AB+,Bengaluru,46,144,,No
P00281,Patient 281,M,68,A-,Mumbai,87,189,No,
P00282,Patient 282,female,10,O-,Mumbai,92,169,,
P00283,Patient 283,Female,76,AB+,Kolkata,58,189,Yes,Yes
P00284,Patient 284,Female,67,B+,Pune,54,159,,Yes
P00285,Patient 285,Male,45,O+,Mumbai,101,158,,
P00286,Patient 286,male,36,A-,Kolkata,51,180,,Yes
P00287,Patient 287,Female,76,O-,Hyderabad,,149,,Yes
P00288,Patient 288,female,4,O+,Bengaluru,45,142,Yes,
P00289,Patient 289,Male,54,AB-,Bengaluru,114,180,,No
P00290,Patient 290,Female,83,AB+,Pune,73,170,No,Yes
P00291,Patient 291,M,89,AB+,Chennai,42,150,No,Yes
P00292,Patient 292,male,44,O-,Bengaluru,112,149,No,No
P00293,Patient 293,F,17,A-,Pune,82,172,Yes,No
P00294,Patient 294,Female,16,B+,Delhi,69,168,Yes,No
P00295,Patient 295,Female,50,B+,Hyderabad,113,166,No,
P00296,Patient 296,Female,,AB-,Kolkata,59,188,No,No
P00297,Patient 297,Male,40,AB+,Kolkata,98,141,No,Yes
P00298,Patient 298,Male,28,A+,Pune,240,162,No,
P00299,Patient 299,F,84,A+,Hyderabad,95,158,Yes,No
P00300,Patient 300,male,18,AB+,Pune,68,186,Yes,No
P00301,Patient 301,Female,7,O-,Kolkata,107,175,No,Yes
P00302,Patient 302,F,50,O+,Hyderabad,99,168,,
P00303,Patient 303,Male,79,AB+,Pune,50,148,No,
P00304,Patient 304,F,47,AB+,Kolkata,53,152,Yes,Yes
P00305,Patient 305,male,5,AB-,Kolkata,52,185,No,Yes
P00306,Patient 306,male,78,O-,Mumbai,100,148,No,
P00307,Patient 307,F,39,AB-,Bengaluru,110,161,,No
P00308,Patient 308,male,61,A-,Chennai,37,163,,No
P00309,Patient 309,F,89,AB-,Pune,115,141,,
P00310,Patient 310,Male,74,AB-,Mumbai,64,186,,
P00311,Patient 311,female,80,B-,Delhi,83,149,,
P00312,Patient 312,M,15,O-,Chennai,59,141,Yes,No
P00313,Patient 313,F,89,AB-,Hyderabad,61,166,,
P00314,Patient 314,Female,8,O-,Bengaluru,52,173,No,
P00315,Patient 315,M,49,O-,Kolkata,75,151,No,
P00316,Patient 316,male,88,AB-,Mumbai,117,184,Yes,No
P00317,Patient 317,male,72,O+,Bengaluru,73,154,Yes,
P00318,Patient 318,male,63,O+,Pune,75,,Yes,
P00319,Patient 319,M,87,O-,Hyderabad,104,164,Yes,No
P00320,Patient 320,Male,6,O-,Chennai,71,185,,No
P00321,Patient 321,F,62,O+,Kolkata,62,152,,No
P00322,Patient 322,female,18,B-,Mumbai,48,179,Yes,
P00323,Patient 323,Female,68,A+,Delhi,63,180,No,No
P00324,Patient 324,Female,61,A+,Kolkata,47,183,Yes,No
P00325,Patient 325,female,84,B-,Hyderabad,95,170,No,No
P00326,Patient 326,Male,37,B-,Kolkata,117,143,,
P00327,Patient 327,Female,5,A+,Hyderabad,57,166,No,No
P00328,Patient 328,Male,24,O+,Kolkata,,142,,Yes
P00329,Patient 329,female,43,AB-,Mumbai,71,169,,No
P00330,Patient 330,male,35,B+,Bengaluru,59,147,No,
P00331,Patient 331,female,33,O-,Hyderabad,58,140,No,
P00332,Patient 332,F,87,AB+,Hyderabad,59,151,No,
P00333,Patient 333,female,-3,A-,Mumbai,46,165,Yes,No
P00334,Patient 334,male,42,AB+,Mumbai,66,140,No,No
P00335,Patient 335,female,43,A+,Pune,73,177,,No
P00336,Patient 336,female,89,A-,Chennai,65,143,No,Yes
P00337,Patient 337,male,52,A-,Bengaluru,99,185,No,No
P00338,Patient 338,Female,79,AB-,Mumbai,63,154,No,
P00339,Patient 339,female,78,AB-,Hyderabad,82,166,,
P00340,Patient 340,F,28,A-,Kolkata,66,183,No,
P00341,Patient 341,Male,47,A+,Hyderabad,44,176,,
P00342,Patient 342,Female,26,B+,Pune,108,174,,No
P00343,Patient 343,F,15,AB-,Delhi,61,185,,No
P00344,Patient 344,F,8,AB+,Chennai,93,148,,Yes
P00345,Patient 345,male,72,A+,Chennai,94,183,No,Yes
P00346,Patient 346,Male,28,AB+,Pune,109,144,,Yes
P00347,Patient 347,M,70,A+,Pune,42,144,No,Yes
P00348,Patient 348,female,18,AB+,Pune,117,186,No,No
P00349,Patient 349,female,49,B+,Bengaluru,83,145,No,Yes
P00350,Patient 350,F,23,B+,Bengaluru,103,165,Yes,Yes
P00351,Patient 351,female,3,AB+,Kolkata,73,169,No,Yes
P00352,Patient 352,Female,32,O+,Mumbai,93,162,,Yes
P00353,Patient 353,F,5,A+,Mumbai,119,166,Yes,Yes
P00354,Patient 354,M,13,A+,Mumbai,111,142,,Yes
P00355,Patient 355,F,52,B-,Hyderabad,91,154,Yes,Yes
P00356,Patient 356,female,65,O-,Kolkata,72,154,,
P00357,Patient 357,Female,42,B-,Chennai,65,159,No,No
P00358,Patient 358,female,8,B+,Bengaluru,106,177,,No
P00359,Patient 359,male,72,AB+,Hyderabad,98,143,,No
P00360,Patient 360,Female,90,O+,Chennai,88,166,Yes,
P00361,Patient 361,male,61,B+,Hyderabad,65,154,No,Yes
P00362,Patient 362,F,72,B+,Chennai,87,166,Yes,No
P00363,Patient 363,Male,27,AB-,Hyderabad,77,181,No,Yes
P00364,Patient 364,male,69,AB+,Bengaluru,59,143,,
P00365,Patient 365,F,6,B-,Chennai,44,152,Yes,No
P00366,Patient 366,Female,39,A-,Bengaluru,36,153,No,Yes
P00367,Patient 367,Female,90,AB+,Mumbai,112,185,,No
P00368,Patient 368,F,37,O-,Pune,83,169,No,No
P00369,Patient 369,Male,66,AB-,Hyderabad,,169,No,Yes
P00370,Patient 370,Male,,B-,Bengaluru,75,166,Yes,Yes
P00371,Patient 371,F,34,AB+,Pune,105,,Yes,Yes
P00372,Patient 372,F,43,B-,Chennai,64,164,,
P00373,Patient 373,M,88,AB-,Chennai,78,156,Yes,
P00374,Patient 374,female,46,AB-,Mumbai,56,148,,
P00375,Patient 375,Male,8,A+,Hyderabad,102,142,Yes,No
P00376,Patient 376,Male,18,B+,Delhi,115,154,Yes,
P00377,Patient 377,F,59,AB-,Bengaluru,82,143,No,Yes
P00378,Patient 378,M,1,A+,Delhi,103,175,,
P00379,Patient 379,Male,36,AB+,Hyderabad,103,158,Yes,Yes
P00380,Patient 380,Female,13,B-,Kolkata,102,149,,No
P00381,Patient 381,M,46,A-,Pune,69,190,No,No
P00382,Patient 382,Female,73,O+,Bengaluru,66,184,Yes,
P00383,Patient 383,M,84,AB+,Chennai,39,145,,No
P00384,Patient 384,female,8,B+,Delhi,116,140,No,No
P00385,Patient 385,Male,83,A+,Mumbai,77,176,Yes,
P00386,Patient 386,Male,73,A-,Bengaluru,95,157,No,
P00387,Patient 387,Female,73,O-,Delhi,119,142,Yes,
P00388,Patient 388,male,19,B+,Kolkata,85,144,Yes,
P00389,Patient 389,M,50,B+,Hyderabad,104,161,,
P00390,Patient 390,male,11,A+,Delhi,99,187,No,Yes
P00391,Patient 391,F,10,AB+,Hyderabad,78,178,No,Yes
P00392,Patient 392,M,82,AB-,Mumbai,69,190,No,
P00393,Patient 393,female,49,AB+,Delhi,90,151,,No
P00394,Patient 394,male,32,B+,Chennai,44,145,,
P00395,Patient 395,male,20,A-,Delhi,84,160,Yes,No
P00396,Patient 396,male,57,A-,Mumbai,81,188,Yes,Yes
P00397,Patient 397,F,56,AB+,Delhi,92,175,Yes,Yes
P00398,Patient 398,F,46,O-,Hyderabad,105,145,No,Yes
P00399,Patient 399,Male,38,B-,Kolkata,87,164,,Yes
P00400,Patient 400,Female,88,O+,Pune,83,150,No,No
P00401,Patient 401,M,19,O+,Chennai,43,150,No,No
P00402,Patient 402,Female,10,AB-,Kolkata,81,156,,Yes
P00403,Patient 403,male,59,A+,Chennai,48,148,No,
P00404,Patient 404,male,49,AB+,Hyderabad,77,168,,
P00405,Patient 405,F,18,B-,Chennai,73,160,No,Yes
P00406,Patient 406,female,51,AB-,Kolkata,75,158,Yes,No
P00407,Patient 407,M,,O-,Delhi,70,190,,Yes
P00408,Patient 408,female,76,A+,Bengaluru,104,151,No,
P00409,Patient 409,female,27,A-,Hyderabad,91,158,No,
P00410,Patient 410,male,64,B-,Pune,,180,,Yes
P00411,Patient 411,M,55,AB-,Kolkata,83,144,No,
P00412,Patient 412,Male,65,O-,Bengaluru,88,174,,
P00413,Patient 413,Female,82,O-,Mumbai,45,146,,
P00414,Patient 414,female,6,AB+,Hyderabad,107,181,No,No
P00415,Patient 415,male,14,B-,Kolkata,36,146,,
P00416,Patient 416,F,72,B-,Chennai,109,184,No,No
P00417,Patient 417,F,60,B+,Pune,110,184,Yes,No
P00418,Patient 418,Male,14,A-,Hyderabad,72,166,,Yes
P00419,Patient 419,M,45,B-,Kolkata,74,161,No,No
P00420,Patient 420,female,61,AB-,Pune,47,168,Yes,No
P00421,Patient 421,male,6,A-,Bengaluru,49,141,Yes,
P00422,Patient 422,F,32,B+,Pune,101,151,,No
P00423,Patient 423,female,60,B+,Mumbai,64,165,,
P00424,Patient 424,female,56,B-,Chennai,85,,,No
P00425,Patient 425,Female,50,B-,Pune,35,185,,Yes
P00426,Patient 426,Female,74,O-,Pune,48,174,Yes,No
P00427,Patient 427,M,15,O-,Kolkata,68,182,No,
P00428,Patient 428,male,51,O-,Hyderabad,110,147,No,
P00429,Patient 429,F,23,A-,Bengaluru,73,179,Yes,No
P00430,Patient 430,Male,16,B+,Pune,65,159,,Yes
P00431,Patient 431,F,66,B+,Kolkata,84,166,No,No
P00432,Patient 432,F,24,B+,Kolkata,97,180,Yes,No
P00433,Patient 433,male,37,AB-,Kolkata,52,151,Yes,No
P00434,Patient 434,Female,2,AB+,Kolkata,97,148,,
P00435,Patient 435,M,64,AB+,Bengaluru,87,183,No,No
P00436,Patient 436,Male,22,B-,Pune,45,176,Yes,No
P00437,Patient 437,Female,29,AB-,Kolkata,103,158,,No
P00438,Patient 438,F,71,A-,Pune,100,147,,No
P00439,Patient 439,female,70,AB-,Kolkata,40,188,Yes,No
P00440,Patient 440,Female,14,O+,Hyderabad,118,188,Yes,No
P00441,Patient 441,M,34,A-,Hyderabad,79,145,Yes,Yes
P00442,Patient 442,F,76,AB+,Mumbai,79,185,,Yes
P00443,Patient 443,F,27,O-,Kolkata,61,143,No,
P00444,Patient 444,female,-3,O+,Pune,56,160,,No
P00445,Patient 445,M,66,A+,Pune,47,148,,Yes
P00446,Patient 446,Female,90,O-,Hyderabad,51,155,Yes,
P00447,Patient 447,F,51,O+,Bengaluru,240,149,No,No
P00448,Patient 448,Male,58,AB+,Kolkata,44,180,,No
P00449,Patient 449,M,89,O-,Kolkata,82,169,Yes,
P00450,Patient 450,female,12,O-,Hyderabad,93,180,Yes,
P00451,Patient 451,Female,51,AB-,Pune,,167,No,No
P00452,Patient 452,Female,44,AB-,Hyderabad,105,176,No,
P00453,Patient 453,female,7,AB-,Delhi,40,146,Yes,Yes
P00454,Patient 454,M,57,B-,Bengaluru,93,140,Yes,
P00455,Patient 455,Male,39,O-,Pune,55,157,Yes,No
P00456,Patient 456,Male,86,AB+,Bengaluru,118,150,No,
P00457,Patient 457,female,90,A-,Bengaluru,64,167,Yes,Yes
P00458,Patient 458,Female,28,B-,Kolkata,96,144,,No
P00459,Patient 459,male,2,A-,Hyderabad,36,184,No,
P00460,Patient 460,Female,17,AB+,Delhi,96,144,,Yes
P00461,Patient 461,male,14,B+,Chennai,75,163,Yes,
P00462,Patient 462,F,87,A+,Kolkata,53,144,,Yes
P00463,Patient 463,Female,57,B+,Chennai,79,186,,
P00464,Patient 464,Male,57,B+,Hyderabad,62,145,Yes,
P00465,Patient 465,male,50,B+,Mumbai,79,167,No,
P00466,Patient 466,F,11,O+,Hyderabad,66,175,,Yes
P00467,Patient 467,F,85,B-,Bengaluru,73,153,No,No
P00468,Patient 468,Female,83,AB-,Chennai,41,190,Yes,Yes
P00469,Patient 469,Male,64,A+,Pune,116,178,No,Yes
P00470,Patient 470,male,50,B+,Hyderabad,107,166,No,Yes
P00471,Patient 471,Male,3,O+,Mumbai,110,144,Yes,Yes
P00472,Patient 472,female,51,AB+,Chennai,99,158,,No
P00473,Patient 473,F,11,B+,Pune,116,174,Yes,No
P00474,Patient 474,Female,11,O-,Chennai,100,153,,
P00475,Patient 475,male,84,AB+,Bengaluru,117,144,Yes,Yes
P00476,Patient 476,Male,32,AB-,Kolkata,46,167,,Yes
P00477,Patient 477,female,40,B+,Delhi,120,,Yes,
P00478,Patient 478,M,18,O-,Kolkata,36,150,,
P00479,Patient 479,Female,34,O+,Bengaluru,56,163,Yes,Yes
P00480,Patient 480,F,43,A-,Pune,89,157,,
P00481,Patient 481,M,,O-,Delhi,44,171,No,
P00482,Patient 482,male,22,A-,Kolkata,82,150,,
P00483,Patient 483,F,15,A+,Delhi,64,187,Yes,Yes
P00484,Patient 484,M,6,B+,Mumbai,95,163,Yes,
P00485,Patient 485,male,84,B-,Chennai,88,154,,No
P00486,Patient 486,male,35,A-,Kolkata,44,176,,Yes
P00487,Patient 487,Male,23,AB+,Delhi,63,173,No,No
P00488,Patient 488,F,40,AB-,Delhi,76,145,No,Yes
P00489,Patient 489,male,38,B-,Chennai,107,190,No,
P00490,Patient 490,F,64,B-,Mumbai,60,186,Yes,No
P00491,Patient 491,male,4,A+,Pune,64,174,Yes,
P00492,Patient 492,Female,49,B-,Chennai,,146,No,Yes
P00493,Patient 493,Male,19,B-,Hyderabad,70,145,,No
P00494,Patient 494,female,90,A-,Kolkata,82,169,Yes,
P00495,Patient 495,Male,18,A+,Chennai,116,165,,Yes
P00496,Patient 496,male,31,AB+,Bengaluru,72,156,,No
P00497,Patient 497,Female,41,A-,Mumbai,92,157,Yes,
P00498,Patient 498,Female,14,AB-,Chennai,54,146,No,No
P00499,Patient 499,Female,16,AB-,Pune,103,162,No,No
P00500,Patient 500,female,16,O+,Hyderabad,46,150,,
P00501,Patient 501,male,78,B+,Delhi,40,153,,Yes
P00502,Patient 502,Male,46,O+,Pune,85,172,Yes,Yes
P00503,Patient 503,female,52,B-,Delhi,92,175,No,Yes
P00504,Patient 504,Male,18,B-,Mumbai,50,140,Yes,No
P00505,Patient 505,Male,48,O+,Hyderabad,115,181,Yes,Yes
P00506,Patient 506,M,9,B+,Delhi,60,181,No,Yes
P00507,Patient 507,Female,6,AB+,Hyderabad,94,143,,No
P00508,Patient 508,female,64,AB+,Mumbai,38,164,No,Yes
P00509,Patient 509,M,24,B+,Delhi,70,157,,
P00510,Patient 510,male,79,AB-,Chennai,66,181,,No
P00511,Patient 511,M,8,B+,Chennai,46,157,Yes,
P00512,Patient 512,F,68,A+,Chennai,66,180,,No
P00513,Patient 513,M,62,O-,Kolkata,104,190,,No
P00514,Patient 514,Male,50,O-,Kolkata,69,151,Yes,Yes
P00515,Patient 515,F,36,O-,Hyderabad,42,170,,Yes
P00516,Patient 516,female,21,B-,Pune,47,155,,
P00517,Patient 517,M,8,O-,Hyderabad,63,176,Yes,Yes
P00518,Patient 518,female,,O-,Kolkata,110,160,Yes,
P00519,Patient 519,F,90,B+,Kolkata,80,176,Yes,No
P00520,Patient 520,M,70,A+,Delhi,74,151,Yes,Yes
P00521,Patient 521,F,78,AB-,Delhi,63,141,No,
P00522,Patient 522,female,26,B+,Hyderabad,51,161,No,Yes
P00523,Patient 523,female,3,B+,Hyderabad,53,177,Yes,
P00524,Patient 524,female,47,AB+,Kolkata,44,163,Yes,No
P00525,Patient 525,Female,39,AB+,Hyderabad,76,148,,No
P00526,Patient 526,female,84,O-,Mumbai,75,151,,
P00527,Patient 527,female,23,O+,Mumbai,83,159,Yes,
P00528,Patient 528,F,1,A+,Mumbai,108,165,,No
P00529,Patient 529,F,79,A-,Chennai,63,180,Yes,No
P00530,Patient 530,male,10,B+,Bengaluru,65,,Yes,
P00531,Patient 531,male,86,AB-,Delhi,116,186,No,Yes
P00532,Patient 532,male,32,A-,Bengaluru,43,162,Yes,Yes
P00533,Patient 533,M,50,B+,Chennai,,186,No,No
P00534,Patient 534,Male,45,AB-,Hyderabad,104,164,,
P00535,Patient 535,M,88,A-,Hyderabad,63,150,Yes,No
P00536,Patient 536,Male,3,A-,Pune,75,156,Yes,No
P00537,Patient 537,Male,21,O-,Kolkata,44,175,,No
P00538,Patient 538,Female,4,AB+,Mumbai,90,181,Yes,Yes
P00539,Patient 539,M,43,O+,Bengaluru,61,152,No,No
P00540,Patient 540,M,31,AB-,Mumbai,47,143,Yes,No
P00541,Patient 541,male,1,AB-,Mumbai,89,145,Yes,Yes
P00542,Patient 542,male,27,A-,Chennai,56,180,Yes,No
P00543,Patient 543,female,51,O+,Delhi,95,171,,
P00544,Patient 544,M,50,O-,Mumbai,58,163,No,Yes
P00545,Patient 545,male,34,B-,Hyderabad,91,169,No,
P00546,Patient 546,female,8,A-,Delhi,54,188,,No
P00547,Patient 547,F,70,B-,Kolkata,87,188,Yes,No
P00548,Patient 548,female,67,AB-,Kolkata,88,174,Yes,No
P00549,Patient 549,female,39,A+,Kolkata,45,165,,
P00550,Patient 550,Male,74,AB-,Mumbai,114,149,Yes,Yes
P00551,Patient 551,M,25,A-,Bengaluru,51,142,No,Yes
P00552,Patient 552,male,81,O-,Bengaluru,53,178,Yes,Yes
P00553,Patient 553,F,50,O-,Hyderabad,106,165,No,
P00554,Patient 554,female,59,AB+,Delhi,36,190,No,Yes
P00555,Patient 555,F,-3,A-,Delhi,107,177,,Yes
P00556,Patient 556,M,37,O+,Chennai,103,162,,No
P00557,Patient 557,Male,74,B+,Pune,112,170,No,Yes
P00558,Patient 558,female,80,AB+,Delhi,112,183,No,No
P00559,Patient 559,female,89,AB-,Pune,65,143,No,Yes
P00560,Patient 560,male,44,AB-,Hyderabad,73,159,,
P00561,Patient 561,male,13,AB-,Hyderabad,64,148,No,No
P00562,Patient 562,Male,54,B-,Chennai,112,181,Yes,No
P00563,Patient 563,Male,63,B+,Delhi,101,163,No,
P00564,Patient 564,F,65,A+,Mumbai,86,148,Yes,Yes
P00565,Patient 565,M,8,A+,Pune,66,142,,Yes
P00566,Patient 566,F,36,AB+,Bengaluru,82,169,Yes,
P00567,Patient 567,M,4,AB-,Mumbai,65,163,No,
P00568,Patient 568,Female,71,O+,Bengaluru,79,162,,Yes
P00569,Patient 569,Male,37,B+,Hyderabad,38,164,,Yes
P00570,Patient 570,female,29,B-,Pune,117,154,,No
P00571,Patient 571,female,66,A+,Chennai,37,189,Yes,
P00572,Patient 572,Female,23,O+,Kolkata,111,140,No,
P00573,Patient 573,M,83,O-,Chennai,70,167,No,Yes
P00574,Patient 574,F,60,AB+,Kolkata,,183,Yes,Yes
P00575,Patient 575,F,66,O+,Pune,119,163,,Yes
P00576,Patient 576,male,62,O-,Hyderabad,43,161,No,No
P00577,Patient 577,Female,84,B+,Kolkata,118,159,Yes,Yes
P00578,Patient 578,male,77,B+,Bengaluru,86,182,Yes,
P00579,Patient 579,M,64,AB+,Chennai,72,156,,Yes
P00580,Patient 580,male,75,B-,Bengaluru,108,152,,
P00581,Patient 581,F,61,O+,Hyderabad,120,162,Yes,
P00582,Patient 582,Male,72,AB-,Mumbai,58,158,,No
P00583,Patient 583,male,72,A-,Mumbai,58,,No,Yes
P00584,Patient 584,male,40,O-,Pune,88,190,,No
P00585,Patient 585,Male,60,A-,Chennai,50,170,Yes,
P00586,Patient 586,male,16,AB+,Delhi,83,173,Yes,Yes
P00587,Patient 587,F,26,AB-,Mumbai,78,166,No,
P00588,Patient 588,male,24,B+,Pune,45,171,,Yes
P00589,Patient 589,Female,1,B+,Kolkata,92,157,Yes,No
P00590,Patient 590,M,12,AB+,Chennai,51,179,No,No
P00591,Patient 591,F,50,B-,Bengaluru,35,142,No,Yes
P00592,Patient 592,Male,,A+,Bengaluru,102,152,,Yes
P00593,Patient 593,Female,29,A-,Chennai,79,159,,
P00594,Patient 594,Male,40,O+,Pune,56,144,No,
P00595,Patient 595,male,67,AB+,Bengaluru,111,173,Yes,No
P00596,Patient 596,Female,63,B+,Hyderabad,240,188,No,Yes
P00597,Patient 597,Female,30,B-,Bengaluru,63,186,Yes,
P00598,Patient 598,male,65,A+,Chennai,56,147,,No
P00599,Patient 599,F,69,A+,Bengaluru,114,143,Yes,
P00600,Patient 600,Male,3,AB+,Chennai,41,184,No,Yes
P00601,Patient 601,female,71,B+,Mumbai,67,170,,
P00602,Patient 602,M,81,A-,Bengaluru,36,159,,No
P00603,Patient 603,Female,80,AB+,Hyderabad,112,184,Yes,
P00604,Patient 604,Male,80,A-,Chennai,50,158,Yes,
P00605,Patient 605,Female,26,O-,Bengaluru,68,173,No,No
P00606,Patient 606,M,21,B-,Bengaluru,40,175,No,No
P00607,Patient 607,female,31,A-,Delhi,35,140,,
P00608,Patient 608,F,64,A-,Bengaluru,54,145,,Yes
P00609,Patient 609,M,33,O+,Pune,117,154,No,Yes
P00610,Patient 610,male,13,O-,Hyderabad,57,142,,No
P00611,Patient 611,Male,55,A+,Hyderabad,49,146,Yes,
P00612,Patient 612,male,83,AB-,Kolkata,56,161,No,
P00613,Patient 613,Female,12,A-,Chennai,82,161,No,No
P00614,Patient 614,M,35,AB+,Bengaluru,84,184,Yes,Yes
P00615,Patient 615,Male,17,AB+,Kolkata,,150,No,
P00616,Patient 616,F,87,AB+,Hyderabad,91,151,No,
P00617,Patient 617,M,4,A-,Chennai,51,170,No,Yes
P00618,Patient 618,male,9,A+,Bengaluru,68,181,,
P00619,Patient 619,female,74,O-,Kolkata,107,154,,
P00620,Patient 620,M,90,B-,Chennai,114,146,No,
P00621,Patient 621,Female,87,A+,Delhi,117,164,,Yes
P00622,Patient 622,Female,65,A-,Hyderabad,95,171,No,No
P00623,Patient 623,Male,31,B-,Kolkata,77,157,,No
P00624,Patient 624,M,52,AB-,Hyderabad,65,145,,No
P00625,Patient 625,male,12,A-,Chennai,98,168,,
P00626,Patient 626,M,3,A+,Kolkata,48,165,,Yes
P00627,Patient 627,female,12,O+,Kolkata,112,179,,Yes
P00628,Patient 628,male,84,O-,Hyderabad,120,169,Yes,Yes
P00629,Patient 629,F,,AB-,Bengaluru,77,175,,No
P00630,Patient 630,female,58,B-,Delhi,49,146,No,No
P00631,Patient 631,F,82,O-,Bengaluru,72,175,Yes,Yes
P00632,Patient 632,female,22,AB+,Delhi,98,148,No,
P00633,Patient 633,M,26,B-,Chennai,59,147,Yes,
P00634,Patient 634,M,44,A+,Bengaluru,48,188,,
P00635,Patient 635,female,16,B+,Chennai,92,169,Yes,
P00636,Patient 636,F,7,AB-,Kolkata,105,,Yes,
P00637,Patient 637,Female,75,A-,Chennai,57,186,,
P00638,Patient 638,M,78,AB+,Kolkata,76,172,,Yes
P00639,Patient 639,male,36,AB-,Hyderabad,85,161,Yes,Yes
P00640,Patient 640,female,53,O+,Hyderabad,112,184,,
P00641,Patient 641,Female,41,B-,Mumbai,105,180,,
P00642,Patient 642,Female,38,B+,Kolkata,79,183,,
P00643,Patient 643,Male,82,O-,Kolkata,76,185,No,
P00644,Patient 644,M,74,O+,Hyderabad,120,185,No,Yes
P00645,Patient 645,M,67,B+,Delhi,48,141,,Yes
P00646,Patient 646,Female,26,O+,Bengaluru,69,188,No,Yes
P00647,Patient 647,F,8,A+,Pune,72,153,No,Yes
P00648,Patient 648,female,79,AB+,Mumbai,106,154,,
P00649,Patient 649,M,37,AB+,Chennai,120,143,,No
P00650,Patient 650,female,71,O+,Mumbai,41,140,,No
P00651,Patient 651,female,29,O-,Hyderabad,116,185,,
P00652,Patient 652,female,78,B-,Pune,60,189,No,Yes
P00653,Patient 653,Female,88,A-,Chennai,44,151,Yes,No
P00654,Patient 654,Female,36,B+,Kolkata,106,156,No,Yes
P00655,Patient 655,Female,43,A+,Mumbai,94,185,No,
P00656,Patient 656,female,7,O+,Chennai,,179,,
P00657,Patient 657,female,46,O-,Kolkata,44,190,Yes,Yes
P00658,Patient 658,F,67,B+,Chennai,43,190,,
P00659,Patient 659,Female,52,B-,Bengaluru,46,162,No,No
P00660,Patient 660,F,47,AB-,Kolkata,72,153,,Yes
P00661,Patient 661,M,15,B-,Bengaluru,120,162,,
P00662,Patient 662,male,32,AB+,Hyderabad,40,183,Yes,No
P00663,Patient 663,male,33,A+,Kolkata,104,186,No,
P00664,Patient 664,Male,66,O+,Bengaluru,92,171,Yes,No
P00665,Patient 665,Female,66,A+,Bengaluru,45,146,Yes,Yes
P00666,Patient 666,Female,-3,AB+,Hyderabad,115,189,Yes,Yes
P00667,Patient 667,Male,69,B+,Delhi,90,181,No,
P00668,Patient 668,Male,43,A+,Mumbai,39,145,No,
P00669,Patient 669,male,10,AB+,Chennai,108,154,No,
P00670,Patient 670,Male,52,AB+,Bengaluru,90,160,Yes,
P00671,Patient 671,F,1,A-,Hyderabad,117,186,,
P00672,Patient 672,F,6,A-,Pune,44,162,,No
P00673,Patient 673,M,78,AB+,Chennai,46,158,,Yes
P00674,Patient 674,Female,61,B+,Bengaluru,55,174,No,
P00675,Patient 675,male,38,O-,Delhi,116,149,,
P00676,Patient 676,Male,19,AB+,Kolkata,50,142,,Yes
P00677,Patient 677,female,40,O-,Mumbai,61,187,No,
P00678,Patient 678,Female,66,B-,Kolkata,53,150,No,Yes
P00679,Patient 679,F,15,A+,Hyderabad,58,182,,No
P00680,Patient 680,male,83,A-,Pune,105,144,Yes,Yes
P00681,Patient 681,male,75,B+,Bengaluru,97,161,,Yes
P00682,Patient 682,Male,13,B-,Pune,71,179,No,No
P00683,Patient 683,male,43,B+,Kolkata,113,182,,No
P00684,Patient 684,Male,41,O-,Mumbai,89,150,Yes,
P00685,Patient 685,male,83,B+,Bengaluru,90,157,,No
P00686,Patient 686,male,62,O+,Chennai,94,168,,Yes
P00687,Patient 687,Male,23,O+,Hyderabad,117,178,Yes,
P00688,Patient 688,female,26,A-,Bengaluru,68,186,Yes,Yes
P00689,Patient 689,F,65,AB+,Hyderabad,115,,,Yes
P00690,Patient 690,F,5,AB-,Bengaluru,105,156,Yes,No
P00691,Patient 691,F,51,O+,Mumbai,63,189,No,
P00692,Patient 692,male,66,A+,Bengaluru,46,165,Yes,
P00693,Patient 693,F,88,B+,Chennai,56,188,Yes,Yes
P00694,Patient 694,Female,73,AB-,Pune,107,182,Yes,Yes
P00695,Patient 695,male,63,O-,Mumbai,64,144,Yes,
P00696,Patient 696,male,27,AB+,Chennai,101,190,No,Yes
P00697,Patient 697,Male,6,O+,Hyderabad,,160,,No
P00698,Patient 698,Female,75,AB+,Bengaluru,104,176,No,No
P00699,Patient 699,F,76,O+,Chennai,118,144,Yes,
P00700,Patient 700,M,52,AB-,Kolkata,80,162,Yes,
P00701,Patient 701,Female,18,A-,Kolkata,91,150,,No
P00702,Patient 702,Female,28,O-,Kolkata,54,151,,Yes
P00703,Patient 703,male,,A-,Chennai,64,166,,No
P00704,Patient 704,Female,62,AB+,Delhi,61,177,Yes,Yes
P00705,Patient 705,Female,17,B+,Bengaluru,108,177,,Yes
P00706,Patient 706,Female,74,O+,Mumbai,53,143,,No
P00707,Patient 707,Male,77,O+,Delhi,107,180,Yes,No
P00708,Patient 708,Female,78,B-,Hyderabad,95,170,No,
P00709,Patient 709,Female,19,O+,Mumbai,109,189,,
P00710,Patient 710,F,44,A-,Mumbai,93,178,No,No
P00711,Patient 711,Female,17,AB+,Hyderabad,48,141,Yes,
P00712,Patient 712,F,13,A+,Hyderabad,57,170,,
P00713,Patient 713,female,16,B+,Kolkata,46,170,,Yes
P00714,Patient 714,F,87,AB+,Pune,118,167,Yes,
P00715,Patient 715,M,68,AB+,Pune,89,154,,
P00716,Patient 716,M,90,B+,Pune,108,146,No,Yes
P00717,Patient 717,F,11,AB+,Pune,71,178,Yes,Yes
P00718,Patient 718,Male,1,A+,Chennai,108,173,,Yes
P00719,Patient 719,male,89,A-,Mumbai,75,166,No,
P00720,Patient 720,F,75,AB+,Kolkata,67,156,No,
P00721,Patient 721,Female,36,AB+,Kolkata,85,188,,No
P00722,Patient 722,F,23,AB-,Pune,82,175,No,
P00723,Patient 723,Female,45,A-,Bengaluru,85,187,Yes,No
P00724,Patient 724,Female,90,AB+,Hyderabad,55,146,No,
P00725,Patient 725,M,79,A+,Hyderabad,41,150,Yes,Yes
P00726,Patient 726,Male,61,A-,Pune,111,167,Yes,No
P00727,Patient 727,female,11,AB+,Chennai,112,142,,
P00728,Patient 728,F,67,A+,Hyderabad,71,185,Yes,
P00729,Patient 729,Female,64,O+,Mumbai,91,140,Yes,
P00730,Patient 730,Female,66,B+,Bengaluru,101,184,Yes,No
P00731,Patient 731,Female,31,A-,Pune,118,140,No,No
P00732,Patient 732,F,86,B-,Kolkata,85,165,Yes,
P00733,Patient 733,male,9,O-,Pune,46,175,No,Yes
P00734,Patient 734,M,78,A+,Pune,59,169,Yes,No
P00735,Patient 735,Male,65,O+,Pune,48,175,Yes,
P00736,Patient 736,F,33,O+,Bengaluru,103,190,No,No
P00737,Patient 737,Female,73,O-,Hyderabad,96,189,No,
P00738,Patient 738,M,59,A-,Pune,,141,Yes,No
P00739,Patient 739,female,82,B-,Hyderabad,63,183,No,No
P00740,Patient 740,Male,,O+,Mumbai,101,174,No,Yes
P00741,Patient 741,F,52,B+,Chennai,78,144,No,No
P00742,Patient 742,Female,28,B-,Chennai,108,,,Yes
P00743,Patient 743,Female,31,B-,Mumbai,65,156,Yes,
P00744,Patient 744,Male,46,A-,Delhi,54,189,,
P00745,Patient 745,F,64,A+,Hyderabad,240,140,No,No
P00746,Patient 746,F,80,O+,Chennai,75,171,Yes,
P00747,Patient 747,F,36,B+,Delhi,85,154,,No
P00748,Patient 748,F,62,O-,Chennai,104,142,,Yes
P00749,Patient 749,F,59,AB-,Pune,50,184,,Yes
P00750,Patient 750,F,2,A-,Pune,61,164,No,
P00751,Patient 751,male,34,B-,Pune,58,175,No,
P00752,Patient 752,M,44,AB+,Mumbai,81,151,No,
P00753,Patient 753,male,48,AB-,Mumbai,81,165,,Yes
P00754,Patient 754,female,74,O+,Hyderabad,64,146,Yes,
P00755,Patient 755,Female,56,B+,Chennai,83,152,Yes,Yes
P00756,Patient 756,female,54,O-,Hyderabad,98,148,No,No
P00757,Patient 757,Male,33,AB+,Delhi,106,176,,Yes
P00758,Patient 758,M,8,A-,Chennai,62,156,,No
P00759,Patient 759,F,34,O+,Pune,81,163,Yes,No
P00760,Patient 760,F,16,B-,Kolkata,79,183,,
P00761,Patient 761,male,84,O-,Pune,103,151,,
P00762,Patient 762,M,63,O+,Chennai,92,145,,Yes
P00763,Patient 763,M,22,AB+,Hyderabad,116,161,Yes,Yes
P00764,Patient 764,male,21,O-,Bengaluru,78,154,No,
P00765,Patient 765,M,35,O+,Chennai,112,181,No,
P00766,Patient 766,M,76,B+,Mumbai,101,168,Yes,Yes
P00767,Patient 767,female,31,A-,Mumbai,119,156,Yes,No
P00768,Patient 768,M,14,A+,Delhi,47,144,No,
P00769,Patient 769,F,11,B+,Delhi,48,156,,No
P00770,Patient 770,female,40,O+,Chennai,64,155,,Yes
P00771,Patient 771,Male,17,A+,Bengaluru,102,150,No,No
P00772,Patient 772,male,61,AB-,Mumbai,94,174,,
P00773,Patient 773,M,23,AB+,Kolkata,110,178,,
P00774,Patient 774,M,69,B-,Hyderabad,74,162,Yes,No
P00775,Patient 775,male,40,B+,Pune,81,166,Yes,Yes
P00776,Patient 776,male,67,AB-,Kolkata,52,162,Yes,
P00777,Patient 777,Male,-3,AB+,Hyderabad,96,159,No,
P00778,Patient 778,male,30,B-,Chennai,35,175,,No
P00779,Patient 779,female,51,AB+,Hyderabad,,150,No,Yes
P00780,Patient 780,female,34,B-,Kolkata,45,167,,
P00781,Patient 781,female,88,O+,Chennai,69,158,Yes,Yes
P00782,Patient 782,Male,24,AB-,Kolkata,52,158,No,No
P00783,Patient 783,Female,90,O-,Delhi,114,171,Yes,Yes
P00784,Patient 784,Male,69,O+,Pune,37,151,Yes,
P00785,Patient 785,Male,57,B+,Delhi,36,154,No,Yes
P00786,Patient 786,M,44,O-,Chennai,88,159,,Yes
P00787,Patient 787,Female,43,A+,Pune,45,188,No,Yes
P00788,Patient 788,Female,70,O+,Hyderabad,95,151,No,Yes
P00789,Patient 789,M,16,B-,Bengaluru,66,164,Yes,Yes
P00790,Patient 790,female,59,B-,Chennai,47,173,No,
P00791,Patient 791,female,40,A+,Bengaluru,76,150,,
P00792,Patient 792,female,16,O+,Mumbai,67,170,No,Yes
P00793,Patient 793,Female,86,AB+,Pune,62,147,Yes,Yes
P00794,Patient 794,M,36,B-,Delhi,109,147,Yes,
P00795,Patient 795,F,89,B+,Pune,95,,Yes,Yes
P00796,Patient 796,female,21,O-,Hyderabad,98,145,,Yes
P00797,Patient 797,Female,8,A-,Mumbai,80,181,No,Yes
P00798,Patient 798,female,41,O-,Hyderabad,106,190,No,
P00799,Patient 799,M,25,O-,Bengaluru,37,184,Yes,No
P00800,Patient 800,M,6,O+,Kolkata,97,185,,No
P00801,Patient 801,F,25,O-,Pune,107,151,,No
P00802,Patient 802,Female,36,A-,Kolkata,111,175,Yes,No
P00803,Patient 803,male,38,AB-,Delhi,68,174,,
P00804,Patient 804,F,49,O-,Hyderabad,58,141,,Yes
P00805,Patient 805,F,42,AB+,Mumbai,43,182,,
P00806,Patient 806,F,64,O+,Pune,105,149,No,
P00807,Patient 807,F,42,A-,Delhi,49,146,Yes,Yes
P00808,Patient 808,M,5,B-,Delhi,60,146,Yes,
P00809,Patient 809,M,83,O+,Delhi,84,182,No,Yes
P00810,Patient 810,Female,78,AB-,Hyderabad,44,140,Yes,No
P00811,Patient 811,F,82,AB+,Hyderabad,42,163,No,
P00812,Patient 812,F,8,A+,Bengaluru,113,157,Yes,No
P00813,Patient 813,Male,10,A-,Bengaluru,62,173,Yes,
P00814,Patient 814,F,,B-,Kolkata,59,152,,Yes
P00815,Patient 815,female,72,A-,Hyderabad,106,166,,
P00816,Patient 816,female,46,AB+,Delhi,93,184,Yes,Yes
P00817,Patient 817,male,71,B+,Kolkata,86,172,,No
P00818,Patient 818,male,46,O-,Chennai,75,175,,No
P00819,Patient 819,F,42,B-,Chennai,112,155,,
P00820,Patient 820,M,33,AB+,Delhi,,168,,Yes
P00821,Patient 821,F,37,B+,Pune,111,141,Yes,No
P00822,Patient 822,Male,29,O+,Kolkata,62,160,,
P00823,Patient 823,Male,74,A+,Chennai,108,149,No,Yes
P00824,Patient 824,F,18,B-,Mumbai,68,163,No,No
P00825,Patient 825,F,12,B-,Bengaluru,108,165,Yes,
P00826,Patient 826,M,42,A-,Kolkata,96,151,,No
P00827,Patient 827,Male,5,A+,Hyderabad,108,164,No,No
P00828,Patient 828,Female,56,A+,Bengaluru,88,147,,No
P00829,Patient 829,Male,7,O-,Kolkata,74,173,,Yes
P00830,Patient 830,Female,42,B+,Delhi,99,184,,
P00831,Patient 831,F,51,A-,Mumbai,92,188,No,No
P00832,Patient 832,male,51,A-,Chennai,53,148,,
P00833,Patient 833,male,7,A-,Chennai,105,165,,No
P00834,Patient 834,Female,90,AB-,Kolkata,51,188,Yes,No
P00835,Patient 835,Female,51,B-,Mumbai,118,176,Yes,No
P00836,Patient 836,F,56,A-,Delhi,76,183,,No
P00837,Patient 837,Female,55,O-,Pune,81,162,,
P00838,Patient 838,male,4,AB-,Kolkata,74,150,Yes,No
P00839,Patient 839,female,6,O-,Mumbai,64,152,,Yes
P00840,Patient 840,F,15,B+,Hyderabad,41,155,No,Yes
P00841,Patient 841,M,44,AB-,Delhi,49,159,No,Yes
P00842,Patient 842,F,69,O+,Kolkata,62,153,No,
P00843,Patient 843,M,19,A+,Pune,120,141,Yes,Yes
P00844,Patient 844,female,37,O+,Delhi,60,190,No,
P00845,Patient 845,female,2,O+,Bengaluru,43,164,,No
P00846,Patient 846,female,14,AB+,Mumbai,37,158,No,
P00847,Patient 847,F,13,A-,Mumbai,75,171,Yes,
P00848,Patient 848,Male,59,A+,Mumbai,106,,,No
P00849,Patient 849,female,43,B+,Delhi,97,165,No,
P00850,Patient 850,male,46,B-,Kolkata,80,180,No,Yes
P00851,Patient 851,Male,,O+,Mumbai,67,164,Yes,No
P00852,Patient 852,Male,51,AB+,Kolkata,119,148,,
P00853,Patient 853,Female,81,B+,Chennai,64,166,No,
P00854,Patient 854,Female,43,B-,Bengaluru,92,174,Yes,
P00855,Patient 855,male,70,B+,Chennai,60,148,Yes,
P00856,Patient 856,Male,73,A-,Mumbai,55,160,No,Yes
P00857,Patient 857,M,4,O+,Chennai,75,166,,
P00858,Patient 858,Female,36,A-,Mumbai,54,189,Yes,Yes
P00859,Patient 859,F,79,B-,Kolkata,113,157,Yes,Yes
P00860,Patient 860,Male,88,AB-,Mumbai,38,162,,
P00861,Patient 861,Female,61,AB+,Chennai,,163,No,Yes
P00862,Patient 862,Male,21,AB+,Hyderabad,59,154,Yes,No
P00863,Patient 863,female,53,B-,Hyderabad,63,187,Yes,Yes
P00864,Patient 864,M,23,O-,Hyderabad,91,179,No,Yes
P00865,Patient 865,Male,55,AB+,Bengaluru,86,189,No,No
P00866,Patient 866,F,79,A+,Kolkata,108,178,Yes,No
P00867,Patient 867,F,59,AB+,Bengaluru,40,155,Yes,
P00868,Patient 868,female,50,A+,Mumbai,101,188,No,No
P00869,Patient 869,male,51,AB-,Mumbai,73,189,No,No
P00870,Patient 870,F,79,B+,Chennai,41,184,,No
P00871,Patient 871,Female,12,B+,Chennai,99,147,No,No
P00872,Patient 872,M,58,B-,Chennai,38,151,Yes,No
P00873,Patient 873,Female,42,A-,Delhi,118,185,Yes,
P00874,Patient 874,Male,58,AB+,Bengaluru,116,163,,
P00875,Patient 875,M,21,A+,Hyderabad,83,175,Yes,No
P00876,Patient 876,Female,73,B+,Mumbai,119,149,,Yes
P00877,Patient 877,female,54,AB-,Pune,74,159,,Yes
P00878,Patient 878,Male,16,O+,Delhi,51,152,No,No
P00879,Patient 879,F,64,AB-,Mumbai,104,140,Yes,
P00880,Patient 880,M,85,AB-,Delhi,95,169,,
P00881,Patient 881,male,1,B-,Delhi,66,175,Yes,Yes
P00882,Patient 882,Male,8,B+,Hyderabad,118,162,Yes,
P00883,Patient 883,male,74,A-,Delhi,112,159,Yes,No
P00884,Patient 884,male,23,B+,Chennai,55,183,,
P00885,Patient 885,male,47,O-,Pune,39,145,No,Yes
P00886,Patient 886,male,55,AB-,Mumbai,105,144,Yes,
P00887,Patient 887,M,36,B-,Bengaluru,77,173,Yes,
P00888,Patient 888,female,-3,A-,Chennai,48,176,,
P00889,Patient 889,F,78,O-,Pune,71,167,,
P00890,Patient 890,F,80,AB-,Kolkata,80,148,,
P00891,Patient 891,F,64,B-,Bengaluru,98,151,No,Yes
P00892,Patient 892,M,1,A-,Bengaluru,50,141,Yes,
P00893,Patient 893,male,54,O-,Kolkata,87,142,,Yes
P00894,Patient 894,female,2,O+,Pune,240,152,Yes,No
P00895,Patient 895,male,39,A+,Delhi,99,175,,No
P00896,Patient 896,F,44,A+,Hyderabad,85,186,Yes,Yes
P00897,Patient 897,M,43,AB-,Hyderabad,78,183,Yes,
P00898,Patient 898,female,18,AB-,Hyderabad,96,149,,No
P00899,Patient 899,Male,60,O+,Kolkata,87,187,,
P00900,Patient 900,Male,41,B-,Kolkata,106,174,,No
P00901,Patient 901,male,46,A+,Pune,43,,No,
P00902,Patient 902,F,69,AB+,Mumbai,,176,,Yes
P00903,Patient 903,Male,40,O+,Chennai,75,185,Yes,No
P00904,Patient 904,male,31,B-,Kolkata,82,168,No,Yes
P00905,Patient 905,Male,15,B-,Delhi,82,190,No,
P00906,Patient 906,Female,4,B-,Pune,96,172,No,
P00907,Patient 907,male,68,B+,Hyderabad,74,189,Yes,
P00908,Patient 908,female,87,A+,Chennai,51,153,No,
P00909,Patient 909,male,67,A+,Bengaluru,49,140,,Yes
P00910,Patient 910,Male,43,O+,Delhi,94,142,,No
P00911,Patient 911,Female,82,B-,Pune,61,160,No,
P00912,Patient 912,Male,41,O+,Mumbai,91,182,Yes,No
P00913,Patient 913,F,15,A-,Mumbai,36,179,,No
P00914,Patient 914,Female,71,O+,Kolkata,75,157,Yes,Yes
P00915,Patient 915,male,10,AB-,Delhi,74,179,Yes,Yes
P00916,Patient 916,M,61,A+,Delhi,41,146,No,No
P00917,Patient 917,female,23,AB-,Kolkata,111,177,No,No
P00918,Patient 918,female,43,A-,Hyderabad,60,185,No,
P00919,Patient 919,M,17,A-,Chennai,46,184,No,
P00920,Patient 920,Female,83,B-,Mumbai,94,170,,No
P00921,Patient 921,female,47,O-,Hyderabad,85,151,No,No
P00922,Patient 922,M,63,A-,Pune,38,144,No,No
P00923,Patient 923,male,22,B+,Kolkata,71,189,Yes,No
P00924,Patient 924,female,14,A-,Hyderabad,76,175,No,
P00925,Patient 925,M,,B-,Kolkata,86,177,Yes,
P00926,Patient 926,Male,21,O-,Mumbai,96,164,,
P00927,Patient 927,male,56,B-,Mumbai,90,176,,
P00928,Patient 928,Male,10,AB-,Pune,108,171,,Yes
P00929,Patient 929,M,57,A-,Kolkata,57,159,Yes,
P00930,Patient 930,M,77,A+,Delhi,83,160,Yes,Yes
P00931,Patient 931,Female,75,B+,Chennai,116,140,,No
P00932,Patient 932,M,50,B-,Mumbai,113,176,,No
P00933,Patient 933,female,39,O+,Chennai,107,190,,No
P00934,Patient 934,F,12,AB+,Hyderabad,109,140,Yes,No
P00935,Patient 935,Male,8,A+,Bengaluru,82,175,,No
P00936,Patient 936,Female,15,AB+,Bengaluru,71,141,,No
P00937,Patient 937,M,81,AB+,Chennai,75,185,No,
P00938,Patient 938,M,28,B+,Mumbai,119,151,,No
P00939,Patient 939,male,47,B+,Mumbai,88,149,Yes,Yes
P00940,Patient 940,female,83,AB-,Bengaluru,37,149,No,Yes
P00941,Patient 941,M,11,AB-,Hyderabad,52,181,,
P00942,Patient 942,M,55,AB+,Kolkata,114,151,No,No
P00943,Patient 943,M,46,A+,Kolkata,,151,No,
P00944,Patient 944,M,31,O-,Delhi,99,157,Yes,
P00945,Patient 945,F,62,AB-,Bengaluru,82,147,Yes,Yes
P00946,Patient 946,F,68,A-,Kolkata,70,169,,Yes
P00947,Patient 947,female,32,A-,Bengaluru,95,180,,
P00948,Patient 948,Male,75,O-,Kolkata,74,179,Yes,No
P00949,Patient 949,F,59,O-,Chennai,100,170,No,No
P00950,Patient 950,female,38,O+,Bengaluru,56,142,,No
P00951,Patient 951,F,8,B+,Kolkata,115,170,Yes,
P00952,Patient 952,male,38,AB-,Delhi,114,141,Yes,
P00953,Patient 953,Female,10,O+,Pune,70,156,No,Yes
P00954,Patient 954,F,15,B+,Bengaluru,112,,No,No
P00955,Patient 955,female,23,B-,Chennai,68,190,Yes,
P00956,Patient 956,Female,5,B+,Hyderabad,78,145,No,No
P00957,Patient 957,M,50,B+,Mumbai,65,182,,
P00958,Patient 958,male,45,A-,Delhi,41,181,Yes,No
P00959,Patient 959,M,52,B-,Chennai,95,159,,
P00960,Patient 960,Female,50,AB+,Delhi,95,156,No,No
P00961,Patient 961,female,49,A+,Delhi,75,173,,
P00962,Patient 962,female,,O+,Pune,90,179,No,No
P00963,Patient 963,F,13,AB+,Chennai,67,181,,
P00964,Patient 964,Female,31,O-,Bengaluru,110,189,,Yes
P00965,Patient 965,female,41,A+,Hyderabad,105,140,Yes,Yes
P00966,Patient 966,Male,53,AB-,Pune,47,173,Yes,
P00967,Patient 967,Male,37,A+,Kolkata,67,152,Yes,Yes
P00968,Patient 968,F,77,A-,Bengaluru,119,153,Yes,Yes
P00969,Patient 969,female,78,B+,Delhi,51,164,,Yes
P00970,Patient 970,female,33,A-,Bengaluru,72,169,No,No
P00971,Patient 971,male,55,O+,Mumbai,120,189,Yes,No
P00972,Patient 972,male,8,A+,Pune,83,164,No,Yes
P00973,Patient 973,Female,57,AB+,Mumbai,43,171,,No
P00974,Patient 974,M,14,B-,Kolkata,53,174,,Yes
P00975,Patient 975,Male,57,A-,Delhi,68,146,,
P00976,Patient 976,M,33,B+,Bengaluru,92,141,,Yes
P00977,Patient 977,male,5,B+,Bengaluru,120,164,No,No
P00978,Patient 978,female,74,AB-,Chennai,35,172,No,No
P00979,Patient 979,Male,9,AB+,Bengaluru,104,154,No,Yes
P00980,Patient 980,male,73,O+,Chennai,103,162,Yes,
P00981,Patient 981,F,83,O-,Delhi,46,163,No,No
P00982,Patient 982,F,83,A+,Chennai,60,151,,Yes
P00983,Patient 983,female,39,O-,Chennai,84,146,Yes,
P00984,Patient 984,Male,57,B-,Delhi,,148,,
P00985,Patient 985,Male,31,O+,Chennai,97,164,,No
P00986,Patient 986,Male,3,O-,Hyderabad,39,161,,Yes
P00987,Patient 987,female,52,AB-,Bengaluru,50,153,,Yes
P00988,Patient 988,Male,75,B+,Chennai,64,144,,Yes
P00989,Patient 989,Female,61,B+,Delhi,114,142,Yes,
P00990,Patient 990,Male,7,AB-,Kolkata,74,190,Yes,
P00991,Patient 991,M,9,B-,Delhi,48,147,Yes,No
P00992,Patient 992,Male,44,B+,Pune,86,160,Yes,Yes
P00993,Patient 993,Male,76,A-,Pune,57,161,Yes,No
P00994,Patient 994,Female,22,AB-,Mumbai,82,175,,Yes
P00995,Patient 995,female,18,AB+,Hyderabad,47,190,Yes,Yes
P00996,Patient 996,Male,63,B+,Delhi,45,140,,
P00997,Patient 997,female,76,AB-,Bengaluru,71,166,Yes,Yes
P00998,Patient 998,F,19,AB-,Chennai,116,157,Yes,Yes
P00999,Patient 999,Female,-3,AB-,Kolkata,39,178,Yes,
P01000,Patient 1000,Male,39,B-,Mumbai,79,166,Yes,
P01001,Patient 1001,F,13,B-,Chennai,114,163,,
P01002,Patient 1002,Female,27,A-,Hyderabad,70,143,Yes,
P01003,Patient 1003,Female,61,A+,Delhi,98,151,,No
P01004,Patient 1004,male,37,O-,Kolkata,61,167,No,Yes
P01005,Patient 1005,Female,14,B+,Hyderabad,41,174,Yes,No
P01006,Patient 1006,Female,66,AB-,Kolkata,49,144,,No
P01007,Patient 1007,female,54,O-,Mumbai,60,,Yes,No
P01008,Patient 1008,female,30,AB+,Hyderabad,47,155,Yes,No
P01009,Patient 1009,F,29,AB-,Delhi,44,170,No,Yes
P01010,Patient 1010,Female,28,AB+,Pune,113,169,Yes,No
P01011,Patient 1011,male,25,B-,Pune,115,162,Yes,Yes
P01012,Patient 1012,male,89,B+,Delhi,107,143,No,No
P01013,Patient 1013,male,54,B-,Pune,56,188,,Yes
P01014,Patient 1014,F,82,B-,Delhi,113,150,No,
P01015,Patient 1015,M,63,AB-,Pune,62,177,Yes,
P01016,Patient 1016,male,55,AB+,Kolkata,66,155,Yes,
P01017,Patient 1017,M,20,A+,Delhi,108,140,No,
P01018,Patient 1018,F,65,AB+,Chennai,39,167,,Yes
P01019,Patient 1019,Male,58,A+,Bengaluru,98,155,,No
P01020,Patient 1020,male,28,B-,Bengaluru,51,162,Yes,Yes
P01021,Patient 1021,Female,62,AB-,Hyderabad,120,159,,
P01022,Patient 1022,M,75,B+,Hyderabad,38,169,,No
P01023,Patient 1023,M,24,A+,Hyderabad,82,180,,Yes
P01024,Patient 1024,Male,50,O+,Chennai,77,173,No,
P01025,Patient 1025,Female,79,A-,Kolkata,,176,No,
P01026,Patient 1026,male,8,A+,Delhi,100,183,No,No
P01027,Patient 1027,male,60,O-,Mumbai,114,142,,
P01028,Patient 1028,Female,9,B+,Pune,106,185,Yes,
P01029,Patient 1029,female,15,B-,Hyderabad,118,170,,Yes
P01030,Patient 1030,F,42,AB+,Pune,80,157,Yes,Yes
P01031,Patient 1031,M,48,A-,Chennai,79,168,,
P01032,Patient 1032,M,87,O-,Hyderabad,103,158,,
P01033,Patient 1033,Male,9,A-,Chennai,59,169,Yes,No
P01034,Patient 1034,male,10,A-,Bengaluru,48,150,Yes,No
P01035,Patient 1035,female,20,A+,Pune,61,173,No,
P01036,Patient 1036,male,,AB+,Chennai,51,170,,
P01037,Patient 1037,Male,3,A+,Hyderabad,72,152,Yes,
P01038,Patient 1038,F,83,O-,Bengaluru,77,166,,No
P01039,Patient 1039,female,63,AB-,Chennai,110,182,No,
P01040,Patient 1040,male,17,B-,Chennai,74,150,No,No
P01041,Patient 1041,male,7,AB-,Mumbai,53,162,,Yes
P01042,Patient 1042,Female,69,B+,Mumbai,71,151,Yes,Yes
P01043,Patient 1043,Female,6,AB-,Pune,240,176,No,Yes
P01044,Patient 1044,Male,27,O-,Pune,106,185,Yes,No
P01045,Patient 1045,F,58,O+,Delhi,104,150,Yes,No
P01046,Patient 1046,male,64,B+,Delhi,53,169,,
P01047,Patient 1047,female,65,O+,Chennai,77,181,No,
P01048,Patient 1048,female,86,AB-,Pune,53,176,,Yes
P01049,Patient 1049,female,62,A-,Pune,40,148,Yes,No
P01050,Patient 1050,male,80,A-,Pune,63,168,Yes,
P01051,Patient 1051,F,83,B-,Hyderabad,59,177,No,Yes
P01052,Patient 1052,M,3,A-,Kolkata,45,174,No,Yes
P01053,Patient 1053,F,63,A+,Bengaluru,75,178,No,No
P01054,Patient 1054,M,19,O-,Delhi,89,163,No,No
P01055,Patient 1055,F,45,A-,Mumbai,74,168,,No
P01056,Patient 1056,Female,54,AB+,Bengaluru,91,158,No,Yes
P01057,Patient 1057,Female,76,B-,Pune,111,145,No,
P01058,Patient 1058,M,43,A-,Delhi,43,177,No,
P01059,Patient 1059,F,35,AB-,Bengaluru,88,151,,Yes
P01060,Patient 1060,male,26,AB-,Delhi,58,,No,
P01061,Patient 1061,female,39,AB-,Mumbai,98,175,Yes,Yes
P01062,Patient 1062,female,20,AB-,Delhi,68,159,,
P01063,Patient 1063,M,37,B-,Delhi,88,151,Yes,No
P01064,Patient 1064,female,64,O-,Kolkata,43,178,No,
P01065,Patient 1065,female,56,AB-,Bengaluru,68,180,Yes,No
P01066,Patient 1066,male,66,B+,Kolkata,,141,Yes,Yes
P01067,Patient 1067,Female,41,O-,Mumbai,94,184,Yes,No
P01068,Patient 1068,male,47,A+,Pune,88,180,No,
P01069,Patient 1069,Female,82,B+,Hyderabad,44,172,Yes,
P01070,Patient 1070,male,22,O+,Pune,104,160,,
P01071,Patient 1071,F,89,O-,Hyderabad,81,146,Yes,Yes
P01072,Patient 1072,male,18,AB-,Chennai,101,158,No,Yes
P01073,Patient 1073,F,,B-,Hyderabad,62,149,Yes,
P01074,Patient 1074,female,79,A-,Chennai,102,174,No,Yes
P01075,Patient 1075,M,15,O-,Pune,51,141,,No
P01076,Patient 1076,F,18,O-,Mumbai,91,178,,No
P01077,Patient 1077,Female,4,B+,Bengaluru,50,154,Yes,No
P01078,Patient 1078,Male,17,AB+,Bengaluru,61,148,Yes,Yes
P01079,Patient 1079,M,3,A+,Mumbai,96,188,Yes,Yes
P01080,Patient 1080,Male,85,AB-,Delhi,100,177,No,Yes
P01081,Patient 1081,Male,9,A-,Hyderabad,73,182,Yes,
P01082,Patient 1082,Female,27,O-,Delhi,110,152,Yes,Yes
P01083,Patient 1083,male,36,B+,Hyderabad,109,162,,
P01084,Patient 1084,F,79,A-,Delhi,65,172,,Yes
P01085,Patient 1085,Female,68,O+,Mumbai,62,185,,Yes
P01086,Patient 1086,female,13,AB-,Pune,62,172,,
P01087,Patient 1087,Male,24,B+,Hyderabad,91,183,No,No
P01088,Patient 1088,Female,55,AB+,Delhi,62,172,No,Yes
P01089,Patient 1089,Female,60,AB-,Hyderabad,49,173,No,
P01090,Patient 1090,Male,37,A-,Pune,106,186,No,Yes
P01091,Patient 1091,F,50,O+,Bengaluru,71,169,No,Yes
P01092,Patient 1092,M,71,B-,Hyderabad,87,158,Yes,No
P01093,Patient 1093,Male,87,AB-,Bengaluru,82,151,Yes,No
P01094,Patient 1094,female,57,A-,Delhi,101,182,Yes,No
P01095,Patient 1095,female,52,B+,Delhi,110,146,No,Yes
P01096,Patient 1096,M,44,A-,Mumbai,60,178,No,
P01097,Patient 1097,female,64,O+,Hyderabad,70,188,,No
P01098,Patient 1098,F,46,AB+,Chennai,95,182,,No
P01099,Patient 1099,Male,19,O+,Chennai,93,146,No,Yes
P01100,Patient 1100,Male,81,A+,Hyderabad,52,141,Yes,No
P01101,Patient 1101,M,87,O-,Mumbai,38,151,No,
P01102,Patient 1102,Male,80,AB-,Hyderabad,47,188,No,Yes
P01103,Patient 1103,M,38,O+,Kolkata,119,171,No,
P01104,Patient 1104,Male,70,AB+,Delhi,37,188,No,No
P01105,Patient 1105,M,41,A+,Delhi,83,168,Yes,
P01106,Patient 1106,Female,85,AB-,Chennai,73,185,Yes,No
P01107,Patient 1107,Male,50,AB-,Bengaluru,,188,,
P01108,Patient 1108,M,70,B+,Kolkata,108,170,Yes,No
P01109,Patient 1109,M,34,O-,Hyderabad,98,177,No,No
P01110,Patient 1110,Male,-3,B+,Hyderabad,38,177,No,No
P01111,Patient 1111,female,75,O-,Chennai,38,188,Yes,No
P01112,Patient 1112,male,45,A+,Bengaluru,80,166,Yes,Yes
P01113,Patient 1113,F,31,A-,Bengaluru,117,,Yes,No
P01114,Patient 1114,Male,15,O-,Delhi,78,150,No,
P01115,Patient 1115,M,55,O+,Delhi,107,172,,No
P01116,Patient 1116,M,76,AB+,Pune,37,160,,Yes
P01117,Patient 1117,female,63,B-,Pune,47,184,No,
P01118,Patient 1118,F,86,O+,Pune,78,150,No,Yes
P01119,Patient 1119,Male,64,B-,Pune,116,190,No,Yes
P01120,Patient 1120,Female,39,A-,Bengaluru,108,165,,Yes
P01121,Patient 1121,Male,76,AB-,Chennai,78,157,Yes,No
P01122,Patient 1122,F,10,O+,Chennai,118,159,,
P01123,Patient 1123,M,41,O+,Kolkata,60,166,,No
P01124,Patient 1124,Male,86,B+,Kolkata,105,151,No,Yes
P01125,Patient 1125,female,85,AB+,Kolkata,94,157,,
P01126,Patient 1126,male,8,AB-,Mumbai,101,152,Yes,Yes
P01127,Patient 1127,M,88,O-,Hyderabad,73,167,Yes,
P01128,Patient 1128,male,27,B+,Pune,87,157,,
P01129,Patient 1129,Male,31,B+,Mumbai,86,155,Yes,Yes
P01130,Patient 1130,F,40,AB+,Chennai,94,171,,Yes
P01131,Patient 1131,Female,26,A+,Pune,55,157,No,
P01132,Patient 1132,Male,71,AB-,Hyderabad,57,181,Yes,Yes
P01133,Patient 1133,male,11,A-,Chennai,75,178,No,
P01134,Patient 1134,female,85,B+,Mumbai,46,165,Yes,
P01135,Patient 1135,female,65,O+,Chennai,50,173,Yes,Yes
P01136,Patient 1136,male,77,O-,Hyderabad,50,189,,
P01137,Patient 1137,Female,50,B+,Delhi,65,167,Yes,Yes
P01138,Patient 1138,male,36,A+,Chennai,91,166,,No
P01139,Patient 1139,F,90,AB+,Chennai,49,160,,Yes
P01140,Patient 1140,M,36,O-,Hyderabad,53,163,No,Yes
P01141,Patient 1141,female,83,A+,Bengaluru,112,142,,Yes
P01142,Patient 1142,male,33,O-,Hyderabad,105,164,,Yes
P01143,Patient 1143,M,69,A+,Chennai,65,168,No,No
P01144,Patient 1144,Female,12,B+,Chennai,65,159,,No
P01145,Patient 1145,Male,83,O+,Hyderabad,87,190,Yes,No
P01146,Patient 1146,female,61,AB+,Hyderabad,87,161,Yes,Yes
P01147,Patient 1147,Male,,O-,Chennai,68,172,,
P01148,Patient 1148,female,71,A+,Hyderabad,,169,Yes,
P01149,Patient 1149,M,83,B+,Delhi,58,180,No,Yes
P01150,Patient 1150,F,81,A-,Delhi,74,160,Yes,Yes
P01151,Patient 1151,Female,67,AB+,Hyderabad,118,188,No,No
P01152,Patient 1152,Female,62,O-,Hyderabad,52,156,No,Yes
P01153,Patient 1153,Female,11,AB+,Chennai,88,163,,Yes
P01154,Patient 1154,female,3,B-,Delhi,37,175,No,Yes
P01155,Patient 1155,M,34,AB+,Kolkata,56,143,No,Yes
P01156,Patient 1156,F,12,A-,Delhi,82,150,,
P01157,Patient 1157,M,56,A-,Mumbai,93,183,,Yes
P01158,Patient 1158,female,25,AB-,Chennai,69,158,Yes,No
P01159,Patient 1159,male,27,B-,Chennai,111,153,Yes,No
P01160,Patient 1160,male,19,B-,Kolkata,38,158,No,Yes
P01161,Patient 1161,female,48,AB-,Delhi,109,183,Yes,No
P01162,Patient 1162,M,18,B-,Bengaluru,76,184,No,
P01163,Patient 1163,Male,55,A-,Kolkata,111,156,Yes,Yes
P01164,Patient 1164,male,43,A+,Delhi,65,170,No,
P01165,Patient 1165,M,80,O-,Mumbai,83,159,,Yes
P01166,Patient 1166,Female,75,AB-,Pune,57,,No,Yes
P01167,Patient 1167,F,12,AB+,Mumbai,75,185,No,Yes
P01168,Patient 1168,M,41,O+,Bengaluru,40,148,No,No
P01169,Patient 1169,male,37,O-,Chennai,68,179,Yes,No
P01170,Patient 1170,female,63,AB-,Delhi,54,175,Yes,Yes
P01171,Patient 1171,Male,7,AB-,Pune,64,151,Yes,
P01172,Patient 1172,M,60,A+,Chennai,90,147,No,
P01173,Patient 1173,M,72,A-,Hyderabad,97,169,,Yes
P01174,Patient 1174,Female,16,O+,Mumbai,79,145,Yes,
P01175,Patient 1175,female,66,B-,Kolkata,69,176,Yes,
P01176,Patient 1176,Male,74,B-,Hyderabad,58,166,No,
P01177,Patient 1177,male,13,A-,Chennai,77,141,No,
P01178,Patient 1178,Male,14,A-,Chennai,76,149,,
P01179,Patient 1179,male,62,A+,Pune,93,180,Yes,
P01180,Patient 1180,female,80,B+,Mumbai,92,160,Yes,
P01181,Patient 1181,female,37,A-,Kolkata,76,143,,No
P01182,Patient 1182,Female,12,B-,Hyderabad,86,156,No,Yes
P01183,Patient 1183,M,3,AB+,Pune,61,150,,
P01184,Patient 1184,M,,AB+,Bengaluru,50,159,No,
P01185,Patient 1185,female,78,A-,Hyderabad,51,162,No,
P01186,Patient 1186,M,26,AB-,Pune,97,168,,
P01187,Patient 1187,M,55,O-,Kolkata,46,188,Yes,No
P01188,Patient 1188,Male,81,O-,Chennai,89,145,,Yes
P01189,Patient 1189,F,83,A-,Pune,,171,No,No
P01190,Patient 1190,Female,11,B+,Bengaluru,96,159,No,Yes
P01191,Patient 1191,F,67,A+,Kolkata,89,158,Yes,Yes
P01192,Patient 1192,M,66,AB+,Delhi,240,172,No,
P01193,Patient 1193,male,73,A-,Hyderabad,67,162,,Yes
P01194,Patient 1194,Female,15,B+,Hyderabad,119,169,No,Yes
P01195,Patient 1195,male,11,O-,Kolkata,88,185,,No
P01196,Patient 1196,male,86,O-,Hyderabad,92,179,Yes,Yes
P01197,Patient 1197,F,24,O+,Hyderabad,45,187,,Yes
P01198,Patient 1198,Male,56,AB+,Delhi,103,141,Yes,Yes
P01199,Patient 1199,female,84,AB+,Hyderabad,96,169,,
P01200,Patient 1200,F,78,O-,Bengaluru,97,159,,
P01201,Patient 1201,Male,87,B+,Mumbai,85,159,Yes,Yes
P01202,Patient 1202,Female,15,A+,Mumbai,37,184,No,
P01203,Patient 1203,M,19,B-,Delhi,118,155,No,No
P01204,Patient 1204,Male,19,A-,Mumbai,95,167,Yes,
P01205,Patient 1205,M,90,A+,Hyderabad,91,171,No,
P01206,Patient 1206,F,32,AB+,Delhi,60,158,No,Yes
P01207,Patient 1207,M,14,AB+,Hyderabad,115,185,No,
P01208,Patient 1208,F,75,O+,Delhi,111,186,No,No
P01209,Patient 1209,female,63,AB-,Mumbai,100,177,,Yes
P01210,Patient 1210,F,68,O-,Kolkata,37,167,Yes,No
P01211,Patient 1211,Male,83,AB-,Kolkata,88,170,,No
P01212,Patient 1212,Female,58,O+,Bengaluru,90,141,Yes,No
P01213,Patient 1213,F,45,B-,Kolkata,91,154,,No
P01214,Patient 1214,Female,78,O+,Bengaluru,119,169,,No
P01215,Patient 1215,male,54,AB-,Hyderabad,118,187,Yes,
P01216,Patient 1216,female,27,A-,Bengaluru,71,184,No,Yes
P01217,Patient 1217,F,23,AB-,Delhi,60,150,No,No
P01218,Patient 1218,F,39,A+,Delhi,65,153,No,No
P01219,Patient 1219,F,46,A+,Hyderabad,55,,Yes,No
P01220,Patient 1220,Female,56,A-,Kolkata,49,179,Yes,No
P01221,Patient 1221,male,-3,A+,Hyderabad,78,190,,No
P01222,Patient 1222,female,20,A-,Bengaluru,100,178,Yes,No
P01223,Patient 1223,F,59,A-,Hyderabad,49,146,,Yes
P01224,Patient 1224,female,65,A-,Hyderabad,48,150,Yes,No
P01225,Patient 1225,M,21,AB-,Bengaluru,72,185,Yes,Yes
P01226,Patient 1226,Female,83,A-,Hyderabad,81,161,Yes,No
P01227,Patient 1227,M,54,O-,Pune,35,155,,Yes
P01228,Patient 1228,female,11,AB+,Pune,69,163,,
P01229,Patient 1229,F,32,AB+,Hyderabad,54,188,Yes,Yes
P01230,Patient 1230,M,55,O-,Delhi,,166,No,Yes
P01231,Patient 1231,Male,2,O-,Pune,101,144,No,Yes
P01232,Patient 1232,Male,56,B+,Kolkata,42,165,Yes,
P01233,Patient 1233,M,85,AB+,Bengaluru,101,158,,
P01234,Patient 1234,Male,39,O+,Kolkata,75,162,,Yes
P01235,Patient 1235,female,90,B-,Kolkata,86,168,,
P01236,Patient 1236,male,84,AB+,Hyderabad,91,184,Yes,No
P01237,Patient 1237,male,11,AB+,Bengaluru,39,174,,
P01238,Patient 1238,male,17,B-,Delhi,101,174,,
P01239,Patient 1239,female,40,B+,Delhi,101,161,Yes,
P01240,Patient 1240,male,76,AB+,Kolkata,68,155,Yes,
P01241,Patient 1241,female,8,O-,Delhi,82,156,Yes,
P01242,Patient 1242,F,16,A+,Chennai,92,159,No,Yes
P01243,Patient 1243,female,75,B-,Pune,107,185,No,No
P01244,Patient 1244,Female,86,AB+,Kolkata,108,183,,Yes
P01245,Patient 1245,F,14,B-,Hyderabad,76,173,No,No
P01246,Patient 1246,M,13,AB+,Delhi,53,185,Yes,Yes
P01247,Patient 1247,Female,55,AB-,Delhi,51,170,No,
P01248,Patient 1248,F,68,AB+,Hyderabad,86,177,No,
P01249,Patient 1249,M,64,AB-,Bengaluru,116,167,No,Yes
P01250,Patient 1250,M,19,AB-,Mumbai,99,148,,
P01251,Patient 1251,Female,68,AB-,Chennai,50,184,Yes,
P01252,Patient 1252,Male,21,AB+,Delhi,106,163,Yes,No
P01253,Patient 1253,F,74,B+,Delhi,72,142,No,No
P01254,Patient 1254,M,48,A+,Hyderabad,73,158,Yes,Yes
P01255,Patient 1255,male,76,O+,Mumbai,88,143,Yes,
P01256,Patient 1256,F,63,O-,Delhi,35,147,Yes,No
P01257,Patient 1257,F,62,AB-,Pune,108,159,No,No
P01258,Patient 1258,Female,,AB-,Hyderabad,51,188,No,
P01259,Patient 1259,male,58,A-,Hyderabad,54,186,,
P01260,Patient 1260,Female,80,AB+,Pune,87,164,,Yes
P01261,Patient 1261,male,86,A-,Hyderabad,91,187,Yes,
P01262,Patient 1262,female,4,O+,Kolkata,108,180,,Yes
P01263,Patient 1263,Female,83,A+,Kolkata,106,145,,Yes
P01264,Patient 1264,Male,61,B+,Delhi,99,141,No,Yes
P01265,Patient 1265,Male,32,O-,Chennai,109,168,,Yes
P01266,Patient 1266,M,63,B+,Chennai,37,161,Yes,
P01267,Patient 1267,Male,41,A-,Delhi,83,156,,Yes
P01268,Patient 1268,male,37,A-,Mumbai,53,151,No,No
P01269,Patient 1269,F,87,O-,Mumbai,56,143,Yes,
P01270,Patient 1270,Male,8,O-,Mumbai,73,164,No,No
P01271,Patient 1271,Male,34,B-,Mumbai,,147,,
P01272,Patient 1272,F,31,AB+,Delhi,98,,No,Yes
P01273,Patient 1273,M,41,A-,Chennai,94,175,Yes,No
P01274,Patient 1274,male,82,A-,Mumbai,64,141,,
P01275,Patient 1275,M,17,AB-,Delhi,73,176,,
P01276,Patient 1276,F,27,B+,Hyderabad,53,163,Yes,
P01277,Patient 1277,Male,55,A+,Hyderabad,106,168,No,
P01278,Patient 1278,Male,38,A+,Chennai,118,150,No,
P01279,Patient 1279,female,33,B-,Kolkata,83,162,,No
P01280,Patient 1280,F,6,A-,Pune,55,187,Yes,No
P01281,Patient 1281,female,90,O+,Chennai,50,148,Yes,
P01282,Patient 1282,male,65,O+,Hyderabad,75,183,,No
P01283,Patient 1283,male,35,O-,Mumbai,66,182,No,
P01284,Patient 1284,Female,43,A+,Kolkata,37,184,No,Yes
P01285,Patient 1285,F,2,AB-,Hyderabad,57,166,No,
P01286,Patient 1286,Male,11,A+,Hyderabad,118,181,,No
P01287,Patient 1287,M,87,O-,Chennai,50,162,Yes,
P01288,Patient 1288,male,2,B-,Chennai,50,169,Yes,Yes
P01289,Patient 1289,female,3,O-,Mumbai,70,183,Yes,
P01290,Patient 1290,Female,81,B-,Chennai,73,185,No,Yes
P01291,Patient 1291,female,36,B-,Delhi,98,185,Yes,
P01292,Patient 1292,F,51,AB-,Mumbai,49,157,,Yes
P01293,Patient 1293,female,85,B+,Delhi,107,183,,Yes
P01294,Patient 1294,F,9,B-,Kolkata,51,156,,No
P01295,Patient 1295,female,,O+,Bengaluru,37,184,,No
P01296,Patient 1296,female,1,A+,Hyderabad,89,181,No,No
P01297,Patient 1297,female,53,AB-,Chennai,70,147,No,
P01298,Patient 1298,male,6,AB+,Kolkata,63,143,No,No
P01299,Patient 1299,male,1,A-,Kolkata,85,152,Yes,
P01300,Patient 1300,Female,29,B-,Mumbai,89,144,No,No
P01301,Patient 1301,Male,9,A+,Chennai,115,180,No,Yes
P01302,Patient 1302,male,76,B-,Delhi,115,161,No,Yes
P01303,Patient 1303,F,44,B-,Delhi,41,161,,
P01304,Patient 1304,M,57,A-,Delhi,47,180,Yes,Yes
P01305,Patient 1305,Male,49,B+,Delhi,75,184,No,Yes
P01306,Patient 1306,M,39,A-,Delhi,113,180,,Yes
P01307,Patient 1307,M,72,AB+,Delhi,41,158,,No
P01308,Patient 1308,female,30,A+,Chennai,111,190,No,No
P01309,Patient 1309,Male,55,O-,Bengaluru,114,179,,Yes
P01310,Patient 1310,F,59,B-,Delhi,101,161,Yes,Yes
P01311,Patient 1311,Female,77,B+,Bengaluru,43,177,,No
P01312,Patient 1312,female,46,AB-,Mumbai,,170,Yes,Yes
P01313,Patient 1313,male,6,AB+,Kolkata,42,148,,No
P01314,Patient 1314,Female,40,B+,Chennai,109,174,No,
P01315,Patient 1315,Male,44,B+,Delhi,72,163,Yes,
P01316,Patient 1316,male,72,B-,Mumbai,41,167,,Yes
P01317,Patient 1317,female,9,AB-,Bengaluru,78,152,,No
P01318,Patient 1318,F,77,O-,Kolkata,77,177,No,No
P01319,Patient 1319,M,43,A+,Chennai,55,146,Yes,Yes
P01320,Patient 1320,Female,82,AB-,Kolkata,63,184,Yes,Yes
P01321,Patient 1321,M,62,B-,Chennai,77,187,Yes,Yes
P01322,Patient 1322,male,47,A+,Kolkata,36,144,Yes,Yes
P01323,Patient 1323,female,38,O-,Delhi,91,152,Yes,Yes
P01324,Patient 1324,Female,26,O+,Bengaluru,71,151,Yes,No
P01325,Patient 1325,Female,71,A+,Mumbai,66,,No,Yes
P01326,Patient 1326,female,3,A-,Pune,52,164,Yes,No
P01327,Patient 1327,male,59,B+,Kolkata,65,163,,No
P01328,Patient 1328,Female,9,B-,Mumbai,50,149,,No
P01329,Patient 1329,F,89,AB+,Bengaluru,82,160,Yes,Yes
P01330,Patient 1330,F,79,O+,Hyderabad,110,152,Yes,No
P01331,Patient 1331,male,32,B+,Hyderabad,41,180,,
P01332,Patient 1332,Male,-3,AB-,Hyderabad,61,186,,
P01333,Patient 1333,M,9,O-,Chennai,56,172,,No
P01334,Patient 1334,male,23,AB-,Bengaluru,76,185,No,No
P01335,Patient 1335,female,35,A+,Mumbai,109,165,Yes,Yes
P01336,Patient 1336,Female,58,O+,Chennai,65,165,No,
P01337,Patient 1337,F,21,A-,Mumbai,82,156,Yes,No
P01338,Patient 1338,Female,57,A+,Chennai,101,162,,
P01339,Patient 1339,M,44,AB+,Chennai,89,168,No,No
P01340,Patient 1340,Male,41,B+,Chennai,69,164,Yes,No
P01341,Patient 1341,Male,83,O+,Hyderabad,240,162,,
P01342,Patient 1342,male,70,B-,Delhi,117,145,Yes,Yes
P01343,Patient 1343,Female,47,O-,Mumbai,39,174,,No
P01344,Patient 1344,female,33,O+,Mumbai,73,187,,
P01345,Patient 1345,Male,18,O+,Pune,104,156,No,No
P01346,Patient 1346,female,52,A+,Chennai,109,188,,
P01347,Patient 1347,Female,20,B-,Chennai,85,154,Yes,
P01348,Patient 1348,M,76,AB-,Pune,105,188,Yes,No
P01349,Patient 1349,female,25,AB+,Mumbai,89,189,No,No
P01350,Patient 1350,Female,72,B+,Pune,38,163,,Yes
P01351,Patient 1351,male,64,B-,Chennai,119,162,No,
P01352,Patient 1352,male,52,A+,Kolkata,103,159,Yes,Yes
P01353,Patient 1353,female,20,AB+,Chennai,,176,Yes,No
P01354,Patient 1354,Female,9,AB-,Delhi,103,164,No,
P01355,Patient 1355,Male,58,B+,Delhi,116,159,,
P01356,Patient 1356,F,23,AB-,Delhi,39,184,Yes,Yes
P01357,Patient 1357,Female,9,B-,Pune,84,158,,
P01358,Patient 1358,male,9,A+,Mumbai,93,143,No,No
P01359,Patient 1359,Female,51,AB+,Chennai,55,147,,Yes
P01360,Patient 1360,Female,50,O+,Chennai,61,148,,
P01361,Patient 1361,F,61,O+,Kolkata,55,178,Yes,
P01362,Patient 1362,Female,88,A+,Mumbai,93,157,No,Yes
P01363,Patient 1363,F,52,O-,Kolkata,112,155,No,No
P01364,Patient 1364,female,60,A-,Pune,108,142,,No
P01365,Patient 1365,F,45,B+,Chennai,73,165,Yes,Yes
P01366,Patient 1366,M,80,B+,Bengaluru,90,169,,Yes
P01367,Patient 1367,Female,51,O+,Bengaluru,40,155,,No
P01368,Patient 1368,female,86,B-,Chennai,43,184,No,
P01369,Patient 1369,Male,,O-,Chennai,82,144,No,Yes
P01370,Patient 1370,Male,33,AB-,Delhi,61,172,Yes,
P01371,Patient 1371,male,89,AB+,Hyderabad,94,164,Yes,No
P01372,Patient 1372,Male,5,B+,Pune,36,156,,
P01373,Patient 1373,Male,60,A-,Kolkata,97,169,,Yes
P01374,Patient 1374,male,57,B+,Mumbai,52,170,Yes,
P01375,Patient 1375,Male,13,AB+,Mumbai,57,158,Yes,
P01376,Patient 1376,M,2,O-,Mumbai,69,149,Yes,
P01377,Patient 1377,M,5,A+,Hyderabad,103,153,,
P01378,Patient 1378,female,83,A-,Chennai,119,,,No
P01379,Patient 1379,Male,57,A+,Hyderabad,41,178,No,Yes
P01380,Patient 1380,Female,32,A-,Delhi,82,155,No,Yes
P01381,Patient 1381,female,2,A-,Mumbai,78,152,Yes,
P01382,Patient 1382,M,22,A-,Hyderabad,56,142,No,No
P01383,Patient 1383,F,72,B-,Kolkata,115,152,No,No
P01384,Patient 1384,Male,16,O-,Pune,64,153,Yes,Yes
P01385,Patient 1385,Male,52,AB+,Mumbai,118,160,No,Yes
P01386,Patient 1386,female,9,O-,Delhi,119,157,Yes,Yes
P01387,Patient 1387,F,53,AB-,Delhi,73,189,,
P01388,Patient 1388,Male,73,O-,Bengaluru,56,156,,No
P01389,Patient 1389,Female,87,O-,Hyderabad,52,161,,No
P01390,Patient 1390,F,9,AB-,Chennai,77,141,,
P01391,Patient 1391,female,30,A+,Mumbai,99,177,Yes,
P01392,Patient 1392,female,16,AB+,Hyderabad,74,155,Yes,
P01393,Patient 1393,male,11,AB-,Pune,42,148,Yes,Yes
P01394,Patient 1394,Male,49,B-,Bengaluru,,181,,No
P01395,Patient 1395,male,43,A+,Kolkata,52,157,No,
P01396,Patient 1396,female,37,O-,Pune,38,154,Yes,Yes
P01397,Patient 1397,Female,70,B-,Kolkata,41,182,No,
P01398,Patient 1398,female,42,A+,Delhi,58,168,No,Yes
P01399,Patient 1399,Female,25,B-,Mumbai,41,180,Yes,Yes
P01400,Patient 1400,Female,76,B-,Kolkata,105,190,Yes,No
P01401,Patient 1401,female,60,B-,Mumbai,74,150,No,Yes
P01402,Patient 1402,male,78,AB-,Bengaluru,66,159,Yes,No
P01403,Patient 1403,M,62,AB+,Mumbai,45,163,No,No
P01404,Patient 1404,female,55,AB+,Hyderabad,99,179,Yes,No
P01405,Patient 1405,Male,3,O+,Kolkata,83,167,,Yes
P01406,Patient 1406,M,,AB-,Pune,57,156,No,No
P01407,Patient 1407,M,49,A-,Pune,106,178,Yes,
P01408,Patient 1408,Female,61,A+,Delhi,60,149,,
P01409,Patient 1409,M,48,AB+,Bengaluru,97,165,No,No
P01410,Patient 1410,F,63,A-,Chennai,74,181,Yes,Yes
P01411,Patient 1411,Female,50,AB+,Pune,107,150,,No
P01412,Patient 1412,female,66,O-,Bengaluru,97,180,Yes,
P01413,Patient 1413,Female,50,B-,Chennai,89,187,Yes,No
P01414,Patient 1414,female,81,B+,Pune,38,184,,No
P01415,Patient 1415,Female,88,B+,Delhi,53,156,Yes,Yes
P01416,Patient 1416,female,83,A-,Kolkata,84,165,Yes,No
P01417,Patient 1417,female,22,O+,Kolkata,89,156,,
P01418,Patient 1418,female,49,AB+,Hyderabad,110,159,,Yes
P01419,Patient 1419,male,14,B+,Pune,116,176,,Yes
P01420,Patient 1420,Female,51,AB-,Delhi,74,140,Yes,Yes
P01421,Patient 1421,M,90,O+,Bengaluru,88,173,No,Yes
P01422,Patient 1422,female,23,B+,Mumbai,82,151,No,Yes
P01423,Patient 1423,F,65,B-,Mumbai,49,168,Yes,Yes
P01424,Patient 1424,M,24,AB-,Bengaluru,59,156,,Yes
P01425,Patient 1425,male,82,A-,Chennai,56,145,Yes,No
P01426,Patient 1426,F,9,B-,Chennai,78,141,No,
P01427,Patient 1427,male,13,A+,Bengaluru,36,143,,Yes
P01428,Patient 1428,Male,13,AB+,Kolkata,62,173,,No
P01429,Patient 1429,male,63,AB+,Pune,95,188,No,
P01430,Patient 1430,male,44,AB+,Chennai,75,155,,Yes
P01431,Patient 1431,Male,46,AB-,Hyderabad,77,,,No
P01432,Patient 1432,Male,18,O+,Bengaluru,38,178,Yes,No
P01433,Patient 1433,female,58,AB-,Kolkata,114,183,No,
P01434,Patient 1434,male,25,A+,Bengaluru,35,180,No,Yes
P01435,Patient 1435,F,42,AB-,Chennai,,154,,
P01436,Patient 1436,M,11,A-,Bengaluru,79,167,No,No
P01437,Patient 1437,Female,78,A+,Mumbai,59,185,No,Yes
P01438,Patient 1438,Female,39,AB-,Delhi,105,169,No,
P01439,Patient 1439,Female,70,B+,Hyderabad,65,155,,
P01440,Patient 1440,female,12,A+,Mumbai,48,167,No,No
P01441,Patient 1441,male,36,AB-,Bengaluru,63,186,Yes,
P01442,Patient 1442,female,18,AB-,Delhi,103,180,,No
P01443,Patient 1443,F,-3,A-,Bengaluru,108,189,No,No
P01444,Patient 1444,F,49,AB+,Hyderabad,118,181,Yes,Yes
P01445,Patient 1445,Male,34,A-,Delhi,49,158,No,
P01446,Patient 1446,Male,76,O-,Mumbai,59,187,No,No
P01447,Patient 1447,Male,74,B-,Hyderabad,35,159,No,No
P01448,Patient 1448,Female,41,B-,Delhi,81,183,No,Yes
P01449,Patient 1449,Female,69,O+,Hyderabad,93,160,Yes,No
P01450,Patient 1450,F,88,O+,Mumbai,93,149,,
P01451,Patient 1451,male,90,O+,Kolkata,39,178,,Yes
P01452,Patient 1452,female,36,B-,Chennai,108,170,No,
P01453,Patient 1453,Female,49,B-,Hyderabad,42,161,,Yes
P01454,Patient 1454,Female,90,AB-,Bengaluru,41,189,No,No
P01455,Patient 1455,F,85,AB+,Pune,55,141,No,
P01456,Patient 1456,M,61,AB+,Delhi,79,188,,
P01457,Patient 1457,Female,37,AB+,Delhi,71,184,Yes,No
P01458,Patient 1458,male,75,AB-,Bengaluru,41,185,Yes,
P01459,Patient 1459,M,18,O+,Mumbai,91,184,Yes,Yes
P01460,Patient 1460,male,26,A-,Bengaluru,118,140,Yes,No
P01461,Patient 1461,Male,55,O-,Chennai,56,143,Yes,Yes
P01462,Patient 1462,male,16,AB+,Mumbai,100,181,,
P01463,Patient 1463,Male,52,B-,Chennai,66,142,No,No
P01464,Patient 1464,female,89,AB+,Hyderabad,111,151,,
P01465,Patient 1465,M,85,AB+,Pune,46,189,,
P01466,Patient 1466,Male,57,A-,Delhi,82,140,Yes,No
P01467,Patient 1467,Female,83,A+,Kolkata,120,172,,
P01468,Patient 1468,female,62,A-,Hyderabad,70,184,,Yes
P01469,Patient 1469,female,50,AB+,Pune,96,181,,Yes
P01470,Patient 1470,female,13,B+,Chennai,76,144,,Yes
P01471,Patient 1471,F,51,AB-,Delhi,106,174,,
P01472,Patient 1472,Female,69,A-,Mumbai,118,147,,
P01473,Patient 1473,M,24,O-,Delhi,35,175,Yes,Yes
P01474,Patient 1474,Female,74,A-,Kolkata,61,181,No,Yes
P01475,Patient 1475,male,11,O-,Kolkata,50,172,Yes,No
P01476,Patient 1476,male,85,A+,Kolkata,,155,No,
P01477,Patient 1477,F,69,AB-,Bengaluru,91,148,No,
P01478,Patient 1478,F,46,B-,Bengaluru,112,174,Yes,
P01479,Patient 1479,Female,6,B+,Pune,65,142,Yes,Yes
P01480,Patient 1480,F,,O-,Pune,105,153,Yes,
P01481,Patient 1481,F,80,O+,Pune,89,144,No,
P01482,Patient 1482,Male,21,O+,Bengaluru,86,169,No,
P01483,Patient 1483,Male,19,O+,Bengaluru,103,153,,
P01484,Patient 1484,female,25,B+,Chennai,82,,Yes,No
P01485,Patient 1485,F,56,B-,Delhi,83,141,No,Yes
P01486,Patient 1486,F,69,AB+,Delhi,49,183,No,
P01487,Patient 1487,male,12,B+,Hyderabad,81,161,Yes,No
P01488,Patient 1488,Female,2,AB+,Delhi,47,164,Yes,Yes
P01489,Patient 1489,M,68,A-,Kolkata,74,177,No,
P01490,Patient 1490,male,74,A-,Delhi,240,175,Yes,No
P01491,Patient 1491,female,50,AB+,Chennai,58,162,,Yes
P01492,Patient 1492,F,34,B+,Bengaluru,36,183,Yes,Yes
P01493,Patient 1493,male,49,A+,Bengaluru,107,187,,No
P01494,Patient 1494,female,32,AB-,Mumbai,112,166,No,No
P01495,Patient 1495,male,60,AB+,Kolkata,99,158,,Yes
P01496,Patient 1496,male,40,AB+,Hyderabad,116,145,No,Yes
P01497,Patient 1497,female,82,B-,Delhi,45,144,Yes,
P01498,Patient 1498,male,8,AB-,Hyderabad,45,187,Yes,No
P01499,Patient 1499,Female,87,AB-,Chennai,100,186,,
P01500,Patient 1500,Male,87,AB+,Delhi,103,184,,Yes
P01501,Patient 1501,F,1,O-,Mumbai,89,184,,
P01502,Patient 1502,F,68,AB-,Mumbai,112,142,,
P01503,Patient 1503,male,29,B+,Kolkata,57,144,No,Yes
P01504,Patient 1504,Female,55,O-,Delhi,98,164,No,
P01505,Patient 1505,Male,32,O+,Pune,104,189,No,No
P01506,Patient 1506,female,34,AB+,Mumbai,62,140,No,
P01507,Patient 1507,F,66,AB-,Delhi,39,169,No,Yes
P01508,Patient 1508,male,79,O-,Delhi,93,161,Yes,No
P01509,Patient 1509,Male,24,A-,Chennai,86,162,No,Yes
P01510,Patient 1510,Female,11,AB+,Delhi,102,172,No,Yes
P01511,Patient 1511,Female,20,AB-,Chennai,119,156,No,No
P01512,Patient 1512,F,47,O+,Delhi,89,151,No,
P01513,Patient 1513,male,57,AB+,Delhi,55,148,No,
P01514,Patient 1514,male,26,A+,Mumbai,49,152,No,No
P01515,Patient 1515,female,43,B-,Chennai,39,150,,No
P01516,Patient 1516,F,16,AB-,Hyderabad,88,171,,
P01517,Patient 1517,M,,AB+,Mumbai,,188,Yes,Yes
P01518,Patient 1518,male,3,A+,Hyderabad,51,149,,Yes
P01519,Patient 1519,F,7,A+,Chennai,78,167,No,No
P01520,Patient 1520,M,37,B-,Kolkata,97,145,Yes,
P01521,Patient 1521,male,66,A-,Hyderabad,58,155,No,
P01522,Patient 1522,Female,32,AB-,Bengaluru,120,167,Yes,
P01523,Patient 1523,Female,65,B+,Mumbai,113,151,Yes,Yes
P01524,Patient 1524,Female,52,B+,Chennai,39,157,Yes,
P01525,Patient 1525,M,26,AB+,Kolkata,46,143,No,
P01526,Patient 1526,male,82,AB+,Chennai,64,154,Yes,
P01527,Patient 1527,male,55,A-,Pune,117,143,No,No
P01528,Patient 1528,male,45,A+,Mumbai,88,155,Yes,Yes
P01529,Patient 1529,male,7,B-,Pune,119,187,No,No
P01530,Patient 1530,Female,78,O+,Chennai,47,167,No,No
P01531,Patient 1531,female,39,A+,Bengaluru,49,146,,Yes
P01532,Patient 1532,male,43,O-,Mumbai,81,187,,No
P01533,Patient 1533,Male,27,A-,Mumbai,109,164,,
P01534,Patient 1534,F,78,B-,Mumbai,50,142,,No
P01535,Patient 1535,F,13,O-,Pune,44,174,,No
P01536,Patient 1536,Female,26,A+,Mumbai,103,186,Yes,No
P01537,Patient 1537,F,71,O-,Pune,67,,No,
P01538,Patient 1538,M,16,AB+,Kolkata,90,144,,Yes
P01539,Patient 1539,female,22,B+,Pune,111,157,Yes,
P01540,Patient 1540,M,8,AB-,Bengaluru,59,187,,
P01541,Patient 1541,F,10,AB+,Kolkata,56,168,No,No
P01542,Patient 1542,Female,78,A+,Mumbai,69,153,,Yes
P01543,Patient 1543,F,76,AB-,Kolkata,36,190,,
P01544,Patient 1544,Female,68,O+,Bengaluru,68,159,No,
P01545,Patient 1545,Male,16,B-,Pune,56,154,Yes,
P01546,Patient 1546,male,19,A+,Bengaluru,70,148,Yes,Yes
P01547,Patient 1547,female,69,O-,Bengaluru,49,140,,No
P01548,Patient 1548,F,42,O+,Bengaluru,45,185,Yes,No
P01549,Patient 1549,Male,79,A+,Hyderabad,72,160,No,Yes
P01550,Patient 1550,Male,36,A-,Bengaluru,57,156,,
P01551,Patient 1551,female,49,B-,Hyderabad,118,156,No,Yes
P01552,Patient 1552,F,42,AB+,Mumbai,69,153,No,Yes
P01553,Patient 1553,M,56,A-,Chennai,82,149,Yes,No
P01554,Patient 1554,F,-3,AB-,Bengaluru,57,152,Yes,
P01555,Patient 1555,Female,37,B+,Hyderabad,37,159,No,
P01556,Patient 1556,Female,78,A-,Chennai,59,144,Yes,No
P01557,Patient 1557,female,83,B+,Bengaluru,86,146,Yes,
P01558,Patient 1558,Male,13,A-,Hyderabad,,164,Yes,
P01559,Patient 1559,Male,6,O+,Mumbai,51,155,,
P01560,Patient 1560,Male,2,O-,Hyderabad,36,190,,Yes
P01561,Patient 1561,F,26,AB-,Hyderabad,52,170,Yes,No
P01562,Patient 1562,Female,43,A+,Kolkata,96,149,,No
P01563,Patient 1563,Male,81,A+,Delhi,104,147,,No
P01564,Patient 1564,Female,14,A+,Mumbai,100,166,Yes,Yes
P01565,Patient 1565,male,55,O+,Mumbai,84,149,,No
P01566,Patient 1566,Female,88,A-,Mumbai,49,171,Yes,No
P01567,Patient 1567,male,46,A-,Pune,44,179,Yes,Yes
P01568,Patient 1568,M,78,O-,Kolkata,54,151,Yes,
P01569,Patient 1569,female,55,O+,Kolkata,54,182,No,No
P01570,Patient 1570,female,14,O-,Pune,69,171,,Yes
P01571,Patient 1571,female,1,B+,Pune,54,189,Yes,No
P01572,Patient 1572,Male,58,AB+,Bengaluru,96,144,No,Yes
P01573,Patient 1573,Female,12,AB+,Pune,76,148,No,No
P01574,Patient 1574,M,55,O-,Mumbai,96,184,,Yes
P01575,Patient 1575,M,50,AB-,Kolkata,88,175,,Yes
P01576,Patient 1576,female,50,AB+,Kolkata,45,177,,
P01577,Patient 1577,male,29,A+,Mumbai,46,155,Yes,No
P01578,Patient 1578,Male,72,A+,Pune,95,148,No,Yes
P01579,Patient 1579,F,38,AB+,Mumbai,93,149,Yes,Yes
P01580,Patient 1580,female,8,B+,Chennai,52,147,,Yes
P01581,Patient 1581,Male,90,A-,Bengaluru,89,163,,Yes
P01582,Patient 1582,Male,62,B+,Pune,111,150,Yes,Yes
P01583,Patient 1583,F,32,AB+,Mumbai,44,140,Yes,No
P01584,Patient 1584,male,18,AB-,Chennai,102,184,,No
P01585,Patient 1585,Male,57,O+,Delhi,117,184,Yes,Yes
P01586,Patient 1586,Female,83,B+,Delhi,39,178,No,No
P01587,Patient 1587,female,88,O+,Kolkata,93,175,,No
P01588,Patient 1588,male,30,A-,Kolkata,89,150,No,Yes
P01589,Patient 1589,Male,28,B-,Chennai,86,179,Yes,
P01590,Patient 1590,female,72,AB-,Chennai,112,,No,
P01591,Patient 1591,Female,,A+,Hyderabad,86,164,No,
P01592,Patient 1592,Male,55,A-,Delhi,59,157,No,
P01593,Patient 1593,male,43,B+,Kolkata,38,155,Yes,Yes
P01594,Patient 1594,male,28,B-,Kolkata,111,140,Yes,
P01595,Patient 1595,Male,5,A+,Kolkata,65,157,No,Yes
P01596,Patient 1596,male,7,A+,Pune,75,145,No,No
P01597,Patient 1597,M,65,O-,Mumbai,59,160,,
P01598,Patient 1598,female,13,A-,Kolkata,77,166,Yes,Yes
P01599,Patient 1599,F,76,A+,Pune,,170,Yes,Yes
P01600,Patient 1600,female,88,A-,Bengaluru,94,145,Yes,Yes
P01601,Patient 1601,female,88,B+,Kolkata,118,149,,
P01602,Patient 1602,male,78,AB-,Hyderabad,118,173,Yes,No
P01603,Patient 1603,M,38,A+,Bengaluru,81,179,,No
P01604,Patient 1604,F,31,A-,Mumbai,61,179,,
P01605,Patient 1605,Female,64,O+,Kolkata,47,140,Yes,No
P01606,Patient 1606,Female,13,O+,Mumbai,93,160,Yes,No
P01607,Patient 1607,Male,74,A-,Mumbai,81,162,,No
P01608,Patient 1608,M,34,B+,Delhi,95,156,,No
P01609,Patient 1609,M,6,AB+,Hyderabad,81,158,,
P01610,Patient 1610,F,17,O-,Pune,91,163,Yes,
P01611,Patient 1611,male,53,A+,Kolkata,99,168,,Yes
P01612,Patient 1612,Female,32,A-,Pune,106,140,No,Yes
P01613,Patient 1613,Female,73,AB+,Hyderabad,86,144,No,
P01614,Patient 1614,M,12,AB-,Delhi,79,169,Yes,Yes
P01615,Patient 1615,M,14,B-,Chennai,85,189,No,Yes
P01616,Patient 1616,M,41,B-,Bengaluru,78,178,,No
P01617,Patient 1617,Male,15,B+,Chennai,70,169,Yes,
P01618,Patient 1618,Male,28,AB+,Delhi,75,176,No,No
P01619,Patient 1619,Female,61,A+,Hyderabad,62,143,,No
P01620,Patient 1620,Female,35,A-,Mumbai,67,180,Yes,No
P01621,Patient 1621,female,52,AB-,Hyderabad,45,159,No,
P01622,Patient 1622,Female,28,A+,Delhi,120,156,No,No
P01623,Patient 1623,male,39,AB+,Chennai,56,152,No,
P01624,Patient 1624,M,89,O-,Bengaluru,55,184,,No
P01625,Patient 1625,F,2,B-,Delhi,106,190,,
P01626,Patient 1626,male,75,O-,Delhi,113,149,Yes,No
P01627,Patient 1627,Male,19,AB+,Pune,98,160,,
P01628,Patient 1628,female,,AB-,Bengaluru,92,148,,Yes
P01629,Patient 1629,Female,5,AB+,Bengaluru,62,187,,Yes
P01630,Patient 1630,male,77,B-,Mumbai,83,153,,
P01631,Patient 1631,Male,2,O+,Pune,82,163,,Yes
P01632,Patient 1632,M,90,AB+,Chennai,98,181,No,No
P01633,Patient 1633,male,70,A-,Mumbai,89,173,No,No
P01634,Patient 1634,F,48,B+,Kolkata,57,175,No,No
P01635,Patient 1635,female,37,AB+,Bengaluru,119,184,No,
P01636,Patient 1636,Male,80,A-,Bengaluru,47,145,Yes,
P01637,Patient 1637,female,53,A-,Bengaluru,48,171,No,
P01638,Patient 1638,male,75,AB+,Mumbai,39,182,Yes,No
P01639,Patient 1639,Female,71,AB-,Delhi,240,147,No,No
P01640,Patient 1640,female,53,AB+,Delhi,,185,No,Yes
P01641,Patient 1641,female,65,O+,Pune,71,157,No,
P01642,Patient 1642,Male,31,A+,Delhi,35,166,Yes,No
P01643,Patient 1643,male,67,B+,Kolkata,111,,No,Yes
P01644,Patient 1644,F,72,AB+,Hyderabad,85,152,Yes,
P01645,Patient 1645,M,55,B+,Chennai,51,180,No,
P01646,Patient 1646,Male,21,B+,Kolkata,90,154,Yes,
P01647,Patient 1647,female,74,O+,Hyderabad,85,188,,Yes
P01648,Patient 1648,Male,42,A+,Chennai,61,145,Yes,
P01649,Patient 1649,F,76,A-,Kolkata,54,141,No,Yes
P01650,Patient 1650,female,17,O-,Mumbai,93,180,Yes,
P01651,Patient 1651,F,29,B-,Bengaluru,73,152,No,No
P01652,Patient 1652,Male,85,B+,Bengaluru,41,157,Yes,
P01653,Patient 1653,M,75,A-,Delhi,48,147,Yes,No
P01654,Patient 1654,Male,34,AB-,Hyderabad,58,145,No,Yes
P01655,Patient 1655,Male,51,AB+,Delhi,47,171,No,
P01656,Patient 1656,M,10,AB+,Pune,61,183,,No
P01657,Patient 1657,Male,21,B+,Bengaluru,58,159,,
P01658,Patient 1658,male,78,O-,Chennai,39,147,,
P01659,Patient 1659,F,70,O+,Delhi,35,150,Yes,
P01660,Patient 1660,F,4,B+,Mumbai,103,141,No,Yes
P01661,Patient 1661,Female,28,B-,Delhi,38,160,,
P01662,Patient 1662,M,17,B-,Delhi,69,157,No,
P01663,Patient 1663,M,71,AB-,Chennai,118,158,,No
P01664,Patient 1664,Female,25,O+,Chennai,67,151,Yes,
P01665,Patient 1665,Female,-3,AB-,Chennai,74,150,No,No
P01666,Patient 1666,F,77,A-,Kolkata,69,160,No,No
P01667,Patient 1667,male,26,A-,Chennai,107,162,Yes,Yes
P01668,Patient 1668,M,66,O+,Kolkata,67,177,,
P01669,Patient 1669,Male,46,B+,Hyderabad,85,141,No,No
P01670,Patient 1670,Male,24,B-,Bengaluru,80,155,No,No
P01671,Patient 1671,Male,19,O-,Bengaluru,75,147,Yes,
P01672,Patient 1672,F,43,O-,Mumbai,62,169,,Yes
P01673,Patient 1673,Female,50,B-,Delhi,71,178,,No
P01674,Patient 1674,F,78,AB+,Bengaluru,120,144,No,No
P01675,Patient 1675,Male,41,AB-,Chennai,60,152,Yes,No
P01676,Patient 1676,M,54,B+,Kolkata,50,147,No,
P01677,Patient 1677,Male,50,O+,Delhi,65,176,,
P01678,Patient 1678,Female,1,AB+,Delhi,94,158,,
P01679,Patient 1679,Male,6,A-,Chennai,78,181,Yes,No
P01680,Patient 1680,male,39,AB+,Delhi,70,160,,No
P01681,Patient 1681,M,64,O+,Bengaluru,,143,No,No
P01682,Patient 1682,F,83,A-,Delhi,50,163,Yes,Yes
P01683,Patient 1683,male,2,AB+,Mumbai,52,146,Yes,Yes
P01684,Patient 1684,Male,25,A+,Pune,82,174,Yes,Yes
P01685,Patient 1685,male,7,O-,Bengaluru,73,144,,No
P01686,Patient 1686,F,35,AB-,Delhi,56,148,Yes,No
P01687,Patient 1687,female,19,AB-,Bengaluru,109,166,Yes,
P01688,Patient 1688,M,68,AB-,Pune,65,176,No,
P01689,Patient 1689,male,62,O+,Bengaluru,63,145,Yes,No
P01690,Patient 1690,female,72,B-,Bengaluru,66,182,Yes,Yes
P01691,Patient 1691,Male,64,B-,Chennai,42,153,No,Yes
P01692,Patient 1692,Female,63,O-,Hyderabad,48,161,No,
P01693,Patient 1693,F,59,A-,Mumbai,118,149,Yes,No
P01694,Patient 1694,F,50,B-,Hyderabad,92,179,No,Yes
P01695,Patient 1695,Female,9,O+,Hyderabad,70,167,,
P01696,Patient 1696,Male,14,A-,Mumbai,53,,Yes,No
P01697,Patient 1697,M,24,AB-,Pune,69,141,No,Yes
P01698,Patient 1698,M,71,B-,Mumbai,45,162,No,
P01699,Patient 1699,Male,56,AB-,Pune,100,161,No,Yes
P01700,Patient 1700,female,7,AB+,Mumbai,118,164,No,Yes
P01701,Patient 1701,male,52,AB-,Kolkata,57,178,No,Yes
P01702,Patient 1702,Female,,A-,Mumbai,41,181,Yes,Yes
P01703,Patient 1703,Female,5,A-,Kolkata,108,157,Yes,No
P01704,Patient 1704,female,29,AB+,Chennai,114,184,No,Yes
P01705,Patient 1705,Female,29,B+,Hyderabad,69,171,Yes,No
P01706,Patient 1706,F,82,O+,Bengaluru,71,185,Yes,Yes
P01707,Patient 1707,F,24,AB-,Bengaluru,99,184,No,
P01708,Patient 1708,female,31,A-,Mumbai,56,160,Yes,No
P01709,Patient 1709,female,59,AB-,Chennai,53,140,No,Yes
P01710,Patient 1710,Female,23,A+,Kolkata,68,144,No,No
P01711,Patient 1711,Female,75,AB-,Delhi,35,171,Yes,Yes
P01712,Patient 1712,F,73,B+,Hyderabad,72,154,Yes,Yes
P01713,Patient 1713,male,13,AB-,Chennai,73,187,,No
P01714,Patient 1714,M,70,O+,Pune,67,182,No,Yes
P01715,Patient 1715,male,46,AB-,Delhi,73,185,No,
P01716,Patient 1716,Female,67,AB+,Hyderabad,116,141,Yes,
P01717,Patient 1717,Male,19,B-,Kolkata,80,171,,
P01718,Patient 1718,female,56,A-,Mumbai,81,153,No,
P01719,Patient 1719,female,14,AB-,Kolkata,70,180,Yes,No
P01720,Patient 1720,M,87,AB+,Pune,79,161,No,Yes
P01721,Patient 1721,female,6,O-,Hyderabad,109,173,,Yes
P01722,Patient 1722,male,56,O+,Delhi,,176,Yes,No
P01723,Patient 1723,female,88,B+,Kolkata,53,169,No,
P01724,Patient 1724,male,72,AB-,Pune,120,150,Yes,No
P01725,Patient 1725,Female,2,O+,Hyderabad,93,142,,Yes
P01726,Patient 1726,Male,7,AB+,Pune,97,159,,Yes
P01727,Patient 1727,male,7,O+,Hyderabad,67,148,,
P01728,Patient 1728,female,72,O+,Mumbai,54,145,,Yes
P01729,Patient 1729,male,56,B-,Delhi,109,145,No,No
P01730,Patient 1730,M,32,AB+,Delhi,116,164,No,No
P01731,Patient 1731,F,77,AB+,Bengaluru,74,151,No,
P01732,Patient 1732,Female,18,AB+,Kolkata,60,156,Yes,No
P01733,Patient 1733,F,40,AB-,Kolkata,45,159,Yes,No
P01734,Patient 1734,F,56,AB-,Bengaluru,47,148,No,
P01735,Patient 1735,male,88,AB+,Chennai,80,169,No,No
P01736,Patient 1736,Male,60,AB+,Delhi,38,175,Yes,
P01737,Patient 1737,F,39,O-,Mumbai,66,177,,
P01738,Patient 1738,M,73,B+,Chennai,72,143,,Yes
P01739,Patient 1739,Male,,A-,Delhi,101,169,No,
P01740,Patient 1740,Male,14,O+,Kolkata,77,178,No,
P01741,Patient 1741,female,43,A+,Bengaluru,42,147,Yes,
P01742,Patient 1742,M,19,B+,Mumbai,106,187,,
P01743,Patient 1743,male,20,A+,Hyderabad,73,180,No,
P01744,Patient 1744,Male,89,A+,Mumbai,60,147,,Yes
P01745,Patient 1745,Female,67,A-,Chennai,47,155,Yes,
P01746,Patient 1746,Male,57,O+,Chennai,85,143,No,Yes
P01747,Patient 1747,F,31,AB-,Hyderabad,104,156,,
P01748,Patient 1748,female,16,A+,Mumbai,90,149,Yes,
P01749,Patient 1749,F,85,B-,Chennai,65,,No,No
P01750,Patient 1750,F,38,AB-,Pune,120,146,,No
P01751,Patient 1751,Male,51,AB-,Chennai,84,184,No,Yes
P01752,Patient 1752,Male,4,AB+,Delhi,71,169,,No
P01753,Patient 1753,female,5,AB-,Delhi,117,181,No,Yes
P01754,Patient 1754,Male,60,B+,Pune,93,157,,
P01755,Patient 1755,F,27,AB+,Kolkata,79,185,Yes,Yes
P01756,Patient 1756,female,84,O-,Chennai,54,162,,Yes
P01757,Patient 1757,M,36,A-,Hyderabad,119,159,,No
P01758,Patient 1758,female,49,B+,Kolkata,95,178,,
P01759,Patient 1759,Female,85,O-,Kolkata,102,156,,No
P01760,Patient 1760,Male,75,A+,Delhi,114,165,,Yes
P01761,Patient 1761,Male,30,AB-,Bengaluru,47,182,No,No
P01762,Patient 1762,Female,30,AB+,Hyderabad,65,146,No,Yes
P01763,Patient 1763,Male,8,A+,Hyderabad,,156,,Yes
P01764,Patient 1764,female,57,A+,Mumbai,82,178,No,Yes
P01765,Patient 1765,Female,90,B-,Mumbai,92,164,No,No
P01766,Patient 1766,Female,57,B+,Chennai,71,154,,Yes
P01767,Patient 1767,female,12,A-,Mumbai,109,141,Yes,Yes
P01768,Patient 1768,M,1,A-,Pune,81,189,Yes,
P01769,Patient 1769,Female,83,B-,Kolkata,102,171,No,
P01770,Patient 1770,F,46,B+,Hyderabad,80,179,Yes,No
P01771,Patient 1771,Male,55,A-,Mumbai,115,164,,No
P01772,Patient 1772,Female,13,A+,Kolkata,50,171,,No
P01773,Patient 1773,male,3,AB+,Bengaluru,63,158,No,Yes
P01774,Patient 1774,F,21,B-,Hyderabad,71,144,,
P01775,Patient 1775,F,65,A+,Kolkata,74,165,,Yes
P01776,Patient 1776,female,-3,A+,Delhi,95,156,No,No
P01777,Patient 1777,Male,34,B+,Mumbai,60,161,,
P01778,Patient 1778,Female,43,AB-,Delhi,119,143,,
P01779,Patient 1779,Male,90,AB+,Kolkata,39,162,,
P01780,Patient 1780,Female,11,O+,Bengaluru,105,170,Yes,Yes
P01781,Patient 1781,Female,5,O-,Chennai,98,172,No,No
P01782,Patient 1782,Male,30,B-,Kolkata,37,143,,No
P01783,Patient 1783,M,88,A+,Chennai,37,175,No,
P01784,Patient 1784,M,17,B+,Delhi,90,184,No,Yes
P01785,Patient 1785,Female,79,O-,Chennai,82,162,Yes,Yes
P01786,Patient 1786,Male,30,B-,Chennai,46,177,,
P01787,Patient 1787,female,73,B-,Hyderabad,40,140,Yes,Yes
P01788,Patient 1788,Female,8,O+,Delhi,240,168,No,No
P01789,Patient 1789,male,78,B+,Kolkata,118,155,No,No
P01790,Patient 1790,Male,85,A-,Pune,50,182,,Yes
P01791,Patient 1791,M,64,O+,Pune,80,154,,No
P01792,Patient 1792,male,84,O-,Bengaluru,66,173,,
P01793,Patient 1793,M,14,AB-,Pune,41,162,Yes,Yes
P01794,Patient 1794,male,18,B-,Delhi,101,154,No,
P01795,Patient 1795,female,19,AB-,Bengaluru,39,155,No,Yes
P01796,Patient 1796,male,3,O+,Kolkata,98,142,No,No
P01797,Patient 1797,F,11,AB+,Chennai,42,157,Yes,No
P01798,Patient 1798,Female,50,B-,Chennai,91,142,Yes,
P01799,Patient 1799,female,56,O+,Delhi,103,143,,No
P01800,Patient 1800,male,4,O+,Hyderabad,112,188,,Yes
P01801,Patient 1801,F,4,AB+,Hyderabad,78,186,No,
P01802,Patient 1802,M,8,O+,Hyderabad,48,,,No
P01803,Patient 1803,F,55,O+,Mumbai,108,186,No,No
P01804,Patient 1804,male,31,O+,Delhi,,140,Yes,
P01805,Patient 1805,M,38,A+,Kolkata,78,176,No,No
P01806,Patient 1806,female,35,A+,Delhi,119,156,No,
P01807,Patient 1807,Female,85,AB-,Chennai,76,156,Yes,No
P01808,Patient 1808,male,2,AB-,Bengaluru,94,142,,Yes
P01809,Patient 1809,Male,53,O+,Kolkata,42,177,,No
P01810,Patient 1810,male,9,O+,Pune,91,151,No,Yes
P01811,Patient 1811,Female,30,A+,Mumbai,115,151,Yes,
P01812,Patient 1812,F,5,AB-,Kolkata,58,183,No,Yes
P01813,Patient 1813,female,,O+,Pune,64,143,Yes,
P01814,Patient 1814,Male,46,B-,Pune,104,185,Yes,Yes
P01815,Patient 1815,F,65,A-,Mumbai,91,147,Yes,No
P01816,Patient 1816,M,74,A-,Bengaluru,82,183,No,No
P01817,Patient 1817,F,19,O-,Pune,38,160,No,
P01818,Patient 1818,F,48,A+,Mumbai,95,158,No,Yes
P01819,Patient 1819,Male,38,A-,Kolkata,54,177,Yes,No
P01820,Patient 1820,F,66,O-,Mumbai,100,190,No,
P01821,Patient 1821,Female,5,AB+,Hyderabad,119,186,,Yes
P01822,Patient 1822,F,10,AB+,Kolkata,63,176,,Yes
P01823,Patient 1823,M,68,AB-,Pune,41,178,No,Yes
P01824,Patient 1824,male,74,B-,Hyderabad,72,155,No,Yes
P01825,Patient 1825,Male,59,B-,Chennai,75,187,,No
P01826,Patient 1826,F,47,A-,Pune,45,162,,No
P01827,Patient 1827,M,78,B-,Kolkata,64,168,Yes,
P01828,Patient 1828,F,32,B+,Kolkata,87,183,No,No
P01829,Patient 1829,Male,44,AB+,Chennai,75,147,,Yes
P01830,Patient 1830,Female,74,B+,Chennai,98,180,Yes,Yes
P01831,Patient 1831,F,16,AB-,Bengaluru,88,156,Yes,Yes
P01832,Patient 1832,female,5,B+,Delhi,90,141,Yes,
P01833,Patient 1833,male,68,B+,Chennai,84,167,,
P01834,Patient 1834,male,31,O-,Kolkata,72,147,,
P01835,Patient 1835,female,14,O-,Chennai,40,144,No,
P01836,Patient 1836,M,58,B+,Bengaluru,90,158,Yes,
P01837,Patient 1837,Female,76,A+,Kolkata,100,145,,No
P01838,Patient 1838,M,87,O-,Chennai,118,169,Yes,
P01839,Patient 1839,Male,76,B-,Pune,70,189,No,No
P01840,Patient 1840,F,7,AB+,Pune,107,173,No,No
P01841,Patient 1841,Male,41,B-,Chennai,57,149,,No
P01842,Patient 1842,Male,74,O-,Pune,113,160,Yes,Yes
P01843,Patient 1843,M,37,B-,Mumbai,70,171,No,No
P01844,Patient 1844,female,78,O+,Mumbai,48,154,Yes,Yes
P01845,Patient 1845,Female,71,A+,Kolkata,,188,Yes,
P01846,Patient 1846,M,69,A+,Pune,59,140,Yes,No
P01847,Patient 1847,M,74,B+,Hyderabad,89,186,No,No
P01848,Patient 1848,M,15,AB-,Pune,50,168,Yes,Yes
P01849,Patient 1849,male,36,A-,Bengaluru,120,147,Yes,
P01850,Patient 1850,F,,O-,Pune,76,150,No,
P01851,Patient 1851,female,66,O-,Delhi,44,185,No,Yes
P01852,Patient 1852,F,67,A+,Bengaluru,75,152,,Yes
P01853,Patient 1853,M,32,B-,Bengaluru,52,177,Yes,No
P01854,Patient 1854,Female,61,AB-,Pune,54,171,Yes,Yes
P01855,Patient 1855,female,82,B-,Delhi,46,,No,Yes
P01856,Patient 1856,Female,63,B+,Delhi,106,179,No,
P01857,Patient 1857,female,34,B-,Bengaluru,113,164,No,No
P01858,Patient 1858,male,68,B-,Pune,119,151,,No
P01859,Patient 1859,F,63,O-,Kolkata,115,165,No,No
P01860,Patient 1860,male,13,AB+,Chennai,63,147,No,Yes
P01861,Patient 1861,Female,85,AB-,Pune,89,147,,Yes
P01862,Patient 1862,Female,45,AB-,Hyderabad,85,185,No,
P01863,Patient 1863,male,53,O+,Kolkata,65,141,Yes,No
P01864,Patient 1864,male,8,O+,Bengaluru,106,189,No,No
P01865,Patient 1865,M,51,O+,Delhi,91,167,No,No
P01866,Patient 1866,Male,29,O+,Chennai,78,180,No,Yes
P01867,Patient 1867,Female,74,A-,Kolkata,56,174,,No
P01868,Patient 1868,Male,17,A+,Hyderabad,112,174,No,Yes
P01869,Patient 1869,F,43,A-,Bengaluru,80,189,Yes,
P01870,Patient 1870,Female,27,B+,Hyderabad,81,174,,No
P01871,Patient 1871,male,30,O-,Chennai,72,150,Yes,
P01872,Patient 1872,Male,32,A-,Kolkata,36,142,No,No
P01873,Patient 1873,male,6,A+,Mumbai,55,158,,
P01874,Patient 1874,female,32,A-,Hyderabad,39,157,No,
P01875,Patient 1875,male,52,A-,Delhi,51,187,Yes,
P01876,Patient 1876,female,54,B+,Delhi,37,140,,
P01877,Patient 1877,male,51,O-,Chennai,59,178,,
P01878,Patient 1878,M,3,B-,Delhi,73,157,No,
P01879,Patient 1879,male,74,AB+,Delhi,95,164,Yes,No
P01880,Patient 1880,male,72,B-,Chennai,70,170,Yes,No
P01881,Patient 1881,F,51,A-,Chennai,82,188,Yes,
P01882,Patient 1882,Female,4,AB-,Pune,85,189,No,
P01883,Patient 1883,male,14,B+,Hyderabad,117,159,,Yes
P01884,Patient 1884,Female,13,AB-,Kolkata,106,150,Yes,Yes
P01885,Patient 1885,M,19,B-,Delhi,86,179,No,No
P01886,Patient 1886,male,53,B+,Delhi,,187,No,
P01887,Patient 1887,Male,-3,O+,Bengaluru,111,166,Yes,
P01888,Patient 1888,male,63,B-,Pune,104,171,No,
P01889,Patient 1889,female,62,A-,Delhi,100,175,No,
P01890,Patient 1890,Male,10,B+,Kolkata,83,148,,Yes
P01891,Patient 1891,Male,22,A+,Chennai,60,168,No,Yes
P01892,Patient 1892,Female,81,AB+,Chennai,102,171,Yes,No
P01893,Patient 1893,female,16,O+,Kolkata,90,158,No,
P01894,Patient 1894,Female,48,B+,Pune,107,181,,
P01895,Patient 1895,male,27,O+,Chennai,113,185,No,Yes
P01896,Patient 1896,F,43,AB-,Delhi,52,150,No,No
P01897,Patient 1897,Male,23,A+,Pune,54,170,,Yes
P01898,Patient 1898,M,26,O-,Delhi,47,174,Yes,
P01899,Patient 1899,Male,60,O-,Bengaluru,111,150,,Yes
P01900,Patient 1900,Female,45,O+,Pune,115,140,No,
P01901,Patient 1901,M,40,O+,Kolkata,82,179,,
P01902,Patient 1902,F,85,B+,Delhi,60,144,,Yes
P01903,Patient 1903,F,36,A-,Mumbai,57,156,,
P01904,Patient 1904,F,83,O+,Hyderabad,84,161,,
P01905,Patient 1905,Female,86,A+,Hyderabad,95,153,Yes,Yes
P01906,Patient 1906,Female,12,B+,Chennai,113,149,Yes,No
P01907,Patient 1907,F,10,AB-,Chennai,41,148,,No
P01908,Patient 1908,Male,42,B-,Kolkata,73,,No,No
P01909,Patient 1909,male,50,O-,Kolkata,95,162,Yes,
P01910,Patient 1910,male,28,B+,Hyderabad,56,180,No,
P01911,Patient 1911,male,57,A-,Kolkata,97,184,No,
P01912,Patient 1912,male,45,AB-,Hyderabad,57,141,,No
P01913,Patient 1913,F,55,B-,Chennai,62,179,No,Yes
P01914,Patient 1914,male,2,B-,Delhi,60,168,,No
P01915,Patient 1915,male,43,A+,Kolkata,47,163,No,Yes
P01916,Patient 1916,M,83,AB+,Delhi,70,181,,
P01917,Patient 1917,Male,33,A+,Hyderabad,70,180,,No
P01918,Patient 1918,M,78,B+,Chennai,115,169,,
P01919,Patient 1919,male,70,A+,Kolkata,48,142,,Yes
P01920,Patient 1920,M,23,A-,Delhi,51,145,No,
P01921,Patient 1921,F,8,O+,Hyderabad,75,146,Yes,
P01922,Patient 1922,female,79,O-,Bengaluru,37,161,Yes,
P01923,Patient 1923,female,47,AB+,Chennai,101,140,,
P01924,Patient 1924,F,,B+,Bengaluru,43,152,No,Yes
P01925,Patient 1925,male,23,B-,Bengaluru,91,142,,No
P01926,Patient 1926,Male,23,O+,Pune,116,187,,No
P01927,Patient 1927,F,16,A-,Kolkata,,169,No,Yes
P01928,Patient 1928,female,15,A-,Mumbai,46,151,No,
P01929,Patient 1929,Female,81,A+,Mumbai,37,189,,No
P01930,Patient 1930,Female,59,O+,Hyderabad,45,186,,
P01931,Patient 1931,Male,25,AB+,Bengaluru,51,159,No,Yes
P01932,Patient 1932,male,36,AB+,Mumbai,52,176,Yes,No
P01933,Patient 1933,male,26,AB-,Pune,57,158,Yes,No
P01934,Patient 1934,male,46,AB-,Hyderabad,109,163,,
P01935,Patient 1935,M,22,B+,Kolkata,39,177,,Yes
P01936,Patient 1936,female,90,O+,Mumbai,90,162,No,
P01937,Patient 1937,male,65,A-,Kolkata,240,187,Yes,No
P01938,Patient 1938,Male,28,A-,Kolkata,94,156,,
P01939,Patient 1939,M,24,O-,Pune,95,148,,No
P01940,Patient 1940,male,85,A-,Bengaluru,110,142,No,Yes
P01941,Patient 1941,male,21,O-,Bengaluru,88,170,Yes,Yes
P01942,Patient 1942,M,46,B+,Hyderabad,74,150,Yes,No
P01943,Patient 1943,F,79,AB+,Bengaluru,93,177,No,No
P01944,Patient 1944,male,32,O-,Chennai,67,186,,No
P01945,Patient 1945,F,39,A-,Chennai,40,154,No,No
P01946,Patient 1946,Male,74,B+,Kolkata,86,177,Yes,No
P01947,Patient 1947,F,77,B+,Mumbai,102,152,,No
P01948,Patient 1948,Female,7,O-,Chennai,46,159,No,Yes
P01949,Patient 1949,Female,59,B-,Mumbai,35,182,No,No
P01950,Patient 1950,Female,11,AB+,Delhi,58,155,,Yes
P01951,Patient 1951,male,20,A+,Chennai,106,189,Yes,No
P01952,Patient 1952,female,13,AB+,Bengaluru,95,175,Yes,No
P01953,Patient 1953,female,86,B-,Hyderabad,83,169,Yes,No
P01954,Patient 1954,Female,17,AB+,Hyderabad,75,188,No,No
P01955,Patient 1955,M,87,A-,Pune,89,178,No,
P01956,Patient 1956,F,76,B+,Hyderabad,38,154,Yes,No
P01957,Patient 1957,Male,47,AB+,Delhi,78,172,,Yes
P01958,Patient 1958,Male,18,B-,Pune,98,152,No,Yes
P01959,Patient 1959,Female,44,AB+,Mumbai,84,181,No,No
P01960,Patient 1960,male,50,AB+,Mumbai,96,142,Yes,No
P01961,Patient 1961,M,,A-,Pune,101,,,
P01962,Patient 1962,Male,13,B+,Pune,118,165,Yes,
P01963,Patient 1963,M,65,A+,Chennai,84,183,,
P01964,Patient 1964,Male,52,O+,Chennai,89,189,No,
P01965,Patient 1965,M,82,O-,Hyderabad,49,178,No,
P01966,Patient 1966,Male,43,B+,Chennai,103,163,,No
P01967,Patient 1967,Male,87,O-,Bengaluru,45,149,,No
P01968,Patient 1968,female,26,AB-,Chennai,,179,Yes,No
P01969,Patient 1969,M,37,AB-,Pune,40,147,Yes,
P01970,Patient 1970,M,88,O-,Bengaluru,82,156,No,Yes
P01971,Patient 1971,male,70,O-,Chennai,69,151,Yes,No
P01972,Patient 1972,Male,42,A-,Pune,73,180,,Yes
P01973,Patient 1973,Female,69,A-,Kolkata,85,155,Yes,Yes
P01974,Patient 1974,M,19,O+,Pune,116,171,No,
P01975,Patient 1975,F,80,AB-,Delhi,66,186,Yes,No
P01976,Patient 1976,F,48,A-,Chennai,39,149,,
P01977,Patient 1977,female,11,O+,Chennai,78,180,No,Yes
P01978,Patient 1978,female,24,A-,Hyderabad,67,186,No,Yes
P01979,Patient 1979,male,25,B-,Bengaluru,108,156,Yes,No
P01980,Patient 1980,M,74,O+,Bengaluru,95,153,,Yes
P01981,Patient 1981,Male,36,AB+,Mumbai,99,182,,No
P01982,Patient 1982,Female,35,A+,Hyderabad,35,166,No,
P01983,Patient 1983,M,17,O-,Delhi,70,157,Yes,Yes
P01984,Patient 1984,Male,3,O+,Bengaluru,76,154,,
P01985,Patient 1985,female,59,O-,Kolkata,110,166,No,No
P01986,Patient 1986,male,72,O-,Pune,36,161,No,Yes
P01987,Patient 1987,F,60,B+,Bengaluru,98,153,No,No
P01988,Patient 1988,F,52,A-,Bengaluru,39,182,No,
P01989,Patient 1989,female,45,O-,Pune,45,153,No,No
P01990,Patient 1990,Female,58,B+,Kolkata,94,141,No,
P01991,Patient 1991,Male,56,O+,Kolkata,88,188,,No
P01992,Patient 1992,Female,31,AB+,Kolkata,83,174,Yes,Yes
P01993,Patient 1993,Male,51,O+,Mumbai,62,153,Yes,
P01994,Patient 1994,male,52,B-,Chennai,105,166,,No
P01995,Patient 1995,Male,41,O-,Kolkata,81,180,,
P01996,Patient 1996,M,51,AB-,Pune,63,165,No,Yes
P01997,Patient 1997,Male,23,O-,Hyderabad,86,158,No,
P01998,Patient 1998,F,-3,AB+,Chennai,47,164,No,Yes
P01999,Patient 1999,Female,82,B+,Kolkata,38,179,,
P02000,Patient 2000,female,11,AB+,Delhi,111,176,No,
P02001,Patient 2001,female,32,AB-,Bengaluru,56,176,Yes,No
P02002,Patient 2002,female,3,AB+,Kolkata,111,190,,Yes
P02003,Patient 2003,female,21,B-,Mumbai,93,163,No,
P02004,Patient 2004,male,26,A-,Delhi,76,148,Yes,
P02005,Patient 2005,female,60,AB-,Mumbai,93,155,Yes,No
P02006,Patient 2006,F,65,O-,Hyderabad,117,147,Yes,Yes
P02007,Patient 2007,female,60,A+,Bengaluru,43,140,,No
P02008,Patient 2008,Male,67,AB+,Pune,95,164,,
P02009,Patient 2009,F,16,A+,Chennai,,181,No,
P02010,Patient 2010,female,8,A+,Pune,72,165,No,
P02011,Patient 2011,M,66,AB+,Hyderabad,115,181,Yes,Yes
P02012,Patient 2012,F,19,A-,Bengaluru,68,188,Yes,No
P02013,Patient 2013,Female,53,B-,Hyderabad,119,161,No,Yes
P02014,Patient 2014,female,34,A-,Chennai,47,,,No
P02015,Patient 2015,male,32,AB-,Pune,68,161,No,
P02016,Patient 2016,F,34,A+,Hyderabad,107,157,Yes,Yes
P02017,Patient 2017,Female,67,O-,Kolkata,71,141,No,
P02018,Patient 2018,Female,38,O+,Chennai,74,185,,No
P02019,Patient 2019,female,87,B+,Mumbai,72,149,,No
P02020,Patient 2020,Female,50,A+,Hyderabad,67,180,Yes,
P02021,Patient 2021,Male,39,O+,Pune,53,177,,
P02022,Patient 2022,F,67,B+,Pune,86,170,,Yes
P02023,Patient 2023,F,76,O-,Chennai,99,160,No,
P02024,Patient 2024,Female,22,AB-,Chennai,102,170,Yes,
P02025,Patient 2025,male,9,B-,Mumbai,78,154,Yes,No
P02026,Patient 2026,Female,78,O-,Chennai,50,181,No,
P02027,Patient 2027,F,82,B-,Bengaluru,36,187,Yes,No
P02028,Patient 2028,female,86,A-,Pune,39,165,,Yes
P02029,Patient 2029,female,35,A-,Hyderabad,105,174,Yes,No
P02030,Patient 2030,Female,73,O+,Hyderabad,101,155,,Yes
P02031,Patient 2031,Female,89,AB-,Mumbai,118,155,Yes,
P02032,Patient 2032,Male,35,B-,Bengaluru,105,157,Yes,Yes
P02033,Patient 2033,Female,67,B-,Mumbai,73,143,,
P02034,Patient 2034,F,62,A+,Pune,94,146,,Yes
P02035,Patient 2035,M,,A-,Chennai,96,147,Yes,Yes
P02036,Patient 2036,F,70,AB-,Pune,110,153,,Yes
P02037,Patient 2037,female,75,AB-,Hyderabad,90,147,,Yes
P02038,Patient 2038,M,76,A+,Pune,116,179,No,
P02039,Patient 2039,Female,35,O-,Kolkata,98,180,No,
P02040,Patient 2040,male,37,B-,Pune,117,159,No,
P02041,Patient 2041,female,72,AB-,Delhi,99,159,Yes,No
P02042,Patient 2042,M,1,AB-,Mumbai,75,172,Yes,Yes
P02043,Patient 2043,M,56,O-,Bengaluru,73,146,,
P02044,Patient 2044,Male,24,B-,Mumbai,59,189,No,
P02045,Patient 2045,F,40,AB-,Delhi,75,189,,No
P02046,Patient 2046,female,79,B+,Pune,61,176,Yes,Yes
P02047,Patient 2047,F,51,B+,Pune,56,150,,No
P02048,Patient 2048,M,84,O+,Mumbai,111,190,No,No
P02049,Patient 2049,male,39,O-,Bengaluru,82,149,No,
P02050,Patient 2050,M,41,AB+,Hyderabad,,159,No,Yes
P02051,Patient 2051,male,52,B+,Chennai,42,166,No,Yes
P02052,Patient 2052,female,26,O+,Pune,61,182,No,Yes
P02053,Patient 2053,M,42,O-,Kolkata,89,190,,
P02054,Patient 2054,F,26,AB-,Hyderabad,62,179,No,Yes
P02055,Patient 2055,male,10,AB-,Bengaluru,66,150,,No
P02056,Patient 2056,female,6,AB-,Mumbai,119,164,No,
P02057,Patient 2057,Male,76,A+,Bengaluru,83,143,No,No
P02058,Patient 2058,male,69,A-,Chennai,82,168,Yes,
P02059,Patient 2059,female,10,AB+,Hyderabad,76,189,Yes,Yes
P02060,Patient 2060,Female,76,A-,Chennai,73,176,Yes,No
P02061,Patient 2061,female,74,O+,Kolkata,104,188,,No
P02062,Patient 2062,Male,89,O-,Hyderabad,37,148,No,No
P02063,Patient 2063,M,28,B-,Chennai,58,160,No,No
P02064,Patient 2064,F,26,A+,Mumbai,68,156,Yes,
P02065,Patient 2065,M,53,A+,Hyderabad,89,165,,Yes
P02066,Patient 2066,F,66,AB+,Delhi,82,141,,No
P02067,Patient 2067,F,69,O-,Bengaluru,97,,Yes,
P02068,Patient 2068,F,10,A-,Kolkata,107,145,Yes,
P02069,Patient 2069,F,12,B-,Hyderabad,108,169,Yes,
P02070,Patient 2070,M,56,B+,Bengaluru,70,169,No,Yes
P02071,Patient 2071,male,24,AB-,Kolkata,117,176,,
P02072,Patient 2072,F,,O+,Delhi,37,165,,No
P02073,Patient 2073,male,3,AB+,Mumbai,36,154,No,Yes
P02074,Patient 2074,M,75,B-,Hyderabad,76,174,,No
P02075,Patient 2075,Female,74,B-,Pune,54,152,Yes,Yes
P02076,Patient 2076,Male,4,B+,Kolkata,103,178,No,Yes
P02077,Patient 2077,female,42,B-,Mumbai,75,154,No,Yes
P02078,Patient 2078,Female,55,O-,Delhi,69,154,Yes,No
P02079,Patient 2079,M,16,B-,Chennai,83,141,Yes,No
P02080,Patient 2080,Female,57,AB+,Kolkata,86,152,Yes,Yes
P02081,Patient 2081,female,23,A-,Mumbai,99,177,Yes,Yes
P02082,Patient 2082,female,63,O-,Chennai,112,162,Yes,Yes
P02083,Patient 2083,M,12,O+,Kolkata,99,163,Yes,No
P02084,Patient 2084,M,3,AB+,Hyderabad,35,164,Yes,No
P02085,Patient 2085,M,47,O+,Mumbai,74,144,,Yes
P02086,Patient 2086,M,84,A+,Pune,240,164,,
P02087,Patient 2087,Female,42,B+,Kolkata,40,149,Yes,Yes
P02088,Patient 2088,female,67,AB-,Hyderabad,54,148,Yes,Yes
P02089,Patient 2089,female,77,O+,Pune,61,187,,No
P02090,Patient 2090,Female,21,B+,Bengaluru,88,151,,Yes
P02091,Patient 2091,Female,47,A+,Chennai,,190,Yes,No
P02092,Patient 2092,male,52,O-,Delhi,115,163,Yes,No
P02093,Patient 2093,female,4,B+,Chennai,95,142,Yes,
P02094,Patient 2094,F,49,B+,Mumbai,111,186,Yes,Yes
P02095,Patient 2095,M,45,A-,Delhi,63,145,No,No
P02096,Patient 2096,Female,54,A+,Pune,103,168,No,No
P02097,Patient 2097,female,33,O-,Kolkata,51,160,,
P02098,Patient 2098,female,13,B-,Mumbai,96,171,Yes,
P02099,Patient 2099,female,17,A-,Bengaluru,53,154,Yes,
P02100,Patient 2100,Male,52,B-,Mumbai,71,179,No,Yes
P02101,Patient 2101,female,85,AB-,Bengaluru,73,161,,
P02102,Patient 2102,Female,67,O-,Chennai,108,157,No,
P02103,Patient 2103,Male,19,AB+,Bengaluru,109,187,Yes,Yes
P02104,Patient 2104,female,24,A+,Hyderabad,36,149,Yes,Yes
P02105,Patient 2105,F,51,AB-,Chennai,76,140,No,Yes
P02106,Patient 2106,M,81,B-,Chennai,108,165,,No
P02107,Patient 2107,female,70,O+,Bengaluru,91,147,,No
P02108,Patient 2108,male,44,AB-,Hyderabad,58,156,,No
P02109,Patient 2109,male,-3,O+,Delhi,47,182,No,No
P02110,Patient 2110,Female,83,A-,Mumbai,38,174,No,Yes
P02111,Patient 2111,male,16,B+,Hyderabad,105,185,No,No
P02112,Patient 2112,Male,58,B+,Chennai,90,175,,Yes
P02113,Patient 2113,Male,19,B-,Bengaluru,63,189,,No
P02114,Patient 2114,Female,68,A+,Hyderabad,111,189,,No
P02115,Patient 2115,F,70,B+,Pune,64,184,Yes,Yes
P02116,Patient 2116,female,88,B-,Hyderabad,56,180,,Yes
P02117,Patient 2117,Female,70,O+,Delhi,113,167,No,No
P02118,Patient 2118,M,50,AB-,Pune,101,166,Yes,
P02119,Patient 2119,male,39,O+,Mumbai,35,144,,
P02120,Patient 2120,M,77,B+,Mumbai,43,,No,Yes
P02121,Patient 2121,Female,32,AB+,Chennai,85,190,,Yes
P02122,Patient 2122,Female,32,O+,Mumbai,79,144,No,Yes
P02123,Patient 2123,M,75,B+,Bengaluru,54,153,No,No
P02124,Patient 2124,F,2,O+,Kolkata,116,147,Yes,
P02125,Patient 2125,female,77,AB-,Pune,95,154,Yes,
P02126,Patient 2126,Male,79,O-,Pune,93,149,Yes,No
P02127,Patient 2127,M,33,AB+,Kolkata,49,180,Yes,
P02128,Patient 2128,male,89,B-,Kolkata,97,188,Yes,Yes
P02129,Patient 2129,Female,78,AB-,Hyderabad,111,163,,No
P02130,Patient 2130,Male,54,O+,Hyderabad,42,180,,
P02131,Patient 2131,F,36,O-,Chennai,67,180,,No
P02132,Patient 2132,Male,46,AB-,Mumbai,,140,,No
P02133,Patient 2133,female,29,O+,Delhi,110,167,,No
P02134,Patient 2134,M,72,AB+,Delhi,112,176,,Yes
P02135,Patient 2135,F,76,A-,Delhi,117,146,Yes,No
P02136,Patient 2136,M,75,A+,Pune,112,166,,No
P02137,Patient 2137,Male,59,AB+,Hyderabad,108,173,,
P02138,Patient 2138,Female,56,B+,Delhi,120,141,,No
P02139,Patient 2139,Male,13,AB-,Hyderabad,72,166,No,No
P02140,Patient 2140,Female,88,O+,Chennai,79,162,Yes,No
P02141,Patient 2141,Female,59,B-,Kolkata,116,156,,
P02142,Patient 2142,male,42,B+,Hyderabad,86,188,No,Yes
P02143,Patient 2143,F,43,B-,Pune,80,179,No,Yes
P02144,Patient 2144,male,12,AB-,Bengaluru,116,165,Yes,No
P02145,Patient 2145,M,26,O-,Pune,68,185,No,No
P02146,Patient 2146,Male,,A-,Mumbai,56,160,,No
P02147,Patient 2147,male,65,B+,Chennai,117,175,,
P02148,Patient 2148,Male,10,AB+,Hyderabad,60,145,No,Yes
P02149,Patient 2149,M,44,B+,Chennai,103,162,Yes,
P02150,Patient 2150,Male,38,O-,Mumbai,113,176,No,Yes
P02151,Patient 2151,female,32,O+,Delhi,105,149,No,Yes
P02152,Patient 2152,Female,89,AB-,Bengaluru,63,155,Yes,Yes
P02153,Patient 2153,Male,2,AB-,Hyderabad,72,155,No,No
P02154,Patient 2154,Female,72,AB+,Mumbai,105,176,,
P02155,Patient 2155,M,52,O+,Bengaluru,115,176,No,No
P02156,Patient 2156,Female,56,O-,Kolkata,82,163,No,Yes
P02157,Patient 2157,female,89,B-,Hyderabad,52,160,,
P02158,Patient 2158,F,17,AB-,Kolkata,47,190,No,Yes
P02159,Patient 2159,male,78,B-,Chennai,64,186,No,
P02160,Patient 2160,M,7,AB-,Kolkata,93,179,No,Yes
P02161,Patient 2161,M,22,A+,Pune,37,175,No,
P02162,Patient 2162,male,19,A-,Bengaluru,43,183,No,
P02163,Patient 2163,F,33,AB-,Chennai,38,185,,Yes
P02164,Patient 2164,M,51,O+,Kolkata,62,182,,
P02165,Patient 2165,F,39,AB+,Mumbai,77,154,,
P02166,Patient 2166,F,76,A+,Bengaluru,75,140,No,
P02167,Patient 2167,Male,16,AB+,Bengaluru,44,179,Yes,
P02168,Patient 2168,Female,25,B+,Delhi,66,178,,No
P02169,Patient 2169,Male,16,AB+,Kolkata,77,145,,
P02170,Patient 2170,female,50,AB-,Mumbai,87,164,No,Yes
P02171,Patient 2171,Female,13,AB+,Pune,74,162,No,Yes
P02172,Patient 2172,Female,24,B-,Pune,68,165,,
P02173,Patient 2173,Male,11,O+,Delhi,,,,Yes
P02174,Patient 2174,male,72,A-,Mumbai,42,183,Yes,
P02175,Patient 2175,M,2,O+,Delhi,35,160,,
P02176,Patient 2176,Female,48,AB-,Mumbai,43,151,,Yes
P02177,Patient 2177,Female,45,O-,Kolkata,47,183,Yes,No
P02178,Patient 2178,M,23,A+,Kolkata,99,149,Yes,
P02179,Patient 2179,Male,16,O-,Bengaluru,74,158,Yes,
P02180,Patient 2180,M,67,B-,Kolkata,56,146,Yes,
P02181,Patient 2181,F,44,AB+,Hyderabad,93,182,No,Yes
P02182,Patient 2182,male,86,B-,Pune,105,144,Yes,Yes
P02183,Patient 2183,M,,A+,Pune,59,190,Yes,No
P02184,Patient 2184,F,85,A-,Bengaluru,110,146,,No
P02185,Patient 2185,female,68,AB+,Hyderabad,107,176,,
P02186,Patient 2186,Female,26,AB-,Hyderabad,71,160,Yes,No
P02187,Patient 2187,M,81,AB+,Delhi,89,165,No,Yes
P02188,Patient 2188,F,63,AB-,Kolkata,48,160,No,No
P02189,Patient 2189,female,64,A+,Kolkata,71,189,Yes,Yes
P02190,Patient 2190,female,12,B+,Bengaluru,74,177,No,
P02191,Patient 2191,Male,7,O+,Chennai,103,141,Yes,No
P02192,Patient 2192,M,69,B+,Kolkata,41,183,No,
P02193,Patient 2193,Male,90,AB-,Mumbai,40,153,Yes,
P02194,Patient 2194,Female,41,AB-,Mumbai,44,185,,
P02195,Patient 2195,M,79,B-,Bengaluru,36,142,Yes,No
P02196,Patient 2196,male,1,B+,Chennai,65,182,Yes,No
P02197,Patient 2197,Female,52,B-,Kolkata,40,149,,No
P02198,Patient 2198,female,55,O+,Mumbai,108,185,,
P02199,Patient 2199,Male,35,AB+,Hyderabad,87,184,No,No
P02200,Patient 2200,M,36,O+,Kolkata,59,189,Yes,
P02201,Patient 2201,female,89,AB-,Mumbai,85,142,,
P02202,Patient 2202,Male,29,A-,Mumbai,44,180,No,Yes
P02203,Patient 2203,Female,24,O+,Bengaluru,103,160,,
P02204,Patient 2204,male,51,O+,Hyderabad,71,174,,No
P02205,Patient 2205,Female,14,A-,Kolkata,50,165,No,Yes
P02206,Patient 2206,M,17,AB-,Delhi,101,142,Yes,Yes
P02207,Patient 2207,Male,5,A-,Mumbai,84,151,No,
P02208,Patient 2208,Female,48,AB-,Kolkata,91,187,Yes,
P02209,Patient 2209,Female,65,O-,Delhi,59,189,,Yes
P02210,Patient 2210,Female,20,O-,Chennai,78,156,Yes,
P02211,Patient 2211,Female,8,O+,Kolkata,85,164,Yes,Yes
P02212,Patient 2212,male,24,AB-,Delhi,115,152,No,Yes
P02213,Patient 2213,male,32,B+,Mumbai,112,173,,No
P02214,Patient 2214,Male,8,AB+,Kolkata,,183,,Yes
P02215,Patient 2215,male,80,O-,Delhi,56,186,Yes,Yes
P02216,Patient 2216,M,88,A+,Kolkata,64,140,Yes,No
P02217,Patient 2217,female,73,A+,Kolkata,50,154,,Yes
P02218,Patient 2218,F,3,AB+,Pune,118,170,,
P02219,Patient 2219,Female,50,AB-,Kolkata,92,187,No,No
P02220,Patient 2220,Female,-3,AB-,Kolkata,93,170,No,Yes
P02221,Patient 2221,female,19,B+,Chennai,71,180,No,Yes
P02222,Patient 2222,male,48,B+,Delhi,37,167,No,No
P02223,Patient 2223,Female,70,O-,Mumbai,64,165,No,No
P02224,Patient 2224,M,54,AB-,Chennai,93,186,No,No
P02225,Patient 2225,M,44,B+,Bengaluru,76,182,,Yes
P02226,Patient 2226,Female,32,B-,Hyderabad,62,,,
P02227,Patient 2227,F,80,AB+,Pune,81,169,,No
P02228,Patient 2228,M,28,A-,Kolkata,85,149,,No
P02229,Patient 2229,Male,39,B-,Mumbai,114,166,No,
P02230,Patient 2230,F,21,AB+,Mumbai,119,164,No,Yes
P02231,Patient 2231,F,89,B+,Pune,61,164,,
P02232,Patient 2232,M,73,B-,Mumbai,54,181,No,No
P02233,Patient 2233,Female,60,AB-,Pune,66,187,,
P02234,Patient 2234,female,68,A-,Hyderabad,115,142,Yes,Yes
P02235,Patient 2235,male,3,A-,Pune,240,143,No,Yes
P02236,Patient 2236,Male,20,O-,Kolkata,62,159,No,
P02237,Patient 2237,female,58,B+,Pune,95,161,No,Yes
P02238,Patient 2238,Female,72,AB+,Delhi,55,149,,
P02239,Patient 2239,F,53,AB-,Bengaluru,55,175,No,
P02240,Patient 2240,Female,32,AB-,Delhi,49,182,Yes,Yes
P02241,Patient 2241,M,49,B+,Hyderabad,95,164,Yes,
P02242,Patient 2242,F,89,B+,Chennai,81,168,Yes,No
P02243,Patient 2243,male,86,A-,Pune,107,162,Yes,Yes
P02244,Patient 2244,female,18,AB+,Mumbai,114,159,Yes,
P02245,Patient 2245,male,26,A-,Pune,116,160,,No
P02246,Patient 2246,M,3,B+,Pune,114,177,No,Yes
P02247,Patient 2247,Male,66,AB-,Pune,70,173,Yes,Yes
P02248,Patient 2248,male,84,O+,Chennai,65,184,No,No
P02249,Patient 2249,female,6,AB-,Bengaluru,69,187,Yes,No
P02250,Patient 2250,F,71,A+,Bengaluru,39,148,,Yes
P02251,Patient 2251,M,39,AB+,Chennai,83,152,Yes,
P02252,Patient 2252,M,87,O-,Pune,69,184,,No
P02253,Patient 2253,male,53,O+,Kolkata,78,148,Yes,No
P02254,Patient 2254,M,37,A-,Hyderabad,69,145,,No
P02255,Patient 2255,Female,66,A-,Mumbai,,141,Yes,Yes
P02256,Patient 2256,F,48,B-,Hyderabad,43,149,Yes,Yes
P02257,Patient 2257,male,,A-,Mumbai,36,187,,
P02258,Patient 2258,female,59,A-,Kolkata,115,161,Yes,Yes
P02259,Patient 2259,Male,18,B+,Delhi,60,187,,Yes
P02260,Patient 2260,female,1,B-,Mumbai,90,190,Yes,
P02261,Patient 2261,female,11,B-,Chennai,84,160,Yes,
P02262,Patient 2262,Female,64,AB-,Pune,112,185,,
P02263,Patient 2263,Female,76,A+,Delhi,42,168,Yes,Yes
P02264,Patient 2264,F,34,B-,Bengaluru,53,174,Yes,
P02265,Patient 2265,male,10,B-,Mumbai,59,151,No,
P02266,Patient 2266,M,76,O+,Mumbai,72,178,No,No
P02267,Patient 2267,Male,45,O+,Pune,65,173,Yes,Yes
P02268,Patient 2268,male,8,A+,Kolkata,43,171,No,Yes
P02269,Patient 2269,female,87,A-,Pune,92,140,,No
P02270,Patient 2270,Male,90,O+,Bengaluru,112,183,No,No
P02271,Patient 2271,M,46,O+,Hyderabad,96,163,No,No
P02272,Patient 2272,F,70,B+,Delhi,59,154,,No
P02273,Patient 2273,male,53,AB+,Chennai,94,169,No,No
P02274,Patient 2274,M,20,AB+,Delhi,53,187,Yes,No
P02275,Patient 2275,M,49,O-,Delhi,115,149,No,
P02276,Patient 2276,Female,23,B-,Delhi,54,177,Yes,No
P02277,Patient 2277,male,61,B-,Delhi,54,157,No,No
P02278,Patient 2278,male,21,B-,Mumbai,73,175,No,
P02279,Patient 2279,Female,64,AB-,Bengaluru,90,,Yes,No
P02280,Patient 2280,female,14,AB-,Kolkata,43,160,No,Yes
P02281,Patient 2281,Female,31,AB+,Chennai,101,171,Yes,No
P02282,Patient 2282,female,81,O+,Bengaluru,55,161,,No
P02283,Patient 2283,Female,79,O+,Pune,50,178,,No
P02284,Patient 2284,F,89,AB-,Delhi,51,163,Yes,No
P02285,Patient 2285,Female,48,O-,Bengaluru,88,155,Yes,No
P02286,Patient 2286,male,82,O-,Kolkata,95,190,No,
P02287,Patient 2287,female,25,B-,Bengaluru,51,160,,
P02288,Patient 2288,F,31,AB-,Delhi,66,171,No,
P02289,Patient 2289,Female,13,O-,Delhi,84,188,,No
P02290,Patient 2290,male,60,A-,Chennai,112,186,No,Yes
P02291,Patient 2291,Male,36,AB-,Mumbai,53,163,Yes,
P02292,Patient 2292,F,1,AB-,Kolkata,76,162,Yes,No
P02293,Patient 2293,F,41,B-,Hyderabad,97,160,,Yes
P02294,Patient 2294,male,,A+,Bengaluru,112,147,Yes,
P02295,Patient 2295,M,65,AB+,Bengaluru,71,155,Yes,No
P02296,Patient 2296,male,34,A+,Delhi,,149,,
P02297,Patient 2297,M,54,B+,Chennai,45,163,,No
P02298,Patient 2298,M,72,O-,Delhi,55,178,No,No
P02299,Patient 2299,F,36,AB-,Pune,60,185,Yes,
P02300,Patient 2300,Male,17,A+,Hyderabad,76,141,No,
P02301,Patient 2301,male,62,AB+,Kolkata,82,149,Yes,
P02302,Patient 2302,M,56,B+,Pune,117,160,,Yes
P02303,Patient 2303,F,83,A+,Kolkata,71,160,Yes,
P02304,Patient 2304,Male,17,B+,Mumbai,98,144,Yes,
P02305,Patient 2305,male,21,O-,Pune,65,145,Yes,No
P02306,Patient 2306,M,44,A+,Kolkata,43,171,No,
P02307,Patient 2307,Male,51,B-,Chennai,54,175,Yes,Yes
P02308,Patient 2308,Male,34,A+,Delhi,64,155,,
P02309,Patient 2309,Male,29,B-,Hyderabad,96,142,Yes,Yes
P02310,Patient 2310,male,18,AB+,Hyderabad,99,160,,
P02311,Patient 2311,male,51,AB-,Delhi,37,172,,
P02312,Patient 2312,Male,90,A+,Mumbai,88,175,,Yes
P02313,Patient 2313,M,27,A+,Pune,64,177,,Yes
P02314,Patient 2314,Female,75,AB+,Mumbai,82,172,Yes,
P02315,Patient 2315,F,1,O+,Pune,115,187,,No
P02316,Patient 2316,Female,66,O+,Pune,84,150,Yes,No
P02317,Patient 2317,female,34,O+,Chennai,85,147,Yes,No
P02318,Patient 2318,F,78,AB+,Mumbai,118,182,Yes,Yes
P02319,Patient 2319,female,6,B-,Mumbai,84,146,,
P02320,Patient 2320,male,39,O-,Chennai,62,177,Yes,
P02321,Patient 2321,male,81,B-,Kolkata,64,176,Yes,No
P02322,Patient 2322,male,2,B-,Chennai,62,151,,No
P02323,Patient 2323,F,42,B+,Chennai,93,165,No,
P02324,Patient 2324,female,77,B-,Delhi,71,190,,Yes
P02325,Patient 2325,Male,1,A+,Pune,38,179,Yes,No
P02326,Patient 2326,F,57,B+,Delhi,83,186,Yes,No
P02327,Patient 2327,M,28,O-,Delhi,117,152,No,No
P02328,Patient 2328,Male,84,A-,Pune,37,159,Yes,No
P02329,Patient 2329,female,59,A+,Chennai,61,147,Yes,Yes
P02330,Patient 2330,Female,15,AB-,Hyderabad,46,186,,
P02331,Patient 2331,Male,-3,AB-,Delhi,69,157,,
P02332,Patient 2332,M,20,AB+,Delhi,62,,Yes,No
P02333,Patient 2333,Female,56,A+,Kolkata,94,166,Yes,
P02334,Patient 2334,male,9,AB-,Mumbai,70,185,No,Yes
P02335,Patient 2335,Female,86,AB-,Hyderabad,69,152,Yes,
P02336,Patient 2336,F,6,AB-,Hyderabad,107,167,Yes,
P02337,Patient 2337,Male,7,O-,Chennai,,163,No,
P02338,Patient 2338,male,21,B+,Pune,82,182,,
P02339,Patient 2339,F,45,AB+,Pune,87,151,No,No
P02340,Patient 2340,M,38,AB+,Pune,53,183,No,Yes
P02341,Patient 2341,male,78,O-,Bengaluru,67,148,No,No
P02342,Patient 2342,male,70,B+,Kolkata,56,142,No,
P02343,Patient 2343,Female,81,B-,Hyderabad,55,176,,No
P02344,Patient 2344,F,11,A+,Kolkata,88,147,Yes,
P02345,Patient 2345,female,1,B+,Bengaluru,67,175,Yes,
P02346,Patient 2346,male,43,O-,Kolkata,97,147,No,
P02347,Patient 2347,F,85,O-,Bengaluru,85,154,No,
P02348,Patient 2348,female,14,AB-,Mumbai,63,180,,Yes
P02349,Patient 2349,M,1,B+,Delhi,99,146,,No
P02350,Patient 2350,Female,31,A-,Hyderabad,86,159,Yes,Yes
P02351,Patient 2351,Male,3,B-,Mumbai,38,158,,Yes
P02352,Patient 2352,Male,9,AB+,Pune,67,168,,No
P02353,Patient 2353,male,2,AB+,Pune,111,159,Yes,No
P02354,Patient 2354,M,55,A+,Bengaluru,114,177,No,Yes
P02355,Patient 2355,Male,64,O+,Bengaluru,75,162,No,No
P02356,Patient 2356,female,69,O-,Bengaluru,47,167,No,Yes
P02357,Patient 2357,Male,49,AB-,Pune,39,171,,Yes
P02358,Patient 2358,female,11,A-,Chennai,66,186,No,
P02359,Patient 2359,M,44,A+,Pune,65,178,No,
P02360,Patient 2360,M,58,A-,Delhi,62,179,,Yes
P02361,Patient 2361,M,76,A-,Kolkata,38,172,Yes,No
P02362,Patient 2362,F,36,A+,Pune,107,164,,Yes
P02363,Patient 2363,Female,90,AB-,Pune,101,171,Yes,Yes
P02364,Patient 2364,M,38,A-,Bengaluru,111,161,Yes,Yes
P02365,Patient 2365,Female,26,A+,Chennai,96,171,,
P02366,Patient 2366,male,23,B+,Mumbai,83,142,No,
P02367,Patient 2367,female,75,AB-,Hyderabad,98,154,,Yes
P02368,Patient 2368,Female,,A+,Chennai,56,148,No,No
P02369,Patient 2369,female,90,O-,Bengaluru,90,141,,Yes
P02370,Patient 2370,male,54,AB+,Kolkata,95,142,,No
P02371,Patient 2371,male,9,O-,Chennai,43,145,No,
P02372,Patient 2372,Male,32,B+,Delhi,52,147,,Yes
P02373,Patient 2373,female,86,O-,Kolkata,60,168,No,No
P02374,Patient 2374,F,9,AB+,Delhi,119,151,,Yes
P02375,Patient 2375,male,30,B+,Bengaluru,60,149,,No
P02376,Patient 2376,F,2,A+,Delhi,82,143,,
P02377,Patient 2377,Male,35,O+,Hyderabad,109,173,Yes,No
P02378,Patient 2378,Female,32,AB-,Chennai,,153,No,Yes
P02379,Patient 2379,F,13,A-,Mumbai,57,164,,Yes
P02380,Patient 2380,Male,66,AB-,Kolkata,53,188,Yes,
P02381,Patient 2381,M,22,O-,Mumbai,66,180,No,No
P02382,Patient 2382,male,8,AB+,Delhi,90,142,Yes,
P02383,Patient 2383,F,48,B-,Bengaluru,85,168,Yes,No
P02384,Patient 2384,female,79,B+,Mumbai,240,166,,
P02385,Patient 2385,Male,37,AB+,Kolkata,98,,Yes,No
P02386,Patient 2386,female,9,B+,Hyderabad,106,145,,Yes
P02387,Patient 2387,male,48,AB-,Bengaluru,70,165,No,No
P02388,Patient 2388,male,69,AB-,Kolkata,112,160,No,No
P02389,Patient 2389,F,89,B+,Chennai,110,184,No,Yes
P02390,Patient 2390,F,89,A-,Pune,97,161,,No
P02391,Patient 2391,F,35,B-,Pune,71,178,No,Yes
P02392,Patient 2392,male,73,B-,Hyderabad,59,162,No,
P02393,Patient 2393,male,87,AB+,Bengaluru,87,157,,Yes
P02394,Patient 2394,female,79,O+,Mumbai,52,189,,
P02395,Patient 2395,male,47,B-,Hyderabad,104,175,No,
P02396,Patient 2396,female,67,O+,Bengaluru,57,147,Yes,Yes
P02397,Patient 2397,Female,77,AB-,Pune,116,161,Yes,No
P02398,Patient 2398,M,62,O-,Mumbai,69,176,No,
P02399,Patient 2399,M,10,AB+,Delhi,67,147,Yes,Yes
P02400,Patient 2400,F,33,O+,Kolkata,98,169,,No
P02401,Patient 2401,M,26,AB-,Kolkata,69,143,Yes,No
P02402,Patient 2402,Male,56,B+,Mumbai,84,160,Yes,No
P02403,Patient 2403,male,7,A-,Kolkata,40,144,,No
P02404,Patient 2404,female,17,AB+,Mumbai,47,187,Yes,
P02405,Patient 2405,Male,,O-,Kolkata,42,140,,No
P02406,Patient 2406,Female,37,B-,Kolkata,90,155,,
P02407,Patient 2407,Female,35,B+,Delhi,105,162,,
P02408,Patient 2408,M,41,B-,Kolkata,63,150,,Yes
P02409,Patient 2409,female,21,O+,Hyderabad,46,176,No,Yes
P02410,Patient 2410,Female,13,B-,Chennai,66,166,,Yes
P02411,Patient 2411,Male,23,A+,Mumbai,63,157,,No
P02412,Patient 2412,M,56,AB-,Mumbai,109,178,Yes,Yes
P02413,Patient 2413,M,11,AB-,Mumbai,87,185,,No
P02414,Patient 2414,F,79,O+,Mumbai,83,141,,No
P02415,Patient 2415,male,56,A+,Chennai,102,161,,
P02416,Patient 2416,Female,50,O-,Mumbai,91,178,,Yes
P02417,Patient 2417,M,77,B-,Mumbai,83,150,No,No
P02418,Patient 2418,female,52,O+,Mumbai,70,155,No,
P02419,Patient 2419,F,61,B-,Bengaluru,,183,,Yes
P02420,Patient 2420,F,58,O-,Pune,37,164,No,Yes
P02421,Patient 2421,M,63,AB+,Delhi,90,186,No,No
P02422,Patient 2422,male,45,O+,Chennai,64,157,Yes,Yes
P02423,Patient 2423,F,29,B-,Hyderabad,109,181,Yes,No
P02424,Patient 2424,Female,47,A-,Bengaluru,41,188,Yes,Yes
P02425,Patient 2425,male,79,A-,Kolkata,105,143,No,No
P02426,Patient 2426,M,20,O+,Hyderabad,72,149,Yes,Yes
P02427,Patient 2427,F,53,A-,Mumbai,74,150,Yes,
P02428,Patient 2428,female,7,B+,Pune,108,181,,No
P02429,Patient 2429,Male,55,B-,Kolkata,56,155,,Yes
P02430,Patient 2430,Female,9,A-,Hyderabad,47,157,No,
P02431,Patient 2431,F,48,B+,Mumbai,57,149,Yes,No
P02432,Patient 2432,Male,22,A+,Chennai,69,172,Yes,Yes
P02433,Patient 2433,Female,7,B-,Hyderabad,95,149,,No
P02434,Patient 2434,Female,74,AB-,Mumbai,70,169,,Yes
P02435,Patient 2435,F,32,A+,Delhi,55,180,No,Yes
P02436,Patient 2436,F,1,AB-,Bengaluru,71,169,No,
P02437,Patient 2437,M,70,O-,Hyderabad,86,173,,
P02438,Patient 2438,M,52,B+,Kolkata,67,,No,Yes
P02439,Patient 2439,F,5,O-,Hyderabad,61,144,No,Yes
P02440,Patient 2440,M,78,O+,Pune,87,164,Yes,No
P02441,Patient 2441,Male,63,B-,Chennai,60,188,,Yes
P02442,Patient 2442,female,-3,B+,Bengaluru,110,190,No,No
P02443,Patient 2443,Female,32,AB-,Pune,53,141,No,No
P02444,Patient 2444,Female,60,AB-,Mumbai,94,163,No,Yes
P02445,Patient 2445,Male,32,O+,Pune,53,180,Yes,No
P02446,Patient 2446,M,60,A-,Kolkata,84,181,No,No
P02447,Patient 2447,Male,66,AB-,Delhi,105,170,No,No
P02448,Patient 2448,Female,25,A+,Delhi,74,172,Yes,
P02449,Patient 2449,Male,72,B-,Bengaluru,69,143,,No
P02450,Patient 2450,male,4,AB-,Pune,92,165,,No
P02451,Patient 2451,F,37,A-,Chennai,82,143,No,No
P02452,Patient 2452,F,66,A-,Mumbai,39,182,No,No
P02453,Patient 2453,female,85,O+,Mumbai,91,186,Yes,Yes
P02454,Patient 2454,male,12,AB+,Mumbai,113,164,Yes,Yes
P02455,Patient 2455,Female,39,AB+,Kolkata,36,148,Yes,No
P02456,Patient 2456,F,20,O+,Mumbai,89,175,Yes,Yes
P02457,Patient 2457,female,21,AB-,Hyderabad,39,156,Yes,Yes
P02458,Patient 2458,M,60,A-,Delhi,56,183,,No
P02459,Patient 2459,male,44,AB-,Pune,113,186,,
P02460,Patient 2460,female,71,O-,Kolkata,,180,Yes,
P02461,Patient 2461,female,88,O+,Hyderabad,110,173,,Yes
P02462,Patient 2462,M,29,O+,Pune,37,167,,No
P02463,Patient 2463,F,64,O+,Hyderabad,86,143,No,Yes
P02464,Patient 2464,Female,19,B-,Chennai,106,154,Yes,Yes
P02465,Patient 2465,male,90,AB+,Bengaluru,104,172,No,No
P02466,Patient 2466,Male,73,B-,Mumbai,77,159,,No
P02467,Patient 2467,male,85,A+,Chennai,43,189,No,No
P02468,Patient 2468,Male,20,O-,Pune,88,170,Yes,No
P02469,Patient 2469,M,31,B-,Chennai,97,171,No,Yes
P02470,Patient 2470,Female,37,O-,Mumbai,66,179,,No
P02471,Patient 2471,Male,76,A-,Delhi,83,145,,Yes
P02472,Patient 2472,M,20,A-,Hyderabad,104,167,,
P02473,Patient 2473,M,20,B+,Delhi,41,140,Yes,No
P02474,Patient 2474,F,47,A-,Delhi,80,182,Yes,No
P02475,Patient 2475,F,43,A-,Delhi,47,142,,Yes
P02476,Patient 2476,M,25,A-,Pune,56,165,,No
P02477,Patient 2477,F,79,O+,Mumbai,102,144,Yes,No
P02478,Patient 2478,female,78,A-,Chennai,68,150,,Yes
P02479,Patient 2479,M,,O-,Bengaluru,71,142,Yes,
P02480,Patient 2480,F,61,O+,Pune,92,162,,
P02481,Patient 2481,male,52,O-,Mumbai,88,155,Yes,No
P02482,Patient 2482,Male,20,A+,Kolkata,54,142,Yes,Yes
P02483,Patient 2483,Female,14,A-,Pune,92,148,No,
P02484,Patient 2484,female,41,AB-,Chennai,109,155,No,Yes
P02485,Patient 2485,F,83,O+,Bengaluru,120,182,Yes,No
P02486,Patient 2486,Female,84,AB+,Mumbai,39,163,No,Yes
P02487,Patient 2487,M,7,B+,Hyderabad,39,156,No,No
P02488,Patient 2488,female,85,O-,Chennai,85,190,Yes,No
P02489,Patient 2489,F,55,B+,Delhi,119,160,Yes,No
P02490,Patient 2490,male,54,B+,Delhi,46,171,Yes,Yes
P02491,Patient 2491,male,66,B-,Bengaluru,112,,Yes,No
P02492,Patient 2492,male,5,O-,Hyderabad,36,180,,No
P02493,Patient 2493,M,44,B-,Mumbai,35,146,Yes,No
P02494,Patient 2494,female,88,O+,Kolkata,119,187,No,
P02495,Patient 2495,Female,76,AB+,Hyderabad,113,179,,Yes
P02496,Patient 2496,male,59,AB-,Delhi,110,175,No,No
P02497,Patient 2497,female,3,A-,Chennai,87,177,No,No
P02498,Patient 2498,male,78,B-,Chennai,108,154,No,No
P02499,Patient 2499,female,84,O+,Chennai,39,154,No,Yes
P02500,Patient 2500,Female,68,AB-,Mumbai,64,142,No,Yes
P02501,Patient 2501,male,56,AB+,Delhi,,144,,
P02502,Patient 2502,F,82,A+,Chennai,74,189,,Yes
P02503,Patient 2503,male,69,A-,Hyderabad,119,175,Yes,No
P02504,Patient 2504,F,72,B-,Delhi,77,151,,No
P02505,Patient 2505,Female,11,AB-,Delhi,77,181,Yes,Yes
P02506,Patient 2506,male,34,O+,Chennai,56,182,Yes,No
P02507,Patient 2507,Male,27,O+,Pune,55,163,,
P02508,Patient 2508,Male,71,B+,Hyderabad,116,144,Yes,Yes
P02509,Patient 2509,male,31,B+,Delhi,43,189,No,No
P02510,Patient 2510,F,16,AB-,Kolkata,99,189,Yes,No
P02511,Patient 2511,Male,86,O-,Hyderabad,113,157,Yes,No
P02512,Patient 2512,F,23,O+,Bengaluru,84,152,Yes,
P02513,Patient 2513,Female,12,O-,Mumbai,43,150,,
P02514,Patient 2514,female,69,O-,Delhi,59,170,No,No
P02515,Patient 2515,M,56,B-,Mumbai,48,172,Yes,
P02516,Patient 2516,F,,A-,Bengaluru,96,189,Yes,
P02517,Patient 2517,M,64,AB+,Pune,106,189,,No
P02518,Patient 2518,M,26,B-,Delhi,40,142,,No
P02519,Patient 2519,female,3,O-,Chennai,120,163,,Yes
P02520,Patient 2520,Female,41,A-,Kolkata,94,145,,
P02521,Patient 2521,M,15,AB-,Kolkata,110,148,,
P02522,Patient 2522,Male,44,O-,Mumbai,50,179,No,
P02523,Patient 2523,Male,55,A+,Pune,72,142,,Yes
P02524,Patient 2524,Female,90,O+,Pune,68,164,No,Yes
P02525,Patient 2525,M,68,O+,Bengaluru,81,144,No,No
P02526,Patient 2526,male,3,B+,Bengaluru,38,158,Yes,Yes
P02527,Patient 2527,Male,68,O-,Delhi,112,178,Yes,No
P02528,Patient 2528,Female,43,B-,Kolkata,75,147,Yes,Yes
P02529,Patient 2529,F,7,A-,Hyderabad,70,159,,
P02530,Patient 2530,F,74,O+,Delhi,104,159,No,Yes
P02531,Patient 2531,female,40,O-,Pune,88,145,,Yes
P02532,Patient 2532,F,18,A+,Delhi,43,146,No,Yes
P02533,Patient 2533,F,61,A-,Pune,240,165,Yes,
P02534,Patient 2534,male,72,B+,Mumbai,66,145,,
P02535,Patient 2535,Male,90,AB-,Mumbai,48,180,,
P02536,Patient 2536,female,17,B-,Chennai,56,187,Yes,
P02537,Patient 2537,female,67,B-,Chennai,69,176,,Yes
P02538,Patient 2538,F,8,AB+,Mumbai,90,153,,No
P02539,Patient 2539,F,45,AB+,Kolkata,52,165,No,No
P02540,Patient 2540,female,32,AB+,Pune,113,147,,
P02541,Patient 2541,M,64,B-,Bengaluru,35,147,No,
P02542,Patient 2542,female,17,A-,Bengaluru,,151,Yes,Yes
P02543,Patient 2543,female,6,A+,Bengaluru,64,155,Yes,
P02544,Patient 2544,male,51,A-,Kolkata,52,,Yes,
P02545,Patient 2545,Male,27,AB+,Delhi,49,184,No,Yes
P02546,Patient 2546,female,58,A-,Hyderabad,53,149,No,No
P02547,Patient 2547,F,53,O+,Chennai,83,182,,Yes
P02548,Patient 2548,M,82,O-,Mumbai,53,153,,
P02549,Patient 2549,male,32,AB+,Delhi,97,171,No,Yes
P02550,Patient 2550,Male,56,A+,Bengaluru,94,150,No,
P02551,Patient 2551,Male,38,O+,Mumbai,61,166,No,No
P02552,Patient 2552,Male,23,AB-,Hyderabad,89,189,,Yes
P02553,Patient 2553,male,-3,B-,Chennai,93,162,Yes,
P02554,Patient 2554,male,36,B+,Chennai,96,164,Yes,No
P02555,Patient 2555,Female,18,AB-,Chennai,37,189,Yes,
P02556,Patient 2556,Male,66,O+,Bengaluru,117,149,No,
P02557,Patient 2557,female,33,O+,Bengaluru,47,157,No,Yes
P02558,Patient 2558,Female,9,O+,Pune,107,146,Yes,
P02559,Patient 2559,F,72,B+,Bengaluru,113,176,No,
P02560,Patient 2560,male,1,AB+,Kolkata,54,141,No,Yes
P02561,Patient 2561,Male,62,O+,Bengaluru,59,151,No,No
P02562,Patient 2562,Female,90,AB+,Bengaluru,69,177,,
P02563,Patient 2563,M,73,AB-,Kolkata,80,146,Yes,Yes
P02564,Patient 2564,male,42,AB-,Hyderabad,40,161,Yes,
P02565,Patient 2565,M,43,A+,Bengaluru,98,154,Yes,Yes
P02566,Patient 2566,M,73,A+,Mumbai,52,154,No,No
P02567,Patient 2567,female,69,AB-,Bengaluru,44,146,Yes,Yes
P02568,Patient 2568,Male,28,A+,Pune,62,163,Yes,
P02569,Patient 2569,female,53,AB-,Mumbai,50,157,Yes,No
P02570,Patient 2570,Male,31,O+,Hyderabad,113,147,,
P02571,Patient 2571,M,81,O+,Kolkata,65,142,Yes,
P02572,Patient 2572,Female,90,AB+,Pune,35,171,Yes,Yes
P02573,Patient 2573,F,65,O+,Delhi,109,154,No,
P02574,Patient 2574,M,45,B+,Delhi,80,188,,Yes
P02575,Patient 2575,female,81,O+,Mumbai,108,141,Yes,Yes
P02576,Patient 2576,Female,30,B-,Hyderabad,40,186,Yes,Yes
P02577,Patient 2577,Male,17,AB-,Mumbai,72,169,,Yes
P02578,Patient 2578,female,5,B-,Pune,50,186,,No
P02579,Patient 2579,female,88,A-,Hyderabad,90,149,Yes,No
P02580,Patient 2580,male,49,A+,Kolkata,35,150,Yes,
P02581,Patient 2581,Female,54,B-,Delhi,48,145,Yes,No
P02582,Patient 2582,female,14,B+,Pune,90,154,,
P02583,Patient 2583,F,72,O-,Chennai,,177,Yes,
P02584,Patient 2584,Female,69,AB-,Chennai,119,176,Yes,
P02585,Patient 2585,male,57,B-,Bengaluru,70,160,Yes,Yes
P02586,Patient 2586,F,52,AB-,Delhi,72,164,,Yes
P02587,Patient 2587,Female,89,A-,Kolkata,51,143,No,No
P02588,Patient 2588,female,84,B+,Delhi,109,185,,Yes
P02589,Patient 2589,Female,69,A+,Kolkata,64,148,,
P02590,Patient 2590,F,,A-,Pune,65,174,,
P02591,Patient 2591,male,12,B+,Hyderabad,68,156,Yes,Yes
P02592,Patient 2592,Female,55,B-,Bengaluru,97,153,,Yes
P02593,Patient 2593,M,67,A-,Chennai,53,179,,
P02594,Patient 2594,male,70,AB-,Mumbai,45,187,,No
P02595,Patient 2595,Male,44,A+,Hyderabad,38,142,,
P02596,Patient 2596,male,4,B+,Hyderabad,38,145,,
P02597,Patient 2597,female,75,B-,Chennai,45,,Yes,No
P02598,Patient 2598,Male,69,A+,Bengaluru,117,163,Yes,No
P02599,Patient 2599,Male,41,O+,Hyderabad,83,183,No,No
P02600,Patient 2600,Female,21,AB-,Pune,45,174,No,
P02601,Patient 2601,male,10,A+,Pune,54,151,No,No
P02602,Patient 2602,M,6,A+,Delhi,99,167,,Yes
P02603,Patient 2603,Female,1,AB+,Pune,119,156,,No
P02604,Patient 2604,F,12,O+,Kolkata,81,186,Yes,No
P02605,Patient 2605,Female,49,AB+,Mumbai,107,147,No,
P02606,Patient 2606,female,30,A+,Pune,76,163,No,Yes
P02607,Patient 2607,Male,74,A+,Bengaluru,83,186,No,Yes
P02608,Patient 2608,M,53,AB-,Kolkata,61,155,No,Yes
P02609,Patient 2609,Female,80,B+,Delhi,116,173,Yes,No
P02610,Patient 2610,male,7,A-,Kolkata,50,165,,
P02611,Patient 2611,female,1,O+,Hyderabad,68,180,,Yes
P02612,Patient 2612,Female,71,B-,Chennai,95,171,,Yes
P02613,Patient 2613,M,68,O+,Mumbai,117,144,Yes,
P02614,Patient 2614,M,9,O+,Bengaluru,53,184,Yes,
P02615,Patient 2615,female,74,O+,Chennai,117,182,No,Yes
P02616,Patient 2616,female,3,B+,Pune,66,166,,
P02617,Patient 2617,Male,68,O+,Hyderabad,90,153,No,Yes
P02618,Patient 2618,male,60,AB+,Mumbai,40,164,No,No
P02619,Patient 2619,M,38,B-,Bengaluru,40,151,,No
P02620,Patient 2620,Female,44,O+,Mumbai,104,183,,Yes
P02621,Patient 2621,M,86,O+,Chennai,45,170,No,No
P02622,Patient 2622,F,66,A+,Hyderabad,108,173,Yes,
P02623,Patient 2623,F,14,B+,Hyderabad,82,155,No,No
P02624,Patient 2624,female,18,A+,Bengaluru,,179,,No
P02625,Patient 2625,female,5,A+,Hyderabad,72,183,No,Yes
P02626,Patient 2626,male,27,B-,Hyderabad,62,153,,No
P02627,Patient 2627,Male,,AB+,Bengaluru,75,185,Yes,Yes
P02628,Patient 2628,female,14,AB-,Kolkata,46,146,No,
P02629,Patient 2629,F,16,B-,Mumbai,104,143,,Yes
P02630,Patient 2630,Female,81,B+,Chennai,60,171,,No
P02631,Patient 2631,Male,29,A-,Delhi,40,166,,
P02632,Patient 2632,Male,64,AB-,Kolkata,76,164,No,
P02633,Patient 2633,Female,68,B-,Hyderabad,36,140,Yes,Yes
P02634,Patient 2634,M,76,A-,Kolkata,48,161,Yes,
P02635,Patient 2635,female,68,AB+,Pune,36,155,No,
P02636,Patient 2636,female,90,O+,Hyderabad,98,156,,Yes
P02637,Patient 2637,female,54,B-,Chennai,35,179,No,
P02638,Patient 2638,Male,45,O+,Kolkata,52,143,Yes,Yes
P02639,Patient 2639,F,68,O+,Delhi,116,189,,No
P02640,Patient 2640,F,29,AB-,Pune,64,165,Yes,
P02641,Patient 2641,Female,18,B+,Mumbai,87,152,,
P02642,Patient 2642,Female,65,AB-,Pune,53,144,No,No
P02643,Patient 2643,male,54,A+,Bengaluru,44,145,,
P02644,Patient 2644,F,38,AB+,Bengaluru,51,173,Yes,No
P02645,Patient 2645,male,81,B-,Chennai,37,189,No,No
P02646,Patient 2646,female,56,A-,Delhi,40,173,,Yes
P02647,Patient 2647,Female,55,A+,Kolkata,37,142,Yes,No
P02648,Patient 2648,Male,50,A+,Chennai,85,178,Yes,
P02649,Patient 2649,female,59,B-,Delhi,44,160,Yes,Yes
P02650,Patient 2650,Male,33,AB+,Kolkata,78,,,Yes
P02651,Patient 2651,M,56,AB-,Chennai,108,146,,
P02652,Patient 2652,F,19,O+,Pune,114,153,,Yes
P02653,Patient 2653,F,15,A+,Hyderabad,65,159,,No
P02654,Patient 2654,Female,25,AB-,Hyderabad,78,159,,
P02655,Patient 2655,Male,68,B-,Mumbai,52,166,,No
P02656,Patient 2656,Male,79,O-,Chennai,50,143,,
P02657,Patient 2657,F,3,O-,Kolkata,112,143,,
P02658,Patient 2658,F,9,B+,Delhi,72,158,,No
P02659,Patient 2659,M,33,AB+,Hyderabad,109,150,,
P02660,Patient 2660,F,49,AB-,Delhi,119,158,,No
P02661,Patient 2661,male,19,AB+,Bengaluru,103,190,,Yes
P02662,Patient 2662,Male,19,O+,Delhi,77,176,,No
P02663,Patient 2663,Female,73,B+,Mumbai,114,190,Yes,Yes
P02664,Patient 2664,Female,-3,AB+,Chennai,72,189,,
P02665,Patient 2665,female,8,A+,Kolkata,,179,No,Yes
P02666,Patient 2666,M,51,AB+,Delhi,116,147,,No
P02667,Patient 2667,F,23,B-,Kolkata,62,159,,Yes
P02668,Patient 2668,F,42,O-,Bengaluru,120,182,Yes,
P02669,Patient 2669,Male,18,O+,Hyderabad,119,175,Yes,No
P02670,Patient 2670,Female,53,AB+,Pune,119,147,Yes,
P02671,Patient 2671,male,19,B+,Chennai,86,177,,No
P02672,Patient 2672,F,12,AB+,Pune,105,164,No,
P02673,Patient 2673,F,10,AB-,Hyderabad,62,140,No,Yes
P02674,Patient 2674,Female,87,O-,Kolkata,53,189,No,Yes
P02675,Patient 2675,male,33,AB+,Kolkata,59,189,Yes,Yes
P02676,Patient 2676,male,76,A+,Hyderabad,74,172,Yes,Yes
P02677,Patient 2677,Male,62,AB+,Kolkata,63,140,No,No
P02678,Patient 2678,M,9,B-,Delhi,42,147,Yes,
P02679,Patient 2679,Male,25,A+,Delhi,113,161,No,
P02680,Patient 2680,male,8,A-,Pune,113,181,,
P02681,Patient 2681,M,10,AB+,Hyderabad,76,143,Yes,
P02682,Patient 2682,M,67,AB+,Bengaluru,240,177,Yes,Yes
P02683,Patient 2683,male,48,O+,Delhi,63,180,No,No
P02684,Patient 2684,M,57,B+,Delhi,111,158,,No
P02685,Patient 2685,M,18,B+,Kolkata,86,188,Yes,No
P02686,Patient 2686,female,3,AB-,Bengaluru,106,145,,No
P02687,Patient 2687,F,50,A-,Hyderabad,41,150,No,Yes
P02688,Patient 2688,F,51,O+,Delhi,102,183,Yes,Yes
P02689,Patient 2689,Male,26,B+,Pune,93,154,No,
P02690,Patient 2690,M,22,A-,Chennai,60,162,,Yes
P02691,Patient 2691,Female,60,A-,Delhi,36,153,,Yes
P02692,Patient 2692,Female,1,AB+,Mumbai,83,147,,
P02693,Patient 2693,M,41,O-,Chennai,51,169,Yes,Yes
P02694,Patient 2694,female,28,O+,Pune,92,144,No,
P02695,Patient 2695,male,7,A+,Mumbai,56,177,No,No
P02696,Patient 2696,M,66,O+,Pune,40,146,Yes,Yes
P02697,Patient 2697,male,58,A-,Chennai,61,183,No,
P02698,Patient 2698,female,14,AB-,Bengaluru,53,169,,Yes
P02699,Patient 2699,Female,24,A-,Chennai,44,140,,
P02700,Patient 2700,Female,24,O+,Kolkata,48,180,No,Yes
P02701,Patient 2701,female,,AB-,Hyderabad,104,161,,
P02702,Patient 2702,M,78,B-,Hyderabad,91,154,,Yes
P02703,Patient 2703,F,15,O-,Chennai,100,,Yes,No
P02704,Patient 2704,M,30,A+,Chennai,108,188,,
P02705,Patient 2705,M,70,A-,Chennai,116,167,No,
P02706,Patient 2706,Female,8,AB+,Kolkata,,171,Yes,Yes
P02707,Patient 2707,F,47,B+,Delhi,35,164,,Yes
P02708,Patient 2708,male,24,O-,Bengaluru,63,180,Yes,Yes
P02709,Patient 2709,Male,51,O-,Kolkata,119,163,No,Yes
P02710,Patient 2710,F,88,B+,Bengaluru,68,165,Yes,
P02711,Patient 2711,F,84,B+,Pune,57,144,,No
P02712,Patient 2712,F,59,O+,Mumbai,111,142,No,
P02713,Patient 2713,F,78,A+,Mumbai,104,158,Yes,Yes
P02714,Patient 2714,female,43,B-,Bengaluru,39,178,,No
P02715,Patient 2715,male,77,B+,Pune,67,172,,No
P02716,Patient 2716,female,79,A-,Bengaluru,100,175,Yes,No
P02717,Patient 2717,F,45,AB-,Hyderabad,92,180,Yes,
P02718,Patient 2718,male,84,B+,Mumbai,91,145,,No
P02719,Patient 2719,Female,58,B+,Delhi,84,170,,No
P02720,Patient 2720,Male,36,A-,Bengaluru,83,189,,
P02721,Patient 2721,F,60,AB-,Chennai,98,179,,Yes
P02722,Patient 2722,F,80,AB-,Bengaluru,108,167,Yes,Yes
P02723,Patient 2723,Female,41,AB-,Bengaluru,101,176,Yes,
P02724,Patient 2724,F,69,A+,Chennai,75,183,,Yes
P02725,Patient 2725,Female,88,O-,Delhi,115,190,,No
P02726,Patient 2726,M,4,AB+,Bengaluru,119,163,,No
P02727,Patient 2727,Male,88,A+,Bengaluru,93,176,Yes,Yes
P02728,Patient 2728,female,36,O-,Hyderabad,104,151,No,No
P02729,Patient 2729,M,33,AB-,Kolkata,58,173,No,Yes
P02730,Patient 2730,male,18,B+,Bengaluru,80,179,Yes,
P02731,Patient 2731,F,18,O+,Hyderabad,103,187,No,Yes
P02732,Patient 2732,Male,25,O-,Chennai,104,176,Yes,No
P02733,Patient 2733,F,11,O-,Bengaluru,76,151,No,Yes
P02734,Patient 2734,F,44,B+,Chennai,84,150,,Yes
P02735,Patient 2735,F,89,O-,Delhi,63,161,Yes,
P02736,Patient 2736,M,14,O-,Pune,106,185,Yes,
P02737,Patient 2737,M,63,O-,Delhi,101,156,,No
P02738,Patient 2738,Female,,A+,Mumbai,71,156,No,
P02739,Patient 2739,F,80,A-,Hyderabad,50,183,Yes,No
P02740,Patient 2740,Male,77,B-,Kolkata,96,150,,No
P02741,Patient 2741,Male,75,A-,Hyderabad,65,157,No,Yes
P02742,Patient 2742,male,51,O+,Chennai,74,145,Yes,No
P02743,Patient 2743,Female,42,B+,Pune,60,146,,Yes
P02744,Patient 2744,F,54,A-,Mumbai,95,186,No,No
P02745,Patient 2745,F,41,O+,Hyderabad,40,141,Yes,
P02746,Patient 2746,Male,83,A+,Hyderabad,48,158,No,Yes
P02747,Patient 2747,F,59,A-,Bengaluru,,179,,
P02748,Patient 2748,F,61,B+,Hyderabad,106,143,No,Yes
P02749,Patient 2749,Female,35,O-,Chennai,81,148,Yes,Yes
P02750,Patient 2750,M,43,AB+,Delhi,106,189,No,
P02751,Patient 2751,M,65,AB-,Pune,88,190,No,Yes
P02752,Patient 2752,male,18,O-,Bengaluru,98,185,,No
P02753,Patient 2753,female,70,AB+,Pune,115,161,No,
P02754,Patient 2754,F,79,B+,Pune,71,151,,Yes
P02755,Patient 2755,Male,11,B+,Hyderabad,89,161,Yes,Yes
P02756,Patient 2756,male,6,B-,Kolkata,54,,,Yes
P02757,Patient 2757,female,10,A-,Hyderabad,65,148,No,No
P02758,Patient 2758,male,9,O-,Chennai,61,140,Yes,
P02759,Patient 2759,M,27,B+,Bengaluru,116,180,Yes,No
P02760,Patient 2760,F,39,AB+,Chennai,71,173,,
P02761,Patient 2761,female,63,B-,Chennai,53,171,No,
P02762,Patient 2762,M,57,B+,Bengaluru,72,181,Yes,Yes
P02763,Patient 2763,female,47,B+,Pune,100,187,No,Yes
P02764,Patient 2764,Female,9,A-,Bengaluru,102,153,Yes,Yes
P02765,Patient 2765,F,9,B+,Hyderabad,51,152,,Yes
P02766,Patient 2766,Male,81,A+,Chennai,74,179,,Yes
P02767,Patient 2767,M,12,O+,Chennai,101,155,Yes,Yes
P02768,Patient 2768,Male,71,B+,Hyderabad,94,162,No,No
P02769,Patient 2769,M,67,B+,Hyderabad,46,182,Yes,No
P02770,Patient 2770,male,62,O-,Kolkata,94,160,,No
P02771,Patient 2771,Female,62,A+,Pune,52,164,Yes,
P02772,Patient 2772,female,12,AB-,Chennai,100,189,,
P02773,Patient 2773,Male,31,B+,Bengaluru,48,165,No,Yes
P02774,Patient 2774,Male,83,AB-,Bengaluru,95,151,Yes,Yes
P02775,Patient 2775,female,-3,B+,Hyderabad,62,176,Yes,No
P02776,Patient 2776,F,24,B-,Bengaluru,57,149,No,Yes
P02777,Patient 2777,female,13,A-,Bengaluru,89,160,No,Yes
P02778,Patient 2778,Female,71,B+,Pune,105,149,,No
P02779,Patient 2779,F,90,B-,Pune,66,190,,No
P02780,Patient 2780,M,35,AB-,Bengaluru,88,147,,No
P02781,Patient 2781,male,29,B-,Delhi,55,165,,No
P02782,Patient 2782,M,34,A-,Mumbai,67,176,No,
P02783,Patient 2783,Female,75,B+,Chennai,91,140,Yes,Yes
P02784,Patient 2784,female,8,AB-,Hyderabad,77,155,,No
P02785,Patient 2785,female,15,O-,Mumbai,62,171,,
P02786,Patient 2786,Female,67,A+,Hyderabad,66,148,,Yes
P02787,Patient 2787,female,18,A+,Kolkata,81,165,Yes,Yes
P02788,Patient 2788,F,5,AB-,Kolkata,,156,,No
P02789,Patient 2789,F,67,AB-,Pune,99,172,,Yes
P02790,Patient 2790,F,89,O-,Mumbai,82,182,Yes,
P02791,Patient 2791,Male,69,B-,Delhi,85,143,No,No
P02792,Patient 2792,Male,31,O-,Delhi,84,181,No,Yes
P02793,Patient 2793,female,45,A-,Delhi,55,153,Yes,
P02794,Patient 2794,female,74,O-,Bengaluru,56,189,Yes,Yes
P02795,Patient 2795,male,39,B-,Delhi,60,170,,Yes
P02796,Patient 2796,M,1,A-,Mumbai,108,166,,
P02797,Patient 2797,Male,64,B+,Chennai,46,178,Yes,
P02798,Patient 2798,Female,20,B+,Delhi,54,147,,
P02799,Patient 2799,female,59,B+,Delhi,87,169,Yes,
P02800,Patient 2800,Male,87,AB+,Chennai,46,147,Yes,Yes
P02801,Patient 2801,F,24,A+,Chennai,40,147,Yes,
P02802,Patient 2802,F,44,AB-,Mumbai,119,187,Yes,
P02803,Patient 2803,F,28,B-,Chennai,39,158,No,No
P02804,Patient 2804,female,27,B+,Chennai,103,140,,
P02805,Patient 2805,Female,39,O+,Mumbai,101,146,Yes,Yes
P02806,Patient 2806,F,37,AB+,Bengaluru,37,190,,Yes
P02807,Patient 2807,female,44,O-,Mumbai,36,176,Yes,
P02808,Patient 2808,Male,37,B-,Bengaluru,83,148,No,No
P02809,Patient 2809,female,49,A+,Hyderabad,43,,Yes,
P02810,Patient 2810,male,86,B+,Hyderabad,107,178,,
P02811,Patient 2811,Male,64,B-,Chennai,37,189,Yes,Yes
P02812,Patient 2812,male,,O-,Kolkata,59,167,No,No
P02813,Patient 2813,Male,40,O+,Delhi,51,153,,Yes
P02814,Patient 2814,Male,4,AB+,Delhi,53,170,No,
P02815,Patient 2815,F,21,AB-,Pune,96,154,Yes,Yes
P02816,Patient 2816,M,77,A-,Chennai,114,143,No,
P02817,Patient 2817,Female,3,B+,Hyderabad,87,154,No,
P02818,Patient 2818,male,84,O+,Hyderabad,48,161,Yes,
P02819,Patient 2819,Female,81,O+,Delhi,117,140,Yes,Yes
P02820,Patient 2820,male,16,AB+,Chennai,37,179,,
P02821,Patient 2821,male,58,A-,Pune,82,167,No,
P02822,Patient 2822,male,87,AB+,Hyderabad,79,163,Yes,Yes
P02823,Patient 2823,Female,33,O+,Chennai,96,146,No,Yes
P02824,Patient 2824,Male,15,A-,Hyderabad,40,175,,Yes
P02825,Patient 2825,female,5,AB+,Kolkata,61,141,Yes,Yes
P02826,Patient 2826,Male,58,AB-,Mumbai,86,157,No,
P02827,Patient 2827,F,6,A-,Hyderabad,104,140,,
P02828,Patient 2828,Female,47,A+,Hyderabad,92,146,,Yes
P02829,Patient 2829,Male,44,B-,Kolkata,,169,Yes,No
P02830,Patient 2830,Male,58,AB-,Bengaluru,48,155,Yes,No
P02831,Patient 2831,male,11,O+,Chennai,240,158,No,Yes
P02832,Patient 2832,female,52,B-,Delhi,57,147,Yes,
P02833,Patient 2833,F,56,O-,Chennai,58,162,No,
P02834,Patient 2834,M,55,A+,Mumbai,111,156,Yes,
P02835,Patient 2835,female,1,B-,Kolkata,77,152,No,Yes
P02836,Patient 2836,M,57,AB+,Hyderabad,67,167,Yes,Yes
P02837,Patient 2837,F,46,B-,Hyderabad,109,144,Yes,
P02838,Patient 2838,Male,61,O+,Chennai,37,142,No,No
P02839,Patient 2839,female,13,A+,Hyderabad,74,161,Yes,Yes
P02840,Patient 2840,M,7,AB-,Delhi,92,177,No,Yes
P02841,Patient 2841,F,3,B-,Kolkata,118,156,,Yes
P02842,Patient 2842,male,73,A+,Pune,115,184,Yes,
P02843,Patient 2843,Female,9,A+,Pune,75,190,,
P02844,Patient 2844,male,65,AB-,Chennai,39,177,,
P02845,Patient 2845,female,64,A-,Mumbai,116,154,No,
P02846,Patient 2846,M,57,O+,Delhi,50,166,No,No
P02847,Patient 2847,M,13,O+,Delhi,54,153,No,No
P02848,Patient 2848,Female,74,B+,Hyderabad,69,155,No,No
P02849,Patient 2849,female,,O+,Kolkata,61,187,,Yes
P02850,Patient 2850,Male,79,O+,Mumbai,92,140,No,
P02851,Patient 2851,M,18,A+,Kolkata,38,153,No,
P02852,Patient 2852,M,22,A+,Hyderabad,48,145,Yes,
P02853,Patient 2853,female,86,O+,Delhi,119,141,,Yes
P02854,Patient 2854,female,31,AB-,Mumbai,82,183,Yes,Yes
P02855,Patient 2855,F,57,O+,Bengaluru,37,186,,Yes
P02856,Patient 2856,male,10,O+,Kolkata,104,165,Yes,Yes
P02857,Patient 2857,F,16,B-,Kolkata,92,162,No,
P02858,Patient 2858,F,48,B+,Delhi,91,140,Yes,No
P02859,Patient 2859,M,70,O-,Chennai,40,166,,Yes
P02860,Patient 2860,F,24,A-,Pune,59,164,,No
P02861,Patient 2861,Male,12,B+,Kolkata,117,182,No,
P02862,Patient 2862,Female,76,AB+,Kolkata,69,,,Yes
P02863,Patient 2863,female,60,AB-,Bengaluru,85,177,,Yes
P02864,Patient 2864,male,35,B-,Bengaluru,40,177,Yes,No
P02865,Patient 2865,Male,12,O-,Chennai,109,167,Yes,No
P02866,Patient 2866,Female,71,AB-,Pune,117,155,,
P02867,Patient 2867,male,71,AB+,Pune,106,154,Yes,No
P02868,Patient 2868,female,75,AB+,Mumbai,119,182,No,
P02869,Patient 2869,female,6,O+,Hyderabad,112,166,,No
P02870,Patient 2870,female,50,O+,Kolkata,,155,No,Yes
P02871,Patient 2871,male,35,B+,Delhi,92,172,No,Yes
P02872,Patient 2872,Male,20,AB+,Mumbai,106,161,Yes,No
P02873,Patient 2873,M,75,O+,Kolkata,66,180,,Yes
P02874,Patient 2874,Female,1,O+,Kolkata,99,176,No,
P02875,Patient 2875,F,90,A+,Chennai,99,154,Yes,No
P02876,Patient 2876,F,51,AB-,Kolkata,96,149,,Yes
P02877,Patient 2877,Male,55,A-,Pune,37,179,Yes,Yes
P02878,Patient 2878,female,15,B-,Pune,110,188,,
P02879,Patient 2879,female,82,AB+,Delhi,55,153,Yes,Yes
P02880,Patient 2880,male,61,B+,Mumbai,87,140,Yes,No
P02881,Patient 2881,Male,42,AB+,Pune,106,172,,Yes
P02882,Patient 2882,male,22,AB-,Mumbai,81,157,No,Yes
P02883,Patient 2883,male,79,A+,Hyderabad,47,167,Yes,
P02884,Patient 2884,F,38,AB+,Chennai,70,141,Yes,No
P02885,Patient 2885,F,62,B+,Bengaluru,43,189,No,
P02886,Patient 2886,F,-3,A+,Kolkata,108,188,,
P02887,Patient 2887,F,1,B+,Delhi,86,169,No,Yes
P02888,Patient 2888,F,57,A-,Hyderabad,69,166,Yes,No
P02889,Patient 2889,female,80,AB+,Pune,58,165,,No
P02890,Patient 2890,F,79,B-,Bengaluru,119,174,,No
P02891,Patient 2891,M,90,O+,Kolkata,114,175,No,
P02892,Patient 2892,male,40,O+,Pune,46,160,,Yes
P02893,Patient 2893,Female,15,B+,Delhi,50,179,,No
P02894,Patient 2894,M,47,A+,Pune,66,184,Yes,Yes
P02895,Patient 2895,female,61,A+,Mumbai,45,167,,
P02896,Patient 2896,M,72,O-,Mumbai,85,153,No,
P02897,Patient 2897,F,83,O+,Pune,51,146,No,
P02898,Patient 2898,Male,8,A+,Delhi,83,171,,
P02899,Patient 2899,Female,84,O+,Kolkata,108,159,,No
P02900,Patient 2900,M,23,AB+,Bengaluru,41,158,No,
P02901,Patient 2901,M,72,AB-,Chennai,113,167,Yes,No
P02902,Patient 2902,Male,56,O+,Pune,68,150,No,No
P02903,Patient 2903,F,63,A+,Kolkata,91,161,No,No
P02904,Patient 2904,F,41,A+,Chennai,63,152,Yes,Yes
P02905,Patient 2905,M,48,B+,Hyderabad,68,165,,Yes
P02906,Patient 2906,male,54,A+,Delhi,78,184,No,
P02907,Patient 2907,male,43,B-,Delhi,112,178,Yes,
P02908,Patient 2908,Female,87,A-,Mumbai,89,150,Yes,No
P02909,Patient 2909,M,24,AB-,Pune,92,167,No,Yes
P02910,Patient 2910,M,41,A+,Delhi,113,144,Yes,Yes
P02911,Patient 2911,male,36,O+,Kolkata,,145,,
P02912,Patient 2912,F,50,A+,Delhi,42,140,No,
P02913,Patient 2913,female,67,AB-,Kolkata,85,170,Yes,Yes
P02914,Patient 2914,F,11,O-,Chennai,57,176,Yes,No
P02915,Patient 2915,M,58,O+,Hyderabad,52,,Yes,
P02916,Patient 2916,female,55,A-,Mumbai,44,149,Yes,Yes
P02917,Patient 2917,female,68,AB-,Pune,67,154,Yes,No
P02918,Patient 2918,M,45,A+,Chennai,110,186,,No
P02919,Patient 2919,male,82,B+,Pune,56,163,Yes,Yes
P02920,Patient 2920,Female,86,O-,Pune,106,184,No,No
P02921,Patient 2921,M,7,O+,Pune,39,183,,No
P02922,Patient 2922,male,37,B+,Hyderabad,118,169,Yes,Yes
P02923,Patient 2923,Female,,AB-,Pune,52,152,,
P02924,Patient 2924,Male,63,AB-,Chennai,114,186,No,Yes
P02925,Patient 2925,female,32,B+,Chennai,120,158,Yes,Yes
P02926,Patient 2926,M,25,B+,Hyderabad,106,174,Yes,No
P02927,Patient 2927,F,46,A+,Hyderabad,36,181,Yes,
P02928,Patient 2928,male,50,O-,Bengaluru,66,142,,Yes
P02929,Patient 2929,Female,5,O-,Bengaluru,84,178,,
P02930,Patient 2930,Female,19,O-,Hyderabad,69,179,Yes,No
P02931,Patient 2931,female,2,A-,Kolkata,39,184,Yes,
P02932,Patient 2932,F,51,O+,Kolkata,91,170,Yes,No
P02933,Patient 2933,male,45,O+,Bengaluru,57,157,No,No
P02934,Patient 2934,F,34,B-,Hyderabad,89,143,,No
P02935,Patient 2935,F,89,B-,Chennai,43,170,,
P02936,Patient 2936,female,14,O-,Mumbai,36,181,,
P02937,Patient 2937,M,16,O+,Hyderabad,53,174,,
P02938,Patient 2938,F,50,AB+,Kolkata,114,176,,
P02939,Patient 2939,male,20,O-,Chennai,111,143,,
P02940,Patient 2940,male,18,AB-,Bengaluru,96,146,Yes,No
P02941,Patient 2941,Male,49,AB+,Bengaluru,64,142,No,Yes
P02942,Patient 2942,F,35,B-,Kolkata,51,153,No,Yes
P02943,Patient 2943,F,67,A-,Mumbai,65,155,Yes,
P02944,Patient 2944,Male,85,AB+,Hyderabad,105,171,Yes,
P02945,Patient 2945,F,27,A+,Bengaluru,57,173,,
P02946,Patient 2946,Male,28,A+,Hyderabad,56,149,Yes,Yes
P02947,Patient 2947,Male,24,A+,Delhi,64,151,,
P02948,Patient 2948,M,50,A-,Delhi,94,167,Yes,
P02949,Patient 2949,F,81,AB-,Bengaluru,111,182,No,Yes
P02950,Patient 2950,male,2,B-,Pune,105,145,No,Yes
P02951,Patient 2951,Female,37,O+,Pune,42,186,,Yes
P02952,Patient 2952,F,83,A+,Hyderabad,,177,No,No
P02953,Patient 2953,Female,54,B-,Pune,105,181,No,No
P02954,Patient 2954,Male,76,A+,Delhi,75,183,Yes,
P02955,Patient 2955,M,3,B+,Delhi,93,188,No,No
P02956,Patient 2956,M,43,A-,Pune,110,164,Yes,
P02957,Patient 2957,female,6,AB+,Chennai,90,167,No,Yes
P02958,Patient 2958,M,10,O-,Pune,36,181,Yes,
P02959,Patient 2959,Male,12,AB-,Kolkata,63,158,No,Yes
P02960,Patient 2960,male,,AB-,Delhi,113,177,,
P02961,Patient 2961,F,2,B-,Chennai,82,189,No,
P02962,Patient 2962,Female,26,AB+,Kolkata,72,175,,
P02963,Patient 2963,Female,73,AB+,Kolkata,114,165,No,Yes
P02964,Patient 2964,M,68,A-,Chennai,64,174,,
P02965,Patient 2965,F,85,A-,Pune,117,171,Yes,No
P02966,Patient 2966,male,76,AB-,Hyderabad,89,151,Yes,
P02967,Patient 2967,female,59,B-,Mumbai,83,141,Yes,Yes
P02968,Patient 2968,male,17,AB-,Hyderabad,90,,,
P02969,Patient 2969,M,74,A+,Pune,106,151,Yes,
P02970,Patient 2970,Female,1,A-,Hyderabad,108,163,No,No
P02971,Patient 2971,Male,43,AB-,Chennai,100,160,No,No
P02972,Patient 2972,Female,12,AB-,Pune,120,187,No,
P02973,Patient 2973,F,24,B+,Pune,44,146,Yes,
P02974,Patient 2974,M,76,O+,Mumbai,86,148,Yes,Yes
P02975,Patient 2975,F,78,A-,Chennai,96,161,Yes,
P02976,Patient 2976,Female,34,A-,Hyderabad,81,157,,No
P02977,Patient 2977,M,88,A+,Pune,72,163,No,
P02978,Patient 2978,Female,17,B+,Hyderabad,35,176,No,No
P02979,Patient 2979,female,1,A+,Delhi,108,141,,No
P02980,Patient 2980,male,29,A+,Chennai,240,166,Yes,Yes
P02981,Patient 2981,Female,18,B+,Kolkata,70,170,,No
P02982,Patient 2982,Male,36,AB-,Kolkata,35,143,,
P02983,Patient 2983,male,24,AB-,Mumbai,55,184,Yes,Yes
P02984,Patient 2984,F,54,O-,Delhi,44,164,No,Yes
P02985,Patient 2985,female,8,A+,Delhi,79,175,Yes,
P02986,Patient 2986,Female,48,AB-,Hyderabad,35,179,Yes,
P02987,Patient 2987,M,12,A-,Bengaluru,75,151,Yes,
P02988,Patient 2988,M,47,A+,Hyderabad,64,190,,Yes
P02989,Patient 2989,M,26,A-,Hyderabad,40,142,No,
P02990,Patient 2990,M,41,O+,Bengaluru,36,140,,Yes
P02991,Patient 2991,male,65,O-,Bengaluru,108,190,No,Yes
P02992,Patient 2992,F,83,AB-,Chennai,53,176,,
P02993,Patient 2993,male,74,B+,Kolkata,,166,No,No
P02994,Patient 2994,female,61,A-,Kolkata,49,166,,
P02995,Patient 2995,male,19,A-,Mumbai,95,152,,Yes
P02996,Patient 2996,Male,5,B+,Pune,68,161,,
P02997,Patient 2997,female,-3,B+,Delhi,86,154,No,No
P02998,Patient 2998,male,28,B-,Pune,81,168,Yes,No
P02999,Patient 2999,male,68,AB+,Delhi,42,165,,No
P03000,Patient 3000,F,58,B-,Bengaluru,59,177,No,No
P03001,Patient 3001,F,70,O+,Mumbai,99,152,No,Yes
P03002,Patient 3002,M,49,B+,Kolkata,115,159,Yes,No
P03003,Patient 3003,M,43,O+,Bengaluru,41,168,Yes,No
P03004,Patient 3004,male,47,O-,Delhi,92,179,No,No
P03005,Patient 3005,Female,21,A+,Kolkata,61,176,Yes,
P03006,Patient 3006,Male,43,AB-,Bengaluru,76,146,,No
P03007,Patient 3007,Male,4,B-,Delhi,120,178,Yes,Yes
P03008,Patient 3008,Male,60,A+,Mumbai,99,164,No,No
P03009,Patient 3009,female,57,B+,Mumbai,84,143,,Yes
P03010,Patient 3010,Female,52,O-,Hyderabad,114,163,No,
P03011,Patient 3011,Male,11,B+,Mumbai,57,140,No,No
P03012,Patient 3012,Male,73,B+,Hyderabad,80,143,No,
P03013,Patient 3013,Male,7,O-,Mumbai,45,160,,Yes
P03014,Patient 3014,female,45,O+,Chennai,118,183,,
P03015,Patient 3015,male,44,A+,Hyderabad,39,168,No,Yes
P03016,Patient 3016,M,57,A+,Pune,59,148,,
P03017,Patient 3017,Male,76,B-,Bengaluru,81,181,Yes,Yes
P03018,Patient 3018,female,2,B-,Pune,85,158,,Yes
P03019,Patient 3019,Male,27,O+,Pune,109,147,Yes,Yes
P03020,Patient 3020,F,28,O+,Delhi,89,142,Yes,
P03021,Patient 3021,Male,39,B-,Bengaluru,115,,No,
P03022,Patient 3022,male,79,O-,Hyderabad,57,174,Yes,No
P03023,Patient 3023,Female,88,A+,Pune,107,161,No,Yes
P03024,Patient 3024,M,5,A+,Bengaluru,42,166,Yes,No
P03025,Patient 3025,Male,74,A-,Kolkata,89,175,No,
P03026,Patient 3026,Male,57,B-,Chennai,96,156,,No
P03027,Patient 3027,Female,89,B-,Kolkata,51,185,No,No
P03028,Patient 3028,Male,75,A+,Chennai,82,154,No,No
P03029,Patient 3029,male,49,A+,Mumbai,55,161,Yes,
P03030,Patient 3030,M,45,B-,Chennai,36,144,No,No
P03031,Patient 3031,male,17,A-,Chennai,85,151,,No
P03032,Patient 3032,female,24,B+,Bengaluru,109,143,,
P03033,Patient 3033,Female,20,O+,Pune,63,190,Yes,Yes
P03034,Patient 3034,Male,,AB+,Hyderabad,,176,,Yes
P03035,Patient 3035,female,46,AB+,Kolkata,66,140,No,Yes
P03036,Patient 3036,Male,2,AB+,Chennai,54,147,No,Yes
P03037,Patient 3037,male,18,O-,Chennai,113,140,No,
P03038,Patient 3038,male,72,B+,Delhi,104,168,Yes,
P03039,Patient 3039,Female,76,AB+,Delhi,89,159,Yes,Yes
P03040,Patient 3040,Male,54,B+,Chennai,120,151,No,No
P03041,Patient 3041,male,67,AB-,Chennai,58,144,Yes,
P03042,Patient 3042,M,77,A-,Delhi,51,140,No,Yes
P03043,Patient 3043,Female,29,B-,Chennai,105,140,,Yes
P03044,Patient 3044,F,13,B+,Delhi,117,190,No,
P03045,Patient 3045,M,16,A+,Bengaluru,101,176,No,
P03046,Patient 3046,Male,13,AB+,Mumbai,90,146,,No
P03047,Patient 3047,Male,43,O-,Kolkata,105,175,,No
P03048,Patient 3048,female,89,A-,Chennai,95,150,,
P03049,Patient 3049,male,6,B-,Chennai,41,188,,
P03050,Patient 3050,F,78,AB+,Kolkata,62,144,Yes,
P03051,Patient 3051,F,75,O+,Pune,96,151,No,Yes
P03052,Patient 3052,Female,85,B+,Bengaluru,47,172,No,Yes
P03053,Patient 3053,F,1,B-,Kolkata,41,151,No,
P03054,Patient 3054,Female,17,B+,Delhi,115,154,No,Yes
P03055,Patient 3055,male,36,B-,Bengaluru,70,171,Yes,
P03056,Patient 3056,M,68,O-,Kolkata,49,144,,
P03057,Patient 3057,Female,26,A+,Mumbai,36,183,Yes,
P03058,Patient 3058,female,27,B+,Mumbai,41,157,Yes,Yes
P03059,Patient 3059,Female,57,A-,Mumbai,98,162,No,
P03060,Patient 3060,Female,25,A-,Chennai,40,189,No,Yes
P03061,Patient 3061,Female,53,A+,Bengaluru,67,165,Yes,No
P03062,Patient 3062,M,77,AB-,Pune,64,168,No,
P03063,Patient 3063,Female,13,B+,Hyderabad,113,174,Yes,
P03064,Patient 3064,F,3,A-,Chennai,118,150,,
P03065,Patient 3065,M,10,A+,Hyderabad,95,159,Yes,
P03066,Patient 3066,Male,68,O+,Mumbai,62,147,,
P03067,Patient 3067,M,36,AB+,Mumbai,43,179,Yes,
P03068,Patient 3068,M,11,AB-,Delhi,60,147,,Yes
P03069,Patient 3069,male,47,AB+,Hyderabad,86,175,No,No
P03070,Patient 3070,female,6,AB+,Mumbai,84,154,Yes,
P03071,Patient 3071,male,,A+,Pune,85,163,,No
P03072,Patient 3072,Male,33,AB-,Chennai,73,181,No,Yes
P03073,Patient 3073,Female,88,B-,Kolkata,74,178,No,No
P03074,Patient 3074,F,2,AB+,Mumbai,73,,No,Yes
P03075,Patient 3075,Female,17,AB+,Hyderabad,,164,Yes,Yes
P03076,Patient 3076,Female,38,AB+,Bengaluru,53,156,Yes,
P03077,Patient 3077,female,44,O-,Pune,118,175,,Yes
P03078,Patient 3078,female,13,A+,Kolkata,100,172,,No
P03079,Patient 3079,female,77,AB+,Mumbai,114,146,,Yes
P03080,Patient 3080,F,40,AB+,Pune,45,182,Yes,Yes
P03081,Patient 3081,Female,72,O+,Chennai,78,155,Yes,No
P03082,Patient 3082,F,86,B-,Mumbai,42,163,Yes,No
P03083,Patient 3083,Female,26,A-,Delhi,39,184,,No
P03084,Patient 3084,M,86,A+,Pune,102,171,,No
P03085,Patient 3085,female,48,AB+,Bengaluru,94,189,,
P03086,Patient 3086,M,35,AB+,Kolkata,98,161,,
P03087,Patient 3087,Female,35,O-,Mumbai,116,161,No,No
P03088,Patient 3088,M,73,AB+,Bengaluru,95,157,,
P03089,Patient 3089,Female,49,O+,Mumbai,43,167,Yes,Yes
P03090,Patient 3090,Male,44,A+,Kolkata,71,163,No,
P03091,Patient 3091,male,40,B+,Hyderabad,100,145,No,
P03092,Patient 3092,male,19,AB+,Chennai,76,190,No,No
P03093,Patient 3093,Male,24,AB-,Hyderabad,49,155,No,Yes
P03094,Patient 3094,female,31,A-,Pune,82,189,Yes,No
P03095,Patient 3095,female,16,O+,Bengaluru,71,143,,
P03096,Patient 3096,Female,26,AB+,Hyderabad,66,190,Yes,No
P03097,Patient 3097,female,41,A+,Chennai,74,153,,No
P03098,Patient 3098,M,29,B-,Delhi,119,189,,Yes
P03099,Patient 3099,female,4,A-,Chennai,103,181,,No
P03100,Patient 3100,Male,22,O-,Bengaluru,53,147,,No
P03101,Patient 3101,male,12,B+,Mumbai,106,157,No,
P03102,Patient 3102,F,36,AB-,Pune,57,167,No,
P03103,Patient 3103,Male,84,AB-,Mumbai,98,143,,Yes
P03104,Patient 3104,F,83,AB+,Hyderabad,38,184,No,
P03105,Patient 3105,M,19,AB-,Mumbai,63,168,,No
P03106,Patient 3106,Female,52,B-,Chennai,76,166,Yes,Yes
P03107,Patient 3107,Male,36,O-,Hyderabad,42,181,Yes,No
P03108,Patient 3108,male,-3,O-,Bengaluru,43,141,,
P03109,Patient 3109,Female,6,AB-,Hyderabad,39,141,,Yes
P03110,Patient 3110,Female,17,O-,Chennai,43,159,,Yes
P03111,Patient 3111,F,16,O+,Mumbai,89,141,,
P03112,Patient 3112,M,16,A-,Chennai,62,188,Yes,Yes
P03113,Patient 3113,M,26,O-,Pune,50,152,,Yes
P03114,Patient 3114,female,67,A+,Kolkata,85,151,,Yes
P03115,Patient 3115,Female,74,O-,Mumbai,115,171,,No
P03116,Patient 3116,female,79,B-,Mumbai,,182,Yes,Yes
P03117,Patient 3117,M,20,B-,Bengaluru,116,184,,Yes
P03118,Patient 3118,Female,67,A+,Pune,112,178,No,No
P03119,Patient 3119,male,89,B-,Mumbai,63,190,Yes,No
P03120,Patient 3120,male,55,A+,Chennai,46,172,No,Yes
P03121,Patient 3121,Male,7,B+,Chennai,105,169,,No
P03122,Patient 3122,Female,16,AB+,Delhi,99,150,Yes,Yes
P03123,Patient 3123,M,63,A-,Pune,50,149,,
P03124,Patient 3124,F,29,B+,Bengaluru,106,183,Yes,No
P03125,Patient 3125,female,86,O+,Kolkata,115,167,No,No
P03126,Patient 3126,M,62,O+,Mumbai,60,160,Yes,Yes
P03127,Patient 3127,Female,28,A+,Bengaluru,54,,Yes,
P03128,Patient 3128,male,38,B+,Bengaluru,67,149,,
P03129,Patient 3129,female,81,O-,Chennai,240,151,Yes,No
P03130,Patient 3130,Female,24,O-,Bengaluru,114,161,Yes,No
P03131,Patient 3131,female,32,AB-,Hyderabad,116,190,Yes,Yes
P03132,Patient 3132,Male,83,O+,Chennai,49,174,,No
P03133,Patient 3133,Male,36,AB-,Bengaluru,48,155,No,Yes
P03134,Patient 3134,Male,72,O-,Mumbai,74,189,Yes,
P03135,Patient 3135,M,10,B+,Chennai,63,189,,Yes
P03136,Patient 3136,M,66,B-,Kolkata,71,182,,No
P03137,Patient 3137,Male,85,O-,Bengaluru,81,164,No,No
P03138,Patient 3138,male,6,A-,Hyderabad,81,160,Yes,
P03139,Patient 3139,Male,85,AB+,Bengaluru,43,163,No,Yes
P03140,Patient 3140,female,10,O-,Pune,107,189,No,No
P03141,Patient 3141,Male,3,AB+,Kolkata,107,182,Yes,
P03142,Patient 3142,M,42,O-,Hyderabad,92,175,Yes,Yes
P03143,Patient 3143,Male,62,O+,Mumbai,35,148,No,Yes
P03144,Patient 3144,F,86,AB-,Delhi,36,144,Yes,
P03145,Patient 3145,male,,A-,Mumbai,46,149,,Yes
P03146,Patient 3146,M,56,AB-,Chennai,114,165,Yes,
P03147,Patient 3147,Male,67,B+,Chennai,95,153,No,No
P03148,Patient 3148,Female,30,B+,Chennai,45,178,,No
P03149,Patient 3149,male,87,AB-,Bengaluru,38,169,,No
P03150,Patient 3150,Female,46,O+,Mumbai,65,180,Yes,
P03151,Patient 3151,M,12,O-,Pune,115,189,Yes,Yes
P03152,Patient 3152,male,66,B+,Mumbai,109,180,Yes,Yes
P03153,Patient 3153,F,6,A-,Pune,55,147,Yes,No
P03154,Patient 3154,male,63,AB-,Hyderabad,83,157,No,No
P03155,Patient 3155,Female,1,AB+,Kolkata,41,140,No,No
P03156,Patient 3156,female,40,AB+,Chennai,74,174,No,No
P03157,Patient 3157,M,74,O+,Delhi,,177,No,Yes
P03158,Patient 3158,female,50,A+,Pune,79,167,No,Yes
P03159,Patient 3159,male,3,O-,Bengaluru,87,155,Yes,No
P03160,Patient 3160,female,26,AB+,Pune,39,177,,No
P03161,Patient 3161,M,79,A-,Delhi,58,169,,
P03162,Patient 3162,F,84,AB+,Mumbai,80,148,No,Yes
P03163,Patient 3163,M,7,A+,Mumbai,82,177,No,No
P03164,Patient 3164,Female,15,AB-,Chennai,55,173,,Yes
P03165,Patient 3165,Male,55,O-,Kolkata,73,155,No,
P03166,Patient 3166,male,80,AB+,Pune,106,176,No,No
P03167,Patient 3167,male,85,O-,Hyderabad,90,155,No,No
P03168,Patient 3168,male,29,A-,Hyderabad,74,185,No,
P03169,Patient 3169,F,16,B-,Hyderabad,85,176,,Yes
P03170,Patient 3170,M,34,O+,Mumbai,70,177,,No
P03171,Patient 3171,F,53,B+,Mumbai,68,141,Yes,Yes
P03172,Patient 3172,M,76,B+,Kolkata,77,172,,No
P03173,Patient 3173,F,28,O+,Delhi,108,182,Yes,Yes
P03174,Patient 3174,F,14,AB-,Mumbai,36,188,Yes,
P03175,Patient 3175,Male,23,AB-,Pune,49,170,No,
P03176,Patient 3176,female,45,AB+,Pune,59,158,No,No
P03177,Patient 3177,Female,75,A+,Mumbai,51,189,Yes,Yes
P03178,Patient 3178,M,39,O+,Chennai,70,176,Yes,Yes
P03179,Patient 3179,Male,79,A+,Mumbai,63,176,,No
P03180,Patient 3180,Male,14,B-,Bengaluru,52,,No,No
P03181,Patient 3181,female,51,AB+,Mumbai,80,173,No,
P03182,Patient 3182,M,,A+,Kolkata,115,183,No,Yes
P03183,Patient 3183,Male,74,O+,Bengaluru,113,153,No,
P03184,Patient 3184,female,39,O-,Chennai,59,156,No,Yes
P03185,Patient 3185,F,11,O-,Delhi,44,154,Yes,No
P03186,Patient 3186,Female,24,B+,Delhi,59,166,Yes,Yes
P03187,Patient 3187,Female,40,O+,Chennai,93,158,Yes,
P03188,Patient 3188,Female,14,AB-,Bengaluru,37,159,,No
P03189,Patient 3189,F,65,A+,Delhi,119,165,,
P03190,Patient 3190,male,41,AB+,Hyderabad,53,176,,Yes
P03191,Patient 3191,female,20,AB-,Chennai,118,145,No,Yes
P03192,Patient 3192,Male,60,O+,Mumbai,68,152,No,Yes
P03193,Patient 3193,male,20,A+,Mumbai,64,174,Yes,
P03194,Patient 3194,M,79,O-,Mumbai,70,167,No,No
P03195,Patient 3195,Female,21,B+,Kolkata,60,152,Yes,Yes
P03196,Patient 3196,male,18,AB+,Kolkata,37,148,Yes,Yes
P03197,Patient 3197,Male,27,B-,Mumbai,36,154,No,No
P03198,Patient 3198,female,60,A-,Bengaluru,,144,No,No
P03199,Patient 3199,M,47,B+,Hyderabad,36,168,No,
P03200,Patient 3200,male,79,B-,Bengaluru,79,188,Yes,Yes
P03201,Patient 3201,Female,36,A+,Delhi,117,163,Yes,Yes
P03202,Patient 3202,male,75,AB-,Mumbai,106,189,Yes,Yes
P03203,Patient 3203,Female,28,A+,Mumbai,69,185,,No
P03204,Patient 3204,female,59,A+,Delhi,43,177,No,
P03205,Patient 3205,Female,21,O+,Delhi,55,182,No,Yes
P03206,Patient 3206,female,57,AB-,Bengaluru,87,156,Yes,No
P03207,Patient 3207,M,83,O-,Hyderabad,116,184,No,No
P03208,Patient 3208,F,14,B+,Pune,114,190,Yes,No
P03209,Patient 3209,Female,47,AB-,Mumbai,116,174,,No
P03210,Patient 3210,F,81,A-,Mumbai,53,161,Yes,No
P03211,Patient 3211,female,77,O-,Chennai,40,177,No,
P03212,Patient 3212,female,37,B+,Mumbai,67,172,No,Yes
P03213,Patient 3213,F,81,A-,Hyderabad,59,168,Yes,Yes
P03214,Patient 3214,Male,17,A-,Kolkata,45,145,No,
P03215,Patient 3215,male,6,AB+,Hyderabad,65,184,,
P03216,Patient 3216,M,7,A+,Hyderabad,120,144,No,No
P03217,Patient 3217,Female,89,B+,Pune,39,180,Yes,
P03218,Patient 3218,female,80,O-,Mumbai,114,156,,No
P03219,Patient 3219,Female,-3,B+,Mumbai,98,146,No,No
P03220,Patient 3220,F,33,AB-,Mumbai,66,154,Yes,Yes
P03221,Patient 3221,Female,47,A-,Chennai,72,149,Yes,No
P03222,Patient 3222,male,87,AB+,Hyderabad,76,183,Yes,Yes
P03223,Patient 3223,Female,1,O+,Pune,104,152,No,No
P03224,Patient 3224,F,3,AB-,Kolkata,74,172,,
P03225,Patient 3225,M,43,A+,Hyderabad,36,157,Yes,Yes
P03226,Patient 3226,M,48,O-,Delhi,113,183,,No
P03227,Patient 3227,male,25,B+,Chennai,92,171,No,
P03228,Patient 3228,F,85,O-,Chennai,61,150,Yes,No
P03229,Patient 3229,M,24,O-,Hyderabad,92,171,Yes,Yes
P03230,Patient 3230,Male,46,AB+,Delhi,107,149,No,No
P03231,Patient 3231,F,70,B+,Delhi,45,149,,No
P03232,Patient 3232,F,74,O+,Delhi,55,149,Yes,No
P03233,Patient 3233,Female,53,O-,Pune,62,,,
P03234,Patient 3234,M,75,B-,Chennai,86,154,,
P03235,Patient 3235,Female,20,O+,Bengaluru,117,166,Yes,Yes
P03236,Patient 3236,male,56,O+,Kolkata,83,144,,Yes
P03237,Patient 3237,male,83,A-,Mumbai,120,175,Yes,
P03238,Patient 3238,F,14,A+,Delhi,63,181,No,
P03239,Patient 3239,Female,69,A-,Hyderabad,,185,,Yes
P03240,Patient 3240,Female,23,A-,Pune,54,146,,No
P03241,Patient 3241,female,66,O-,Kolkata,119,147,Yes,No
P03242,Patient 3242,M,70,AB+,Pune,88,174,Yes,Yes
P03243,Patient 3243,male,75,O+,Kolkata,49,173,,Yes
P03244,Patient 3244,Female,50,A+,Delhi,74,159,No,Yes
P03245,Patient 3245,M,73,AB-,Mumbai,99,171,No,
P03246,Patient 3246,M,42,O+,Hyderabad,84,180,No,
P03247,Patient 3247,M,40,B+,Mumbai,50,178,No,
P03248,Patient 3248,Female,24,AB+,Hyderabad,49,179,Yes,Yes
P03249,Patient 3249,Male,10,O+,Bengaluru,59,151,Yes,Yes
P03250,Patient 3250,male,37,B-,Hyderabad,55,179,Yes,No
P03251,Patient 3251,female,63,A-,Delhi,100,176,No,
P03252,Patient 3252,M,58,O+,Kolkata,54,188,,
P03253,Patient 3253,F,13,B-,Delhi,118,150,,
P03254,Patient 3254,M,3,AB+,Chennai,42,154,Yes,
P03255,Patient 3255,Male,89,A+,Delhi,56,185,No,Yes
P03256,Patient 3256,Female,,AB+,Mumbai,104,161,Yes,Yes
P03257,Patient 3257,male,42,B+,Pune,115,142,Yes,
P03258,Patient 3258,Male,31,O-,Kolkata,105,185,,Yes
P03259,Patient 3259,female,54,A+,Delhi,113,150,No,No
P03260,Patient 3260,M,69,AB+,Mumbai,90,150,Yes,Yes
P03261,Patient 3261,F,72,AB+,Bengaluru,61,172,Yes,Yes
P03262,Patient 3262,Male,62,O-,Bengaluru,87,187,Yes,
P03263,Patient 3263,M,70,AB-,Delhi,86,151,Yes,No
P03264,Patient 3264,Male,71,A+,Delhi,74,189,Yes,Yes
P03265,Patient 3265,Female,85,B-,Mumbai,99,190,,
P03266,Patient 3266,F,20,B-,Pune,47,183,Yes,No
P03267,Patient 3267,M,77,O-,Bengaluru,43,173,,
P03268,Patient 3268,M,3,AB+,Delhi,86,170,,Yes
P03269,Patient 3269,male,55,B+,Delhi,115,186,,
P03270,Patient 3270,male,67,B-,Hyderabad,47,181,Yes,
P03271,Patient 3271,M,17,AB+,Delhi,94,178,No,
P03272,Patient 3272,F,89,AB+,Kolkata,49,162,,
P03273,Patient 3273,male,32,O-,Bengaluru,104,184,No,Yes
P03274,Patient 3274,female,87,B+,Bengaluru,37,185,No,No
P03275,Patient 3275,M,48,B+,Kolkata,86,174,No,
P03276,Patient 3276,M,13,B-,Pune,52,160,,
P03277,Patient 3277,male,76,O-,Mumbai,107,150,,No
P03278,Patient 3278,female,86,A+,Hyderabad,240,180,No,
P03279,Patient 3279,F,39,A+,Chennai,52,177,No,
P03280,Patient 3280,F,61,AB+,Chennai,,188,,No
P03281,Patient 3281,F,9,AB+,Chennai,91,176,Yes,
P03282,Patient 3282,F,1,AB-,Pune,105,190,,
P03283,Patient 3283,male,64,O+,Chennai,67,175,No,Yes
P03284,Patient 3284,F,66,O+,Delhi,59,178,No,No
P03285,Patient 3285,F,32,O-,Mumbai,71,169,No,
P03286,Patient 3286,Male,75,AB+,Pune,103,,,
P03287,Patient 3287,male,4,A+,Hyderabad,68,158,,Yes
P03288,Patient 3288,M,85,A+,Pune,116,172,Yes,Yes
P03289,Patient 3289,Female,5,AB-,Delhi,55,165,No,No
P03290,Patient 3290,Male,38,A+,Hyderabad,105,178,,Yes
P03291,Patient 3291,male,35,A-,Hyderabad,103,156,Yes,Yes
P03292,Patient 3292,F,72,B-,Hyderabad,104,176,,Yes
P03293,Patient 3293,female,,B-,Kolkata,96,159,,
P03294,Patient 3294,Male,61,O-,Chennai,68,187,Yes,Yes
P03295,Patient 3295,male,20,A+,Delhi,92,190,Yes,Yes
P03296,Patient 3296,M,6,AB+,Delhi,79,186,,
P03297,Patient 3297,Male,46,O-,Chennai,117,153,No,Yes
P03298,Patient 3298,F,72,B-,Hyderabad,68,189,No,
P03299,Patient 3299,M,86,A+,Kolkata,72,167,No,
P03300,Patient 3300,F,3,AB-,Mumbai,118,147,No,
P03301,Patient 3301,female,5,B-,Chennai,38,147,No,
P03302,Patient 3302,male,16,O+,Pune,41,154,No,Yes
P03303,Patient 3303,M,77,AB-,Pune,111,142,,No
P03304,Patient 3304,male,55,B+,Pune,106,165,Yes,No
P03305,Patient 3305,male,19,O-,Kolkata,51,147,,No
P03306,Patient 3306,M,62,B+,Mumbai,52,160,Yes,Yes
P03307,Patient 3307,Female,78,B-,Bengaluru,36,161,,
P03308,Patient 3308,Male,38,O+,Chennai,91,190,No,No
P03309,Patient 3309,male,50,O-,Pune,73,174,,Yes
P03310,Patient 3310,Female,77,A-,Hyderabad,90,160,Yes,
P03311,Patient 3311,M,29,A-,Mumbai,75,140,No,No
P03312,Patient 3312,Female,45,A+,Delhi,62,146,,Yes
P03313,Patient 3313,Female,51,A-,Hyderabad,51,182,Yes,
P03314,Patient 3314,female,61,B+,Bengaluru,65,189,No,No
P03315,Patient 3315,male,21,B-,Kolkata,89,189,No,
P03316,Patient 3316,male,42,B+,Mumbai,76,175,,
P03317,Patient 3317,male,40,B+,Bengaluru,56,183,No,Yes
P03318,Patient 3318,male,52,AB-,Pune,49,172,,Yes
P03319,Patient 3319,male,58,A+,Kolkata,43,143,,Yes
P03320,Patient 3320,Male,47,O+,Chennai,74,178,No,No
P03321,Patient 3321,male,35,B-,Pune,,154,Yes,No
P03322,Patient 3322,female,57,O+,Delhi,102,186,No,Yes
P03323,Patient 3323,female,46,AB-,Mumbai,109,159,No,No
P03324,Patient 3324,male,78,B-,Chennai,61,142,,
P03325,Patient 3325,Male,4,B-,Chennai,63,152,Yes,Yes
P03326,Patient 3326,female,89,B+,Chennai,60,155,Yes,
P03327,Patient 3327,Female,61,A-,Pune,99,174,Yes,No
P03328,Patient 3328,Male,70,O+,Hyderabad,95,152,,No
P03329,Patient 3329,Male,24,O-,Mumbai,75,183,Yes,No
P03330,Patient 3330,male,-3,B-,Pune,74,166,,Yes
P03331,Patient 3331,Male,62,A-,Pune,100,143,No,
P03332,Patient 3332,male,62,AB+,Chennai,59,158,Yes,
P03333,Patient 3333,M,62,B+,Kolkata,91,187,No,
P03334,Patient 3334,Female,9,AB+,Mumbai,74,154,,
P03335,Patient 3335,female,74,AB+,Pune,67,164,No,Yes
P03336,Patient 3336,F,79,A+,Bengaluru,110,176,Yes,Yes
P03337,Patient 3337,F,7,O-,Chennai,103,178,Yes,
P03338,Patient 3338,female,3,O-,Mumbai,103,154,Yes,
P03339,Patient 3339,M,11,O+,Pune,104,,Yes,
P03340,Patient 3340,female,38,O+,Kolkata,84,157,,
P03341,Patient 3341,M,59,B+,Kolkata,109,163,No,No
P03342,Patient 3342,F,43,O-,Hyderabad,116,185,,Yes
P03343,Patient 3343,Male,67,B+,Mumbai,49,177,Yes,No
P03344,Patient 3344,F,75,A-,Hyderabad,94,186,Yes,No
P03345,Patient 3345,female,68,AB-,Delhi,104,152,No,Yes
P03346,Patient 3346,male,43,O+,Pune,109,173,Yes,No
P03347,Patient 3347,Female,27,AB+,Kolkata,89,171,Yes,Yes
P03348,Patient 3348,Male,24,B-,Kolkata,62,180,,No
P03349,Patient 3349,Male,56,B-,Kolkata,103,147,No,
P03350,Patient 3350,F,11,A+,Hyderabad,70,161,Yes,
P03351,Patient 3351,F,80,B+,Hyderabad,119,186,Yes,No
P03352,Patient 3352,male,60,O-,Mumbai,108,143,,No
P03353,Patient 3353,Female,55,O-,Delhi,109,153,,
P03354,Patient 3354,Male,41,AB-,Bengaluru,99,174,Yes,
P03355,Patient 3355,female,41,AB+,Delhi,59,148,,
P03356,Patient 3356,Female,16,A-,Delhi,50,176,Yes,
P03357,Patient 3357,male,17,B+,Bengaluru,108,170,No,No
P03358,Patient 3358,M,16,A+,Kolkata,66,186,Yes,
P03359,Patient 3359,Male,68,A-,Delhi,76,174,No,No
P03360,Patient 3360,Female,8,AB-,Mumbai,52,159,No,Yes
P03361,Patient 3361,Female,44,AB+,Hyderabad,102,171,No,Yes
P03362,Patient 3362,female,57,O-,Kolkata,,153,,
P03363,Patient 3363,Female,52,O-,Mumbai,107,155,,Yes
P03364,Patient 3364,F,1,O-,Hyderabad,115,161,No,Yes
P03365,Patient 3365,M,47,B-,Delhi,116,158,,No
P03366,Patient 3366,F,50,AB-,Kolkata,83,155,Yes,No
P03367,Patient 3367,M,,O+,Mumbai,49,146,No,
P03368,Patient 3368,Female,79,B-,Chennai,40,182,No,Yes
P03369,Patient 3369,F,59,AB+,Hyderabad,38,150,,No
P03370,Patient 3370,Female,53,O+,Mumbai,35,161,,Yes
P03371,Patient 3371,Male,49,AB+,Delhi,67,156,Yes,Yes
P03372,Patient 3372,female,80,B-,Pune,94,160,,
P03373,Patient 3373,Male,39,O-,Delhi,87,156,Yes,Yes
P03374,Patient 3374,Male,86,B+,Chennai,106,174,Yes,Yes
P03375,Patient 3375,M,34,B-,Chennai,53,171,Yes,
P03376,Patient 3376,male,14,O+,Chennai,68,180,Yes,
P03377,Patient 3377,male,75,B-,Delhi,64,177,,No
P03378,Patient 3378,M,74,AB+,Pune,40,166,,
P03379,Patient 3379,Male,78,B+,Mumbai,115,184,,
P03380,Patient 3380,M,36,O+,Hyderabad,113,172,No,No
P03381,Patient 3381,male,15,AB-,Mumbai,65,189,No,Yes
P03382,Patient 3382,Male,59,AB+,Hyderabad,69,152,,
P03383,Patient 3383,M,16,O+,Hyderabad,48,188,,Yes
P03384,Patient 3384,F,26,A-,Kolkata,74,153,No,Yes
P03385,Patient 3385,female,71,O-,Kolkata,95,168,Yes,
P03386,Patient 3386,male,30,AB-,Chennai,62,165,Yes,No
P03387,Patient 3387,Male,13,A+,Kolkata,64,185,Yes,No
P03388,Patient 3388,M,25,A+,Mumbai,100,180,,Yes
P03389,Patient 3389,male,51,B+,Delhi,52,162,No,Yes
P03390,Patient 3390,Male,84,A+,Bengaluru,56,154,,No
P03391,Patient 3391,Male,58,O+,Hyderabad,94,148,No,Yes
P03392,Patient 3392,female,3,AB-,Bengaluru,42,,,
P03393,Patient 3393,Female,35,B+,Pune,47,176,No,Yes
P03394,Patient 3394,Male,71,AB-,Bengaluru,117,144,,No
P03395,Patient 3395,Female,13,O+,Kolkata,116,149,No,Yes
P03396,Patient 3396,Female,76,AB+,Pune,106,170,,No
P03397,Patient 3397,male,27,A-,Chennai,58,151,No,Yes
P03398,Patient 3398,male,24,B-,Mumbai,72,140,No,Yes
P03399,Patient 3399,Male,14,A+,Mumbai,103,179,No,No
P03400,Patient 3400,female,68,AB+,Mumbai,90,146,Yes,No
P03401,Patient 3401,M,2,AB-,Bengaluru,54,174,,Yes
P03402,Patient 3402,Male,8,A+,Kolkata,54,189,No,Yes
P03403,Patient 3403,Female,51,A-,Kolkata,,186,No,Yes
P03404,Patient 3404,Male,,A+,Pune,104,177,No,No
P03405,Patient 3405,Male,78,A-,Chennai,75,141,Yes,Yes
P03406,Patient 3406,Male,43,AB-,Mumbai,107,140,,No
P03407,Patient 3407,Male,12,AB-,Mumbai,59,188,Yes,Yes
P03408,Patient 3408,M,14,A+,Bengaluru,61,174,,No
P03409,Patient 3409,M,10,B+,Mumbai,118,164,Yes,Yes
P03410,Patient 3410,male,33,AB+,Hyderabad,75,185,Yes,No
P03411,Patient 3411,F,15,A-,Chennai,107,150,Yes,No
P03412,Patient 3412,M,33,A+,Mumbai,74,155,Yes,No
P03413,Patient 3413,male,38,B+,Delhi,51,151,,No
P03414,Patient 3414,Female,2,B-,Kolkata,53,161,No,Yes
P03415,Patient 3415,Male,19,O+,Pune,120,186,,No
P03416,Patient 3416,F,61,A+,Mumbai,58,164,,Yes
P03417,Patient 3417,male,54,O-,Delhi,117,180,Yes,Yes
P03418,Patient 3418,female,61,AB-,Kolkata,87,145,No,
P03419,Patient 3419,Female,72,O+,Pune,38,183,,No
P03420,Patient 3420,Male,75,AB+,Delhi,104,162,Yes,Yes
P03421,Patient 3421,Male,14,O-,Kolkata,108,182,,Yes
P03422,Patient 3422,M,22,O+,Bengaluru,90,174,,
P03423,Patient 3423,F,53,AB+,Hyderabad,67,170,,
P03424,Patient 3424,M,54,AB+,Delhi,51,153,Yes,
P03425,Patient 3425,M,68,O+,Delhi,69,159,,
P03426,Patient 3426,F,30,A-,Kolkata,91,182,Yes,
P03427,Patient 3427,F,5,B+,Delhi,240,158,No,No
P03428,Patient 3428,F,6,B-,Chennai,41,165,,
P03429,Patient 3429,male,81,B-,Pune,51,152,,No
P03430,Patient 3430,M,66,A+,Kolkata,90,157,Yes,Yes
P03431,Patient 3431,M,29,O-,Pune,108,173,No,Yes
P03432,Patient 3432,Male,19,B+,Mumbai,36,150,,
P03433,Patient 3433,male,63,O-,Delhi,53,140,Yes,Yes
P03434,Patient 3434,Male,1,AB+,Mumbai,42,141,No,
P03435,Patient 3435,F,52,A-,Kolkata,93,155,Yes,Yes
P03436,Patient 3436,F,67,A-,Delhi,101,176,No,Yes
P03437,Patient 3437,F,52,A-,Chennai,35,141,,
P03438,Patient 3438,Female,81,AB-,Mumbai,54,155,No,
P03439,Patient 3439,F,75,AB-,Bengaluru,103,189,,
P03440,Patient 3440,F,6,O-,Pune,84,140,,Yes
P03441,Patient 3441,male,-3,AB+,Mumbai,89,170,Yes,Yes
P03442,Patient 3442,F,3,O+,Bengaluru,111,177,Yes,Yes
P03443,Patient 3443,female,56,B-,Chennai,50,146,Yes,Yes
P03444,Patient 3444,Male,67,O-,Bengaluru,,160,No,No
P03445,Patient 3445,F,65,O+,Mumbai,53,,Yes,Yes
P03446,Patient 3446,Male,82,A-,Pune,68,182,Yes,No
P03447,Patient 3447,M,31,A+,Chennai,70,166,No,No
P03448,Patient 3448,male,74,O+,Kolkata,112,178,,No
P03449,Patient 3449,Female,52,A+,Delhi,90,168,Yes,
P03450,Patient 3450,female,18,A+,Hyderabad,69,181,Yes,
P03451,Patient 3451,F,70,B+,Mumbai,46,184,,Yes
P03452,Patient 3452,male,66,A+,Mumbai,92,178,No,Yes
P03453,Patient 3453,F,5,A-,Chennai,102,162,No,
P03454,Patient 3454,Female,42,O-,Bengaluru,52,169,Yes,No
P03455,Patient 3455,male,40,AB-,Delhi,55,154,Yes,No
P03456,Patient 3456,Male,12,B+,Kolkata,55,179,,No
P03457,Patient 3457,female,14,AB+,Delhi,105,147,,Yes
P03458,Patient 3458,F,81,A+,Pune,76,162,,No
P03459,Patient 3459,M,15,B+,Mumbai,39,143,Yes,No
P03460,Patient 3460,Male,55,A-,Mumbai,87,141,,Yes
P03461,Patient 3461,Male,67,A+,Delhi,53,169,,
P03462,Patient 3462,F,23,AB+,Delhi,60,148,No,Yes
P03463,Patient 3463,male,17,O-,Delhi,38,181,No,
P03464,Patient 3464,male,55,B-,Hyderabad,90,188,,No
P03465,Patient 3465,Male,40,O+,Bengaluru,83,186,Yes,Yes
P03466,Patient 3466,female,57,O+,Chennai,88,154,Yes,Yes
P03467,Patient 3467,Female,80,A+,Pune,46,161,No,
P03468,Patient 3468,male,81,AB-,Hyderabad,61,186,Yes,No
P03469,Patient 3469,M,31,A-,Chennai,79,175,No,
P03470,Patient 3470,Male,22,B+,Hyderabad,55,160,No,
P03471,Patient 3471,Male,24,AB+,Hyderabad,85,168,No,
P03472,Patient 3472,M,50,B+,Hyderabad,79,184,Yes,No
P03473,Patient 3473,M,10,AB-,Kolkata,114,168,No,
P03474,Patient 3474,Male,38,B+,Kolkata,95,169,Yes,
P03475,Patient 3475,Male,27,AB+,Delhi,81,140,,No
P03476,Patient 3476,male,65,B+,Mumbai,107,170,Yes,No
P03477,Patient 3477,Male,35,O+,Bengaluru,61,159,No,
P03478,Patient 3478,Male,,B+,Delhi,105,149,No,
P03479,Patient 3479,female,56,O-,Mumbai,67,178,No,No
P03480,Patient 3480,M,74,O+,Hyderabad,57,141,No,
P03481,Patient 3481,female,12,AB-,Hyderabad,50,146,Yes,
P03482,Patient 3482,Female,71,AB-,Mumbai,45,173,Yes,
P03483,Patient 3483,Female,55,O-,Bengaluru,64,159,,No
P03484,Patient 3484,female,65,A-,Kolkata,99,151,,No
P03485,Patient 3485,Male,76,AB+,Chennai,,174,No,Yes
P03486,Patient 3486,Male,45,B+,Delhi,47,146,Yes,No
P03487,Patient 3487,female,40,O+,Delhi,60,182,,Yes
P03488,Patient 3488,female,32,AB+,Delhi,38,147,No,
P03489,Patient 3489,Female,68,AB-,Mumbai,89,140,Yes,
P03490,Patient 3490,Male,83,A+,Mumbai,99,164,Yes,Yes
P03491,Patient 3491,F,90,AB-,Kolkata,60,146,,
P03492,Patient 3492,Male,78,O+,Delhi,41,145,Yes,Yes
P03493,Patient 3493,Female,39,A-,Hyderabad,95,147,,No
P03494,Patient 3494,female,13,AB+,Delhi,110,169,,Yes
P03495,Patient 3495,male,81,A+,Bengaluru,84,149,,No
P03496,Patient 3496,male,13,AB-,Hyderabad,109,181,,No
P03497,Patient 3497,Male,47,A-,Mumbai,36,180,No,No
P03498,Patient 3498,Female,29,A-,Delhi,78,,No,Yes
P03499,Patient 3499,M,72,A+,Chennai,102,183,Yes,No
P03500,Patient 3500,Female,77,AB-,Delhi,42,185,No,Yes
P03501,Patient 3501,female,55,A-,Hyderabad,38,175,,No
P03502,Patient 3502,female,20,AB+,Pune,51,152,No,No
P03503,Patient 3503,M,16,O-,Hyderabad,103,152,Yes,Yes
P03504,Patient 3504,Male,58,A+,Mumbai,88,175,No,
P03505,Patient 3505,male,2,AB-,Hyderabad,105,163,,Yes
P03506,Patient 3506,male,2,O+,Mumbai,56,181,Yes,Yes
P03507,Patient 3507,Male,51,AB+,Kolkata,58,150,Yes,No
P03508,Patient 3508,M,78,O-,Hyderabad,120,188,No,No
P03509,Patient 3509,Male,51,AB+,Hyderabad,120,170,No,
P03510,Patient 3510,M,88,A-,Mumbai,80,144,,No
P03511,Patient 3511,male,90,A+,Bengaluru,53,145,Yes,No
P03512,Patient 3512,Male,39,A+,Chennai,53,164,Yes,Yes
P03513,Patient 3513,female,26,O+,Hyderabad,81,142,Yes,No
P03514,Patient 3514,F,28,B-,Kolkata,49,179,Yes,No
P03515,Patient 3515,Male,,B-,Delhi,72,172,Yes,No
P03516,Patient 3516,Male,14,A+,Pune,89,178,Yes,Yes
P03517,Patient 3517,Male,19,AB+,Chennai,47,163,,No
P03518,Patient 3518,male,71,AB+,Bengaluru,84,184,Yes,Yes
P03519,Patient 3519,Female,86,O+,Kolkata,113,161,Yes,Yes
P03520,Patient 3520,Male,1,O+,Chennai,76,141,No,No
P03521,Patient 3521,F,20,AB+,Hyderabad,97,172,Yes,No
P03522,Patient 3522,male,61,O-,Bengaluru,66,175,Yes,Yes
P03523,Patient 3523,M,70,O-,Hyderabad,44,168,Yes,Yes
P03524,Patient 3524,F,30,AB-,Kolkata,110,163,Yes,No
P03525,Patient 3525,M,47,A+,Hyderabad,68,149,,
P03526,Patient 3526,female,60,AB+,Delhi,,154,Yes,No
P03527,Patient 3527,female,38,O-,Hyderabad,90,188,No,No
P03528,Patient 3528,Male,60,O-,Delhi,94,149,No,Yes
P03529,Patient 3529,Male,4,AB-,Delhi,93,153,No,No
P03530,Patient 3530,F,34,B-,Chennai,118,170,,
P03531,Patient 3531,M,8,O-,Pune,62,146,Yes,
P03532,Patient 3532,male,3,A-,Hyderabad,58,168,No,
P03533,Patient 3533,Female,42,AB+,Delhi,93,182,Yes,
P03534,Patient 3534,M,23,AB+,Mumbai,77,156,No,Yes
P03535,Patient 3535,Male,72,AB-,Chennai,101,159,No,No
P03536,Patient 3536,female,18,AB+,Bengaluru,36,168,Yes,Yes
P03537,Patient 3537,Female,62,O-,Mumbai,43,185,,
P03538,Patient 3538,female,52,B+,Pune,95,166,,Yes
P03539,Patient 3539,female,28,AB-,Kolkata,102,167,Yes,No
P03540,Patient 3540,F,86,AB+,Kolkata,38,156,,Yes
P03541,Patient 3541,male,23,O-,Hyderabad,42,184,Yes,No
P03542,Patient 3542,Male,1,B+,Chennai,79,190,Yes,
P03543,Patient 3543,F,54,AB-,Chennai,45,160,No,Yes
P03544,Patient 3544,female,41,O-,Chennai,59,183,No,Yes
P03545,Patient 3545,M,61,AB-,Bengaluru,99,178,No,No
P03546,Patient 3546,Male,33,A+,Mumbai,55,167,,No
P03547,Patient 3547,Female,19,AB+,Bengaluru,58,170,Yes,No
P03548,Patient 3548,female,27,B+,Mumbai,58,143,,Yes
P03549,Patient 3549,Male,62,AB-,Hyderabad,48,146,No,
P03550,Patient 3550,Male,63,AB-,Delhi,89,178,No,Yes
P03551,Patient 3551,F,8,O-,Delhi,72,,No,No
P03552,Patient 3552,F,-3,B-,Delhi,86,176,No,Yes
P03553,Patient 3553,Male,14,B-,Kolkata,89,177,Yes,Yes
P03554,Patient 3554,M,4,A+,Delhi,58,187,No,Yes
P03555,Patient 3555,M,87,A-,Delhi,85,157,No,
P03556,Patient 3556,M,4,A+,Mumbai,44,168,Yes,No
P03557,Patient 3557,Male,25,O-,Bengaluru,92,189,Yes,Yes
P03558,Patient 3558,Female,38,B+,Chennai,109,152,No,Yes
P03559,Patient 3559,F,33,B-,Hyderabad,70,164,Yes,No
P03560,Patient 3560,M,21,AB+,Mumbai,107,157,,Yes
P03561,Patient 3561,Male,70,AB+,Hyderabad,63,176,No,No
P03562,Patient 3562,F,8,O-,Delhi,55,162,,
P03563,Patient 3563,Female,29,AB-,Bengaluru,112,154,Yes,No
P03564,Patient 3564,Female,24,A-,Hyderabad,104,145,No,Yes
P03565,Patient 3565,male,45,AB+,Delhi,118,143,Yes,No
P03566,Patient 3566,female,54,O-,Hyderabad,92,165,Yes,No
P03567,Patient 3567,male,22,O-,Mumbai,,181,,No
P03568,Patient 3568,female,34,O-,Delhi,114,187,No,
P03569,Patient 3569,M,1,O+,Hyderabad,99,174,Yes,No
P03570,Patient 3570,M,64,A+,Mumbai,81,188,Yes,
P03571,Patient 3571,Male,2,B+,Kolkata,120,185,Yes,Yes
P03572,Patient 3572,male,24,B-,Kolkata,44,163,Yes,No
P03573,Patient 3573,Male,34,B-,Mumbai,104,176,Yes,No
P03574,Patient 3574,Female,25,A+,Mumbai,66,153,Yes,No
P03575,Patient 3575,male,9,O-,Pune,40,149,Yes,Yes
P03576,Patient 3576,male,80,O-,Hyderabad,240,161,,
P03577,Patient 3577,F,5,O+,Bengaluru,63,165,Yes,
P03578,Patient 3578,Female,25,O+,Hyderabad,66,152,Yes,No
P03579,Patient 3579,Female,21,A+,Hyderabad,110,167,,Yes
P03580,Patient 3580,female,45,B-,Delhi,107,187,Yes,No
P03581,Patient 3581,F,35,A+,Chennai,46,150,No,
P03582,Patient 3582,F,51,B+,Delhi,75,179,Yes,Yes
P03583,Patient 3583,Female,32,A-,Chennai,98,165,No,No
P03584,Patient 3584,Female,76,A-,Delhi,82,157,No,Yes
P03585,Patient 3585,Male,77,B-,Chennai,69,181,No,
P03586,Patient 3586,Female,13,AB+,Chennai,110,148,Yes,
P03587,Patient 3587,male,30,B-,Bengaluru,47,170,No,Yes
P03588,Patient 3588,male,55,B+,Bengaluru,70,170,,
P03589,Patient 3589,Male,,B+,Bengaluru,67,164,Yes,
P03590,Patient 3590,Female,55,A+,Delhi,50,168,,
P03591,Patient 3591,F,21,O+,Pune,119,187,Yes,No
P03592,Patient 3592,female,8,A-,Delhi,59,150,No,
P03593,Patient 3593,Male,30,O-,Delhi,77,162,No,Yes
P03594,Patient 3594,female,18,A-,Pune,47,177,Yes,
P03595,Patient 3595,M,7,AB-,Bengaluru,101,168,Yes,No
P03596,Patient 3596,male,60,O+,Hyderabad,112,148,Yes,Yes
P03597,Patient 3597,Female,12,O+,Bengaluru,99,174,,No
P03598,Patient 3598,Male,90,B+,Bengaluru,104,190,Yes,No
P03599,Patient 3599,Male,70,AB+,Chennai,96,171,,No
P03600,Patient 3600,Female,74,B+,Kolkata,60,153,,
P03601,Patient 3601,male,56,A+,Mumbai,80,146,No,No
P03602,Patient 3602,M,70,O+,Delhi,120,158,,No
P03603,Patient 3603,male,82,B-,Hyderabad,99,190,,
P03604,Patient 3604,M,22,AB-,Mumbai,76,,No,Yes
P03605,Patient 3605,M,3,AB-,Mumbai,100,157,,
P03606,Patient 3606,Female,22,O-,Bengaluru,81,159,No,Yes
P03607,Patient 3607,F,75,B+,Mumbai,85,150,Yes,No
P03608,Patient 3608,Female,2,O-,Bengaluru,,174,,
P03609,Patient 3609,male,52,AB-,Mumbai,56,188,,No
P03610,Patient 3610,male,25,B+,Bengaluru,110,188,Yes,Yes
P03611,Patient 3611,male,22,A-,Pune,55,155,,
P03612,Patient 3612,Male,23,AB+,Chennai,111,140,Yes,
P03613,Patient 3613,M,57,AB+,Delhi,40,148,No,No
P03614,Patient 3614,M,7,B-,Mumbai,109,163,Yes,No
P03615,Patient 3615,Male,37,B-,Kolkata,117,142,Yes,Yes
P03616,Patient 3616,Female,11,O-,Hyderabad,108,154,Yes,
P03617,Patient 3617,Female,80,O+,Hyderabad,57,148,No,Yes
P03618,Patient 3618,M,12,A+,Bengaluru,110,154,Yes,No
P03619,Patient 3619,M,3,AB-,Bengaluru,102,149,Yes,No
P03620,Patient 3620,Male,52,AB+,Hyderabad,70,165,Yes,No
P03621,Patient 3621,male,56,B-,Bengaluru,51,165,,
P03622,Patient 3622,F,46,O-,Mumbai,36,140,No,Yes
P03623,Patient 3623,Male,26,AB-,Hyderabad,69,167,No,
P03624,Patient 3624,Male,19,B-,Hyderabad,63,183,Yes,No
P03625,Patient 3625,F,15,O+,Pune,36,181,,Yes
P03626,Patient 3626,Female,,A-,Chennai,73,148,No,No
P03627,Patient 3627,Female,37,AB-,Mumbai,49,187,No,No
P03628,Patient 3628,male,85,AB-,Chennai,84,173,Yes,No
P03629,Patient 3629,male,89,O+,Mumbai,61,190,,Yes
P03630,Patient 3630,M,36,O-,Hyderabad,89,144,No,Yes
P03631,Patient 3631,Male,66,A-,Hyderabad,105,168,No,
P03632,Patient 3632,Female,79,O+,Bengaluru,107,152,Yes,Yes
P03633,Patient 3633,Female,22,AB-,Pune,71,175,No,No
P03634,Patient 3634,Female,10,O+,Pune,98,150,No,No
P03635,Patient 3635,F,26,O+,Chennai,99,164,,Yes
P03636,Patient 3636,F,22,O-,Bengaluru,80,158,Yes,No
P03637,Patient 3637,F,18,A+,Pune,88,175,,No
P03638,Patient 3638,M,23,O+,Delhi,60,173,,Yes
P03639,Patient 3639,Female,1,O-,Bengaluru,111,161,No,No
P03640,Patient 3640,M,35,O+,Mumbai,57,145,No,
P03641,Patient 3641,F,78,B-,Chennai,37,142,,Yes
P03642,Patient 3642,male,34,AB-,Hyderabad,89,143,,
P03643,Patient 3643,Female,53,AB-,Kolkata,47,158,,No
P03644,Patient 3644,Male,36,AB+,Bengaluru,62,169,No,Yes
P03645,Patient 3645,male,70,AB+,Pune,92,181,No,No
P03646,Patient 3646,Female,17,AB+,Kolkata,84,188,Yes,No
P03647,Patient 3647,Male,85,O-,Hyderabad,73,184,,
P03648,Patient 3648,Male,78,B+,Chennai,108,142,No,
P03649,Patient 3649,Male,22,O+,Pune,,147,Yes,
P03650,Patient 3650,M,59,A+,Pune,118,175,Yes,No
P03651,Patient 3651,male,53,A+,Mumbai,89,142,,Yes
P03652,Patient 3652,F,57,B-,Mumbai,69,167,Yes,No
P03653,Patient 3653,female,62,B-,Delhi,117,168,No,No
P03654,Patient 3654,Female,90,B+,Bengaluru,50,175,Yes,No
P03655,Patient 3655,female,53,O+,Hyderabad,95,176,Yes,
P03656,Patient 3656,F,3,AB+,Pune,100,168,Yes,
P03657,Patient 3657,M,43,AB-,Hyderabad,111,,Yes,
P03658,Patient 3658,female,54,B+,Bengaluru,61,159,,
P03659,Patient 3659,M,80,AB+,Delhi,99,188,,No
P03660,Patient 3660,female,82,O+,Kolkata,76,141,Yes,Yes
P03661,Patient 3661,male,16,AB+,Hyderabad,93,143,,Yes
P03662,Patient 3662,female,70,AB-,Delhi,86,183,No,No
P03663,Patient 3663,Male,-3,AB+,Hyderabad,58,143,Yes,
P03664,Patient 3664,Female,87,B+,Hyderabad,36,170,,
P03665,Patient 3665,Female,11,AB-,Delhi,107,174,,Yes
P03666,Patient 3666,Female,54,B-,Chennai,76,189,Yes,No
P03667,Patient 3667,male,1,O+,Mumbai,103,167,No,
P03668,Patient 3668,Female,38,B-,Delhi,55,141,,Yes
P03669,Patient 3669,female,42,A+,Delhi,73,183,No,No
P03670,Patient 3670,M,73,A+,Chennai,113,166,,Yes
P03671,Patient 3671,F,9,AB-,Mumbai,113,161,Yes,No
P03672,Patient 3672,Female,34,O+,Mumbai,112,173,,
P03673,Patient 3673,Female,36,A+,Bengaluru,119,190,Yes,
P03674,Patient 3674,female,87,A-,Chennai,44,169,No,
P03675,Patient 3675,M,1,O+,Bengaluru,84,180,Yes,
P03676,Patient 3676,F,15,A+,Delhi,78,181,No,
P03677,Patient 3677,female,33,B+,Hyderabad,109,186,,
P03678,Patient 3678,Female,12,AB-,Hyderabad,77,140,Yes,Yes
P03679,Patient 3679,Female,61,AB+,Bengaluru,41,178,No,Yes
P03680,Patient 3680,Male,58,A+,Kolkata,41,153,,Yes
P03681,Patient 3681,Female,59,B+,Kolkata,55,165,No,
P03682,Patient 3682,male,23,O+,Hyderabad,118,189,,No
P03683,Patient 3683,M,4,B+,Kolkata,119,141,,
P03684,Patient 3684,Female,75,AB-,Bengaluru,78,176,No,Yes
P03685,Patient 3685,Male,10,AB+,Kolkata,88,174,,Yes
P03686,Patient 3686,Female,77,AB-,Chennai,84,147,No,Yes
P03687,Patient 3687,F,2,B+,Hyderabad,106,142,Yes,Yes
P03688,Patient 3688,Male,80,B+,Chennai,50,169,Yes,
P03689,Patient 3689,Female,34,O-,Hyderabad,70,157,,No
P03690,Patient 3690,female,81,O+,Pune,,151,,
P03691,Patient 3691,Female,63,A+,Bengaluru,35,145,,No
P03692,Patient 3692,male,85,B+,Bengaluru,119,149,No,Yes
P03693,Patient 3693,F,53,A-,Mumbai,111,141,Yes,No
P03694,Patient 3694,Female,47,O+,Kolkata,66,140,No,No
P03695,Patient 3695,M,8,AB-,Delhi,66,179,Yes,No
P03696,Patient 3696,Female,32,O+,Delhi,83,160,No,No
P03697,Patient 3697,F,29,A-,Bengaluru,89,156,,No
P03698,Patient 3698,Male,48,B-,Hyderabad,70,183,No,
P03699,Patient 3699,Female,35,A-,Pune,100,174,,
P03700,Patient 3700,F,,O-,Pune,98,155,,No
P03701,Patient 3701,Female,53,B-,Chennai,54,152,Yes,No
P03702,Patient 3702,F,52,AB+,Pune,94,178,,Yes
P03703,Patient 3703,male,17,AB-,Hyderabad,82,177,,Yes
P03704,Patient 3704,Female,18,AB+,Mumbai,41,156,Yes,No
P03705,Patient 3705,Male,73,AB+,Chennai,114,148,No,Yes
P03706,Patient 3706,M,59,B+,Mumbai,107,177,No,No
P03707,Patient 3707,female,79,B+,Kolkata,110,178,,
P03708,Patient 3708,male,71,AB-,Hyderabad,66,153,No,
P03709,Patient 3709,M,66,AB-,Kolkata,94,185,Yes,No
P03710,Patient 3710,Male,56,B-,Pune,36,,,Yes
P03711,Patient 3711,F,7,B-,Delhi,101,156,No,Yes
P03712,Patient 3712,Female,78,A-,Mumbai,102,187,Yes,No
P03713,Patient 3713,Male,2,O+,Pune,38,140,Yes,
P03714,Patient 3714,Female,85,A-,Hyderabad,94,165,No,
P03715,Patient 3715,Male,84,O+,Bengaluru,119,154,,Yes
P03716,Patient 3716,Male,28,B-,Kolkata,73,147,,No
P03717,Patient 3717,F,42,AB-,Mumbai,54,180,Yes,
P03718,Patient 3718,female,79,O-,Hyderabad,104,167,,No
P03719,Patient 3719,female,39,B+,Pune,55,187,Yes,No
P03720,Patient 3720,Male,80,B+,Mumbai,118,149,No,Yes
P03721,Patient 3721,M,4,AB+,Kolkata,107,171,Yes,
P03722,Patient 3722,M,34,B+,Kolkata,106,179,,Yes
P03723,Patient 3723,F,84,B+,Delhi,82,165,Yes,No
P03724,Patient 3724,female,85,A+,Chennai,81,155,,No
P03725,Patient 3725,M,53,O-,Chennai,240,173,Yes,
P03726,Patient 3726,male,83,B-,Hyderabad,72,140,No,No
P03727,Patient 3727,Female,33,O-,Mumbai,50,185,Yes,
P03728,Patient 3728,F,25,O-,Hyderabad,96,182,No,Yes
P03729,Patient 3729,M,2,AB-,Mumbai,41,171,,Yes
P03730,Patient 3730,Male,10,B-,Chennai,98,162,Yes,
P03731,Patient 3731,Female,85,O-,Hyderabad,,142,,
P03732,Patient 3732,Male,75,B-,Kolkata,111,186,No,Yes
P03733,Patient 3733,Female,27,O+,Bengaluru,93,142,Yes,No
P03734,Patient 3734,male,40,A+,Hyderabad,70,168,No,No
P03735,Patient 3735,female,56,AB+,Hyderabad,38,168,Yes,Yes
P03736,Patient 3736,female,41,AB-,Chennai,43,140,No,Yes
P03737,Patient 3737,M,,A+,Bengaluru,44,190,,No
P03738,Patient 3738,Female,12,B+,Hyderabad,96,184,,
P03739,Patient 3739,male,45,AB+,Mumbai,45,157,No,Yes
P03740,Patient 3740,male,78,A+,Pune,44,175,No,
P03741,Patient 3741,M,11,O+,Pune,47,160,,
P03742,Patient 3742,Female,51,A-,Chennai,120,163,Yes,
P03743,Patient 3743,Male,63,O+,Delhi,95,140,,Yes
P03744,Patient 3744,male,2,A-,Kolkata,74,160,No,Yes
P03745,Patient 3745,female,32,B+,Mumbai,112,190,Yes,
P03746,Patient 3746,M,4,AB+,Hyderabad,61,177,Yes,
P03747,Patient 3747,male,6,AB+,Bengaluru,65,172,No,
P03748,Patient 3748,M,89,A+,Mumbai,37,182,No,No
P03749,Patient 3749,male,21,A-,Chennai,112,184,No,
P03750,Patient 3750,Female,56,B-,Pune,111,153,,No
P03751,Patient 3751,Female,17,AB-,Pune,60,143,No,Yes
P03752,Patient 3752,M,65,AB-,Delhi,99,143,,
P03753,Patient 3753,Male,78,B+,Delhi,106,170,,
P03754,Patient 3754,F,16,A-,Kolkata,111,184,,
P03755,Patient 3755,Male,81,A-,Mumbai,71,154,,Yes
P03756,Patient 3756,Male,50,O-,Kolkata,83,146,No,
P03757,Patient 3757,male,44,B+,Hyderabad,106,143,No,Yes
P03758,Patient 3758,Male,24,AB+,Delhi,119,147,No,No
P03759,Patient 3759,Male,88,O-,Mumbai,55,149,,No
P03760,Patient 3760,M,87,O+,Pune,35,170,,No
P03761,Patient 3761,female,38,A+,Hyderabad,96,186,,
P03762,Patient 3762,Female,87,A-,Chennai,52,180,Yes,No
P03763,Patient 3763,F,50,O-,Bengaluru,44,,Yes,
P03764,Patient 3764,M,35,AB+,Chennai,88,190,Yes,No
P03765,Patient 3765,female,24,AB+,Delhi,66,160,No,Yes
P03766,Patient 3766,M,2,A-,Bengaluru,52,187,,No
P03767,Patient 3767,M,3,AB-,Delhi,51,163,Yes,No
P03768,Patient 3768,male,67,A+,Chennai,86,143,Yes,Yes
P03769,Patient 3769,M,51,A+,Pune,85,155,Yes,Yes
P03770,Patient 3770,female,68,AB+,Pune,117,145,Yes,
P03771,Patient 3771,Male,70,B-,Kolkata,110,147,Yes,
P03772,Patient 3772,female,16,B-,Bengaluru,,143,Yes,Yes
P03773,Patient 3773,F,47,O+,Pune,52,141,Yes,
P03774,Patient 3774,male,-3,AB-,Bengaluru,93,188,,No
P03775,Patient 3775,female,30,B+,Chennai,49,176,Yes,Yes
P03776,Patient 3776,Male,80,B+,Hyderabad,103,167,No,No
P03777,Patient 3777,male,64,O+,Hyderabad,72,182,No,
P03778,Patient 3778,male,76,O+,Bengaluru,52,142,,
P03779,Patient 3779,Female,37,A-,Delhi,71,161,,Yes
P03780,Patient 3780,female,81,AB+,Pune,106,147,,No
P03781,Patient 3781,male,68,O-,Chennai,62,158,No,Yes
P03782,Patient 3782,female,22,O-,Mumbai,111,190,Yes,No
P03783,Patient 3783,male,79,AB+,Chennai,98,143,Yes,Yes
P03784,Patient 3784,Female,53,O+,Kolkata,48,166,No,Yes
P03785,Patient 3785,M,58,B+,Hyderabad,36,158,No,No
P03786,Patient 3786,male,3,A-,Pune,51,152,,No
P03787,Patient 3787,Female,4,A+,Delhi,44,163,No,Yes
P03788,Patient 3788,M,87,AB-,Hyderabad,116,145,Yes,No
P03789,Patient 3789,F,55,AB-,Kolkata,41,162,Yes,No
P03790,Patient 3790,male,17,A-,Mumbai,57,156,Yes,
P03791,Patient 3791,F,42,O+,Delhi,74,168,,No
P03792,Patient 3792,Male,34,O-,Bengaluru,81,153,No,
P03793,Patient 3793,M,7,A-,Kolkata,75,186,,Yes
P03794,Patient 3794,F,83,AB+,Chennai,102,180,,No
P03795,Patient 3795,M,52,O-,Chennai,109,153,Yes,
P03796,Patient 3796,female,31,AB-,Pune,59,160,,
P03797,Patient 3797,F,72,A+,Pune,93,165,,No
P03798,Patient 3798,female,7,AB-,Hyderabad,58,155,No,
P03799,Patient 3799,Female,12,A+,Hyderabad,104,156,,Yes
P03800,Patient 3800,Male,73,O-,Chennai,58,150,No,Yes
P03801,Patient 3801,female,28,AB-,Mumbai,59,149,,Yes
P03802,Patient 3802,male,27,O+,Delhi,107,165,Yes,
P03803,Patient 3803,Female,18,AB+,Hyderabad,76,155,No,No
P03804,Patient 3804,Female,80,O+,Mumbai,110,181,No,No
P03805,Patient 3805,Female,31,B-,Bengaluru,114,185,,No
P03806,Patient 3806,Female,84,B-,Bengaluru,53,142,Yes,Yes
P03807,Patient 3807,female,74,A+,Delhi,47,156,No,
P03808,Patient 3808,Female,25,O+,Pune,64,188,Yes,Yes
P03809,Patient 3809,Male,39,B+,Kolkata,98,182,Yes,
P03810,Patient 3810,Male,62,O-,Hyderabad,77,160,No,
P03811,Patient 3811,Male,,AB-,Pune,51,164,No,
P03812,Patient 3812,Male,89,B-,Kolkata,112,179,Yes,Yes
P03813,Patient 3813,M,4,O+,Mumbai,,185,Yes,
P03814,Patient 3814,M,20,B+,Mumbai,58,189,No,No
P03815,Patient 3815,Female,60,A-,Chennai,94,153,,
P03816,Patient 3816,M,90,O+,Bengaluru,39,,No,Yes
P03817,Patient 3817,F,57,O-,Delhi,35,153,Yes,No
P03818,Patient 3818,male,5,B+,Kolkata,77,179,,No
P03819,Patient 3819,Male,18,A+,Bengaluru,115,158,No,
P03820,Patient 3820,M,39,O+,Delhi,41,148,,
P03821,Patient 3821,male,56,B+,Chennai,95,190,No,No
P03822,Patient 3822,Male,18,AB+,Hyderabad,82,176,Yes,Yes
P03823,Patient 3823,M,6,B-,Hyderabad,66,185,,
P03824,Patient 3824,M,46,O+,Chennai,116,190,,Yes
P03825,Patient 3825,male,37,O-,Kolkata,108,168,No,
P03826,Patient 3826,F,76,B-,Kolkata,61,146,,
P03827,Patient 3827,F,87,O+,Hyderabad,97,187,,Yes
P03828,Patient 3828,F,33,AB+,Delhi,111,185,,
P03829,Patient 3829,Male,80,O+,Kolkata,75,160,,
P03830,Patient 3830,M,27,O+,Mumbai,53,166,Yes,Yes
P03831,Patient 3831,M,29,A-,Mumbai,110,156,Yes,Yes
P03832,Patient 3832,F,71,A-,Bengaluru,109,185,Yes,No
P03833,Patient 3833,male,79,B-,Pune,71,175,Yes,Yes
P03834,Patient 3834,female,90,AB-,Chennai,44,151,,
P03835,Patient 3835,F,21,O+,Chennai,52,152,No,Yes
P03836,Patient 3836,M,82,AB-,Bengaluru,55,161,,
P03837,Patient 3837,F,63,B+,Mumbai,43,172,Yes,No
P03838,Patient 3838,female,68,AB-,Delhi,117,174,No,
P03839,Patient 3839,M,70,A+,Chennai,72,144,,Yes
P03840,Patient 3840,female,26,O-,Chennai,67,176,No,No
P03841,Patient 3841,male,74,AB+,Delhi,111,174,,No
P03842,Patient 3842,M,66,O+,Kolkata,89,183,No,Yes
P03843,Patient 3843,Male,87,AB-,Mumbai,104,155,Yes,No
P03844,Patient 3844,Male,16,B+,Chennai,41,174,Yes,No
P03845,Patient 3845,Male,52,AB+,Pune,51,140,No,No
P03846,Patient 3846,male,58,O-,Chennai,99,166,,
P03847,Patient 3847,male,52,AB-,Pune,76,160,Yes,Yes
P03848,Patient 3848,male,,A+,Delhi,95,167,Yes,No
P03849,Patient 3849,F,68,AB+,Hyderabad,92,161,,Yes
P03850,Patient 3850,Male,38,AB+,Chennai,42,162,No,No
P03851,Patient 3851,Female,42,O+,Hyderabad,48,149,No,No
P03852,Patient 3852,F,9,AB-,Pune,100,177,Yes,Yes
P03853,Patient 3853,M,26,AB+,Delhi,60,173,,Yes
P03854,Patient 3854,female,41,A-,Chennai,,142,Yes,Yes
P03855,Patient 3855,F,53,O+,Hyderabad,59,142,No,Yes
P03856,Patient 3856,M,28,A+,Mumbai,100,181,Yes,
P03857,Patient 3857,F,43,B-,Delhi,41,174,,No
P03858,Patient 3858,female,9,A+,Kolkata,62,157,No,
P03859,Patient 3859,F,9,AB-,Hyderabad,112,170,,No
P03860,Patient 3860,Female,18,O+,Delhi,69,161,Yes,No
P03861,Patient 3861,F,50,A+,Pune,113,157,No,Yes
P03862,Patient 3862,M,60,AB-,Pune,61,162,,Yes
P03863,Patient 3863,female,74,B-,Kolkata,76,171,No,
P03864,Patient 3864,female,3,A+,Mumbai,78,177,,No
P03865,Patient 3865,F,1,O+,Pune,56,185,Yes,
P03866,Patient 3866,male,6,B+,Pune,64,145,,No
P03867,Patient 3867,Female,79,O+,Mumbai,37,169,Yes,Yes
P03868,Patient 3868,M,13,AB-,Chennai,107,187,No,
P03869,Patient 3869,F,56,O-,Delhi,93,,,No
P03870,Patient 3870,female,9,O+,Bengaluru,100,167,,
P03871,Patient 3871,F,21,B+,Hyderabad,60,140,,No
P03872,Patient 3872,female,83,O+,Delhi,101,165,,No
P03873,Patient 3873,Female,21,B+,Chennai,66,181,Yes,
P03874,Patient 3874,F,83,AB+,Bengaluru,240,186,,No
P03875,Patient 3875,M,22,O+,Kolkata,93,166,Yes,Yes
P03876,Patient 3876,Male,57,AB+,Chennai,59,184,Yes,
P03877,Patient 3877,female,28,A-,Pune,119,181,Yes,
P03878,Patient 3878,F,12,B+,Pune,94,174,Yes,No
P03879,Patient 3879,male,47,AB+,Kolkata,78,176,,
P03880,Patient 3880,Female,3,B+,Chennai,88,149,,Yes
P03881,Patient 3881,Male,29,AB-,Kolkata,118,170,,
P03882,Patient 3882,Female,4,AB-,Bengaluru,54,150,,Yes
P03883,Patient 3883,male,5,AB-,Delhi,89,160,,
P03884,Patient 3884,F,36,O-,Bengaluru,94,168,No,Yes
P03885,Patient 3885,M,-3,O-,Pune,91,166,Yes,
P03886,Patient 3886,F,68,A+,Hyderabad,44,174,No,
P03887,Patient 3887,Male,27,O-,Kolkata,94,172,Yes,No
P03888,Patient 3888,F,64,O+,Pune,112,143,,
P03889,Patient 3889,M,81,B-,Kolkata,84,150,No,
P03890,Patient 3890,Female,66,A+,Hyderabad,91,166,Yes,Yes
P03891,Patient 3891,Male,88,B+,Mumbai,96,165,,No
P03892,Patient 3892,Male,88,A+,Bengaluru,48,151,No,
P03893,Patient 3893,Male,12,B+,Kolkata,105,174,,
P03894,Patient 3894,female,67,A-,Kolkata,117,164,Yes,Yes
P03895,Patient 3895,M,84,AB+,Bengaluru,,140,,Yes
P03896,Patient 3896,F,16,B+,Mumbai,41,169,No,Yes
P03897,Patient 3897,M,76,B-,Mumbai,106,149,No,
P03898,Patient 3898,female,66,O+,Kolkata,119,167,No,Yes
P03899,Patient 3899,M,32,AB-,Pune,75,142,No,
P03900,Patient 3900,female,79,B-,Mumbai,87,173,No,No
P03901,Patient 3901,M,89,AB-,Mumbai,92,140,,Yes
P03902,Patient 3902,Male,22,O-,Pune,119,153,No,
P03903,Patient 3903,female,6,A+,Pune,75,168,Yes,
P03904,Patient 3904,F,12,B-,Kolkata,102,170,No,
P03905,Patient 3905,male,36,O-,Kolkata,68,142,,Yes
P03906,Patient 3906,Male,14,O+,Chennai,44,159,Yes,
P03907,Patient 3907,Female,90,B-,Bengaluru,48,188,No,Yes
P03908,Patient 3908,M,26,A-,Pune,86,174,,No
P03909,Patient 3909,female,69,A+,Kolkata,112,144,,No
P03910,Patient 3910,F,58,A+,Hyderabad,114,168,Yes,Yes
P03911,Patient 3911,female,82,O+,Pune,73,189,No,
P03912,Patient 3912,M,38,O+,Delhi,68,166,Yes,No
P03913,Patient 3913,Male,55,AB+,Mumbai,73,141,Yes,
P03914,Patient 3914,M,41,B-,Hyderabad,96,153,Yes,No
P03915,Patient 3915,M,75,B+,Kolkata,98,163,,
P03916,Patient 3916,Female,19,A-,Kolkata,119,168,No,
P03917,Patient 3917,F,27,A-,Pune,39,148,,No
P03918,Patient 3918,Female,85,B-,Mumbai,73,181,Yes,No
P03919,Patient 3919,male,12,A-,Kolkata,83,187,No,
P03920,Patient 3920,F,33,AB+,Hyderabad,103,155,No,Yes
P03921,Patient 3921,male,60,AB+,Hyderabad,61,159,No,
P03922,Patient 3922,female,,A-,Pune,84,,,
P03923,Patient 3923,male,74,A-,Bengaluru,80,174,No,No
P03924,Patient 3924,Male,79,AB-,Delhi,49,167,No,Yes
P03925,Patient 3925,F,21,A-,Chennai,56,144,,
P03926,Patient 3926,Male,10,B-,Hyderabad,117,158,No,No
P03927,Patient 3927,female,86,A+,Bengaluru,96,164,,No
P03928,Patient 3928,M,72,AB-,Pune,61,184,Yes,
P03929,Patient 3929,Female,17,AB+,Pune,110,186,,
P03930,Patient 3930,Male,31,B+,Chennai,60,189,,No
P03931,Patient 3931,female,4,AB+,Bengaluru,108,186,Yes,Yes
P03932,Patient 3932,M,72,AB-,Chennai,59,166,Yes,
P03933,Patient 3933,M,49,A-,Delhi,88,166,Yes,No
P03934,Patient 3934,Female,51,A+,Mumbai,65,157,Yes,Yes
P03935,Patient 3935,F,88,A+,Delhi,63,157,Yes,
P03936,Patient 3936,Female,57,AB+,Chennai,,175,No,
P03937,Patient 3937,M,3,A-,Pune,47,170,Yes,
P03938,Patient 3938,Male,39,O+,Pune,70,165,Yes,
P03939,Patient 3939,male,22,A-,Chennai,62,155,No,No
P03940,Patient 3940,Female,47,AB+,Hyderabad,90,159,Yes,Yes
P03941,Patient 3941,M,71,B+,Chennai,84,155,Yes,Yes
P03942,Patient 3942,male,73,AB+,Kolkata,109,190,,No
P03943,Patient 3943,Female,46,B+,Chennai,109,188,,No
P03944,Patient 3944,male,49,A+,Delhi,68,145,Yes,
P03945,Patient 3945,female,42,O-,Pune,35,151,Yes,
P03946,Patient 3946,male,27,O+,Kolkata,69,189,No,No
P03947,Patient 3947,F,19,B-,Kolkata,58,174,Yes,No
P03948,Patient 3948,Male,61,O+,Pune,65,154,No,No
P03949,Patient 3949,female,90,AB-,Pune,45,163,,Yes
P03950,Patient 3950,Male,20,O+,Bengaluru,80,145,,No
P03951,Patient 3951,F,68,O-,Mumbai,101,169,Yes,Yes
P03952,Patient 3952,Male,89,O-,Pune,36,158,Yes,No
P03953,Patient 3953,M,64,A-,Kolkata,118,167,Yes,Yes
P03954,Patient 3954,F,90,A+,Delhi,102,163,Yes,
P03955,Patient 3955,Female,90,A-,Pune,103,170,Yes,
P03956,Patient 3956,Male,11,O+,Mumbai,76,145,No,No
P03957,Patient 3957,female,69,A-,Hyderabad,87,150,Yes,No
P03958,Patient 3958,M,71,A-,Delhi,44,175,,
P03959,Patient 3959,male,,AB+,Pune,115,173,Yes,No
P03960,Patient 3960,female,59,A+,Mumbai,41,166,No,
P03961,Patient 3961,female,85,A-,Pune,60,155,No,Yes
P03962,Patient 3962,Male,26,A+,Mumbai,36,165,Yes,Yes
P03963,Patient 3963,male,24,O-,Bengaluru,99,167,Yes,
P03964,Patient 3964,male,42,A-,Delhi,52,150,No,Yes
P03965,Patient 3965,M,4,A+,Delhi,86,166,No,Yes
P03966,Patient 3966,F,33,B+,Delhi,75,187,Yes,No
P03967,Patient 3967,female,55,B+,Mumbai,66,153,Yes,Yes
P03968,Patient 3968,male,36,B-,Hyderabad,39,142,,Yes
P03969,Patient 3969,Male,24,O-,Chennai,120,151,Yes,
P03970,Patient 3970,female,4,A+,Hyderabad,47,182,Yes,Yes
P03971,Patient 3971,male,27,B-,Mumbai,67,174,,Yes
P03972,Patient 3972,Female,25,O-,Mumbai,64,181,,No
P03973,Patient 3973,Female,15,O+,Pune,62,150,No,
P03974,Patient 3974,Female,37,O+,Mumbai,77,148,,No
P03975,Patient 3975,M,39,AB+,Hyderabad,73,,Yes,Yes
P03976,Patient 3976,M,34,AB+,Mumbai,109,172,No,Yes
P03977,Patient 3977,Female,7,AB+,Hyderabad,,162,No,
P03978,Patient 3978,Female,86,O+,Bengaluru,95,180,,
P03979,Patient 3979,Female,82,AB-,Hyderabad,115,163,Yes,No
P03980,Patient 3980,female,52,B+,Chennai,46,161,No,No
P03981,Patient 3981,male,43,AB-,Hyderabad,107,144,No,Yes
P03982,Patient 3982,F,48,A+,Kolkata,66,180,No,No
P03983,Patient 3983,M,39,O-,Mumbai,48,157,Yes,No
P03984,Patient 3984,male,75,AB-,Hyderabad,82,150,No,No
P03985,Patient 3985,Female,56,O-,Mumbai,75,182,,
P03986,Patient 3986,female,90,O-,Bengaluru,87,148,Yes,Yes
P03987,Patient 3987,M,38,AB-,Kolkata,60,185,Yes,No
P03988,Patient 3988,Male,14,B+,Bengaluru,78,170,No,
P03989,Patient 3989,female,90,B-,Pune,88,152,No,Yes
P03990,Patient 3990,F,85,O-,Kolkata,71,166,,No
P03991,Patient 3991,Male,32,AB+,Hyderabad,120,176,Yes,No
P03992,Patient 3992,F,69,AB-,Kolkata,53,158,,Yes
P03993,Patient 3993,F,79,A-,Chennai,112,188,Yes,No
P03994,Patient 3994,Male,29,AB+,Hyderabad,99,145,,
P03995,Patient 3995,Male,26,B-,Delhi,94,145,No,Yes
P03996,Patient 3996,Male,-3,AB-,Bengaluru,51,164,Yes,Yes
P03997,Patient 3997,F,13,AB+,Hyderabad,70,174,No,
P03998,Patient 3998,M,3,O+,Kolkata,106,148,Yes,Yes
P03999,Patient 3999,M,17,B-,Kolkata,50,158,No,No
P04000,Patient 4000,female,51,O+,Hyderabad,58,160,Yes,
P04001,Patient 4001,M,75,O+,Pune,116,150,No,Yes
P04002,Patient 4002,M,25,B+,Bengaluru,111,146,,
P04003,Patient 4003,Female,81,AB+,Hyderabad,73,140,,No
P04004,Patient 4004,female,65,A-,Mumbai,120,145,,No
P04005,Patient 4005,male,90,AB-,Delhi,84,185,,No
P04006,Patient 4006,female,58,B-,Mumbai,38,166,No,Yes
P04007,Patient 4007,Male,77,AB+,Delhi,49,142,Yes,No
P04008,Patient 4008,M,74,B-,Kolkata,38,147,,No
P04009,Patient 4009,Male,75,B-,Mumbai,39,188,Yes,No
P04010,Patient 4010,female,35,AB+,Hyderabad,62,170,No,
P04011,Patient 4011,Male,27,O+,Delhi,70,174,,
P04012,Patient 4012,female,89,A+,Delhi,68,145,No,No
P04013,Patient 4013,Male,77,O+,Kolkata,62,142,Yes,Yes
P04014,Patient 4014,F,52,A-,Hyderabad,36,158,Yes,Yes
P04015,Patient 4015,Male,40,B+,Kolkata,118,150,,No
P04016,Patient 4016,F,54,A+,Bengaluru,50,165,Yes,
P04017,Patient 4017,male,78,B+,Delhi,40,155,Yes,No
P04018,Patient 4018,F,65,O+,Mumbai,,159,Yes,Yes
P04019,Patient 4019,M,41,A+,Bengaluru,60,144,No,
P04020,Patient 4020,F,86,A-,Mumbai,47,171,,No
P04021,Patient 4021,M,8,A-,Hyderabad,45,160,,Yes
P04022,Patient 4022,Female,64,A-,Kolkata,49,153,,No
P04023,Patient 4023,M,3,A+,Mumbai,240,159,,
P04024,Patient 4024,Male,84,A-,Mumbai,46,158,,No
P04025,Patient 4025,Female,81,AB-,Bengaluru,73,160,Yes,
P04026,Patient 4026,F,28,O-,Chennai,90,170,No,No
P04027,Patient 4027,Male,55,B-,Kolkata,59,178,Yes,Yes
P04028,Patient 4028,F,82,A-,Bengaluru,98,,No,Yes
P04029,Patient 4029,Female,74,B+,Delhi,71,150,No,No
P04030,Patient 4030,Female,7,A-,Pune,44,185,Yes,No
P04031,Patient 4031,female,7,AB+,Bengaluru,87,178,Yes,No
P04032,Patient 4032,male,9,O-,Pune,87,175,Yes,No
P04033,Patient 4033,female,,O+,Delhi,118,171,Yes,Yes
P04034,Patient 4034,M,82,A-,Bengaluru,81,158,No,
P04035,Patient 4035,F,70,O+,Kolkata,111,185,,No
P04036,Patient 4036,male,55,B-,Delhi,84,178,Yes,No
P04037,Patient 4037,female,14,O-,Chennai,110,180,No,No
P04038,Patient 4038,male,85,O-,Hyderabad,86,153,,No
P04039,Patient 4039,female,19,A-,Chennai,58,168,Yes,No
P04040,Patient 4040,female,52,O-,Chennai,52,188,No,Yes
P04041,Patient 4041,M,34,A+,Bengaluru,83,140,Yes,Yes
P04042,Patient 4042,Male,38,B-,Delhi,118,157,No,
P04043,Patient 4043,male,83,A+,Hyderabad,88,151,,
P04044,Patient 4044,Male,57,AB+,Chennai,48,140,,
P04045,Patient 4045,Male,8,AB-,Mumbai,69,188,,Yes
P04046,Patient 4046,Female,1,B-,Kolkata,95,166,,Yes
P04047,Patient 4047,female,16,B+,Mumbai,79,190,Yes,Yes
P04048,Patient 4048,Female,71,B+,Pune,53,151,Yes,
P04049,Patient 4049,Female,36,B-,Pune,95,160,,
P04050,Patient 4050,Male,77,O+,Delhi,73,142,Yes,
P04051,Patient 4051,F,71,A-,Mumbai,69,168,No,Yes
P04052,Patient 4052,female,15,A+,Hyderabad,66,162,No,Yes
P04053,Patient 4053,Female,41,B+,Hyderabad,91,149,Yes,No
P04054,Patient 4054,female,38,O-,Chennai,50,180,,Yes
P04055,Patient 4055,Female,77,A+,Mumbai,94,173,,Yes
P04056,Patient 4056,Male,10,O+,Hyderabad,38,159,,No
P04057,Patient 4057,F,32,O-,Hyderabad,73,144,Yes,
P04058,Patient 4058,male,13,AB-,Kolkata,118,156,No,No
P04059,Patient 4059,F,37,A+,Mumbai,,148,Yes,
P04060,Patient 4060,Female,66,A+,Chennai,106,179,Yes,No
P04061,Patient 4061,female,64,A+,Bengaluru,106,181,Yes,No
P04062,Patient 4062,Male,72,B+,Delhi,109,189,Yes,
P04063,Patient 4063,Female,80,AB+,Kolkata,91,156,,Yes
P04064,Patient 4064,male,41,O-,Chennai,77,175,No,
P04065,Patient 4065,Male,74,O+,Mumbai,74,184,,
P04066,Patient 4066,M,1,A+,Bengaluru,88,178,No,No
P04067,Patient 4067,F,20,AB+,Delhi,101,178,No,Yes
P04068,Patient 4068,M,7,AB-,Mumbai,84,161,Yes,No
P04069,Patient 4069,Male,35,A-,Chennai,82,168,No,Yes
P04070,Patient 4070,Female,,AB+,Bengaluru,88,145,,Yes
P04071,Patient 4071,Male,39,B+,Pune,110,175,Yes,
P04072,Patient 4072,Female,3,AB-,Bengaluru,100,157,No,
P04073,Patient 4073,F,79,AB+,Pune,55,180,No,No
P04074,Patient 4074,male,59,A+,Kolkata,98,151,No,
P04075,Patient 4075,Female,24,O+,Mumbai,65,187,Yes,No
P04076,Patient 4076,Male,66,O+,Delhi,35,189,No,
P04077,Patient 4077,female,17,O-,Pune,74,147,Yes,No
P04078,Patient 4078,F,77,O-,Pune,48,160,No,No
P04079,Patient 4079,Female,75,AB-,Kolkata,38,164,No,Yes
P04080,Patient 4080,male,21,AB-,Delhi,70,150,Yes,Yes
P04081,Patient 4081,F,29,O-,Bengaluru,119,,,No
P04082,Patient 4082,Male,46,O-,Bengaluru,58,154,,Yes
P04083,Patient 4083,Male,68,O+,Delhi,84,154,Yes,
P04084,Patient 4084,female,56,A-,Chennai,85,151,Yes,Yes
P04085,Patient 4085,F,63,B+,Hyderabad,72,150,Yes,Yes
P04086,Patient 4086,M,39,B+,Delhi,46,166,No,
P04087,Patient 4087,M,31,AB+,Kolkata,110,151,Yes,No
P04088,Patient 4088,Female,1,O-,Hyderabad,85,154,Yes,Yes
P04089,Patient 4089,Female,16,A+,Pune,64,177,,No
P04090,Patient 4090,Male,1,AB+,Delhi,58,149,,
P04091,Patient 4091,Female,7,B-,Mumbai,48,176,No,
P04092,Patient 4092,M,29,A-,Kolkata,97,178,Yes,Yes
P04093,Patient 4093,Female,8,O-,Chennai,117,141,Yes,No
P04094,Patient 4094,M,19,O+,Bengaluru,58,161,No,Yes
P04095,Patient 4095,F,66,O+,Delhi,82,162,,No
P04096,Patient 4096,Female,75,A+,Pune,114,149,No,
P04097,Patient 4097,Female,28,A-,Chennai,52,187,,
P04098,Patient 4098,F,60,A-,Pune,94,190,No,No
P04099,Patient 4099,male,38,B-,Chennai,91,186,Yes,
P04100,Patient 4100,male,16,B-,Bengaluru,,158,,
P04101,Patient 4101,M,14,AB-,Chennai,45,182,No,
P04102,Patient 4102,male,55,B+,Bengaluru,78,143,No,
P04103,Patient 4103,Male,54,B+,Kolkata,43,148,Yes,
P04104,Patient 4104,F,83,A+,Chennai,76,170,,Yes
P04105,Patient 4105,Female,80,B-,Delhi,42,149,,Yes
P04106,Patient 4106,F,51,AB-,Delhi,96,180,No,
P04107,Patient 4107,Female,-3,O-,Mumbai,115,167,Yes,Yes
P04108,Patient 4108,F,26,O-,Kolkata,97,147,Yes,Yes
P04109,Patient 4109,F,18,O+,Bengaluru,83,180,,No
P04110,Patient 4110,Male,54,A-,Pune,63,171,Yes,
P04111,Patient 4111,Male,40,A+,Bengaluru,59,141,Yes,No
P04112,Patient 4112,F,44,B+,Hyderabad,66,176,Yes,
P04113,Patient 4113,Female,90,O+,Chennai,44,153,No,
P04114,Patient 4114,M,85,AB+,Kolkata,115,172,Yes,Yes
P04115,Patient 4115,male,62,A-,Chennai,103,185,,
P04116,Patient 4116,male,26,A-,Pune,98,166,Yes,
P04117,Patient 4117,Male,18,O+,Bengaluru,40,146,Yes,No
P04118,Patient 4118,M,46,AB+,Pune,55,184,Yes,No
P04119,Patient 4119,Male,57,B+,Chennai,63,163,Yes,No
P04120,Patient 4120,Female,41,AB-,Hyderabad,79,154,No,
P04121,Patient 4121,M,51,AB-,Chennai,75,188,No,
P04122,Patient 4122,F,57,AB+,Mumbai,100,158,Yes,No
P04123,Patient 4123,male,74,A-,Delhi,71,185,No,No
P04124,Patient 4124,Male,81,AB+,Kolkata,52,160,Yes,
P04125,Patient 4125,F,54,O-,Hyderabad,76,164,Yes,Yes
P04126,Patient 4126,Female,87,AB-,Chennai,41,166,,No
P04127,Patient 4127,female,23,O-,Bengaluru,111,154,Yes,
P04128,Patient 4128,Female,57,O+,Bengaluru,109,189,No,Yes
P04129,Patient 4129,Male,10,O+,Chennai,51,176,,No
P04130,Patient 4130,Female,1,O+,Chennai,58,149,No,
P04131,Patient 4131,female,89,A+,Pune,120,186,No,No
P04132,Patient 4132,male,73,A-,Hyderabad,94,148,,No
P04133,Patient 4133,M,90,A+,Mumbai,118,143,Yes,
P04134,Patient 4134,Male,79,O+,Chennai,102,,,
P04135,Patient 4135,M,19,B+,Bengaluru,66,152,Yes,
P04136,Patient 4136,Male,90,AB+,Chennai,69,160,No,
P04137,Patient 4137,Female,57,AB+,Bengaluru,36,165,Yes,
P04138,Patient 4138,Female,18,A+,Delhi,101,167,Yes,Yes
P04139,Patient 4139,female,20,O+,Kolkata,38,143,No,Yes
P04140,Patient 4140,F,50,B-,Mumbai,67,189,Yes,No
P04141,Patient 4141,Male,58,B+,Bengaluru,,164,,
P04142,Patient 4142,female,52,A-,Bengaluru,98,186,Yes,No
P04143,Patient 4143,female,2,O+,Kolkata,77,180,No,No
P04144,Patient 4144,F,,O-,Chennai,52,141,No,
P04145,Patient 4145,Female,7,O+,Kolkata,49,152,No,Yes
P04146,Patient 4146,Male,73,A+,Delhi,62,163,Yes,No
P04147,Patient 4147,M,38,O-,Hyderabad,85,147,,
P04148,Patient 4148,F,89,A+,Mumbai,117,143,,
P04149,Patient 4149,female,66,A+,Pune,108,180,No,
P04150,Patient 4150,Male,9,O+,Mumbai,42,158,Yes,No
P04151,Patient 4151,male,52,A-,Bengaluru,84,172,Yes,No
P04152,Patient 4152,female,25,A-,Pune,101,180,,
P04153,Patient 4153,M,28,O-,Pune,96,159,,Yes
P04154,Patient 4154,female,26,A+,Delhi,40,179,No,
P04155,Patient 4155,M,41,A-,Chennai,83,158,No,
P04156,Patient 4156,F,34,A+,Mumbai,39,145,No,
P04157,Patient 4157,F,14,B-,Chennai,86,178,,Yes
P04158,Patient 4158,male,56,AB+,Chennai,46,146,,No
P04159,Patient 4159,F,15,AB-,Hyderabad,45,176,No,No
P04160,Patient 4160,female,46,B-,Bengaluru,109,187,Yes,Yes
P04161,Patient 4161,Male,53,O-,Hyderabad,43,170,Yes,No
P04162,Patient 4162,Female,69,O+,Pune,61,163,,
P04163,Patient 4163,M,9,O-,Chennai,110,162,,Yes
P04164,Patient 4164,male,70,B-,Mumbai,82,155,,
P04165,Patient 4165,male,76,B+,Chennai,100,150,No,
P04166,Patient 4166,female,19,AB-,Pune,47,169,,Yes
P04167,Patient 4167,male,9,AB+,Chennai,77,174,,No
P04168,Patient 4168,Female,78,A+,Mumbai,61,140,,No
P04169,Patient 4169,Female,27,AB-,Hyderabad,55,169,No,No
P04170,Patient 4170,Female,76,O+,Pune,106,181,Yes,
P04171,Patient 4171,male,48,B+,Hyderabad,42,150,,No
P04172,Patient 4172,Female,39,A+,Hyderabad,240,146,,No
P04173,Patient 4173,F,25,AB-,Mumbai,35,174,,Yes
P04174,Patient 4174,Female,82,B+,Chennai,93,188,No,No
P04175,Patient 4175,F,59,O+,Mumbai,49,147,No,Yes
P04176,Patient 4176,F,89,AB+,Mumbai,96,181,Yes,
P04177,Patient 4177,Male,8,B+,Delhi,36,168,Yes,Yes
P04178,Patient 4178,male,36,O+,Chennai,53,152,Yes,
P04179,Patient 4179,female,7,AB-,Hyderabad,79,187,,
P04180,Patient 4180,F,58,AB+,Delhi,95,146,,
P04181,Patient 4181,Male,,AB+,Pune,115,170,,
P04182,Patient 4182,M,56,AB+,Hyderabad,,189,No,No
P04183,Patient 4183,F,38,AB+,Kolkata,40,178,Yes,Yes
P04184,Patient 4184,Male,37,O-,Mumbai,69,141,Yes,No
P04185,Patient 4185,female,18,O-,Mumbai,83,183,No,
P04186,Patient 4186,Male,26,A-,Hyderabad,58,148,No,Yes
P04187,Patient 4187,Male,80,O-,Bengaluru,36,,No,No
P04188,Patient 4188,Male,86,A-,Pune,66,166,No,
P04189,Patient 4189,male,76,A+,Bengaluru,49,145,,Yes
P04190,Patient 4190,female,6,B+,Chennai,43,165,Yes,Yes
P04191,Patient 4191,M,65,O-,Kolkata,39,148,,
P04192,Patient 4192,M,27,O-,Kolkata,120,156,No,
P04193,Patient 4193,male,27,B-,Pune,63,160,No,Yes
P04194,Patient 4194,male,77,AB+,Chennai,58,146,,Yes
P04195,Patient 4195,female,33,AB+,Bengaluru,84,155,No,No
P04196,Patient 4196,Male,87,B-,Delhi,65,149,No,
P04197,Patient 4197,M,18,O-,Mumbai,119,166,,Yes
P04198,Patient 4198,male,40,O+,Hyderabad,85,174,,Yes
P04199,Patient 4199,male,64,A+,Delhi,120,148,Yes,
P04200,Patient 4200,Male,87,AB+,Bengaluru,119,149,Yes,Yes
P04201,Patient 4201,M,39,A+,Pune,120,187,Yes,
P04202,Patient 4202,male,4,O+,Mumbai,106,189,Yes,No
P04203,Patient 4203,Female,15,A+,Bengaluru,86,181,,
P04204,Patient 4204,M,26,B-,Chennai,65,160,,
P04205,Patient 4205,Male,26,A+,Bengaluru,36,145,Yes,
P04206,Patient 4206,F,7,B-,Delhi,102,178,,No
P04207,Patient 4207,Male,67,O+,Hyderabad,49,186,,Yes
P04208,Patient 4208,Female,23,O-,Bengaluru,102,181,No,Yes
P04209,Patient 4209,Female,43,A+,Kolkata,104,178,,Yes
P04210,Patient 4210,Female,7,AB-,Chennai,68,185,No,Yes
P04211,Patient 4211,Female,32,A+,Kolkata,88,165,Yes,Yes
P04212,Patient 4212,F,18,A-,Pune,116,167,,No
P04213,Patient 4213,M,59,A+,Hyderabad,67,189,No,
P04214,Patient 4214,Male,29,O-,Bengaluru,44,145,,Yes
P04215,Patient 4215,F,87,AB+,Chennai,66,140,Yes,
P04216,Patient 4216,male,58,B+,Delhi,114,172,,
P04217,Patient 4217,female,16,AB+,Kolkata,74,148,Yes,No
P04218,Patient 4218,Male,-3,A-,Chennai,80,181,No,No
P04219,Patient 4219,M,62,AB-,Chennai,47,172,Yes,
P04220,Patient 4220,M,68,B-,Chennai,104,153,,
P04221,Patient 4221,Male,86,A-,Bengaluru,120,162,,No
P04222,Patient 4222,M,82,B+,Kolkata,55,169,Yes,Yes
P04223,Patient 4223,M,55,A+,Kolkata,,167,,
P04224,Patient 4224,M,25,A-,Chennai,92,181,No,Yes
P04225,Patient 4225,F,24,A+,Chennai,105,181,No,
P04226,Patient 4226,F,75,A-,Mumbai,65,160,No,No
P04227,Patient 4227,M,80,B+,Chennai,96,170,No,
P04228,Patient 4228,Male,64,B-,Kolkata,83,158,No,
P04229,Patient 4229,Male,69,A-,Bengaluru,38,160,No,Yes
P04230,Patient 4230,M,57,O-,Chennai,48,189,,
P04231,Patient 4231,Female,25,O-,Hyderabad,108,144,No,No
P04232,Patient 4232,M,12,A-,Bengaluru,103,174,Yes,No
P04233,Patient 4233,Male,68,O-,Hyderabad,89,142,Yes,Yes
P04234,Patient 4234,male,78,B+,Kolkata,58,156,No,
P04235,Patient 4235,M,63,A+,Bengaluru,79,180,Yes,
P04236,Patient 4236,Female,3,A+,Delhi,53,177,Yes,
P04237,Patient 4237,Male,20,A-,Bengaluru,78,180,,No
P04238,Patient 4238,male,81,B+,Kolkata,39,171,Yes,No
P04239,Patient 4239,male,85,B+,Mumbai,117,178,Yes,Yes
P04240,Patient 4240,Female,25,A-,Bengaluru,87,,,Yes
P04241,Patient 4241,Male,50,AB-,Bengaluru,56,142,Yes,Yes
P04242,Patient 4242,Female,18,AB+,Bengaluru,68,190,,No
P04243,Patient 4243,F,18,AB-,Pune,68,184,Yes,No
P04244,Patient 4244,female,82,O-,Chennai,71,141,,Yes
P04245,Patient 4245,M,83,O-,Chennai,70,159,,No
P04246,Patient 4246,M,33,AB-,Hyderabad,41,186,Yes,No
P04247,Patient 4247,male,83,B-,Pune,73,156,No,
P04248,Patient 4248,female,9,AB+,Kolkata,70,164,,
P04249,Patient 4249,Female,54,O+,Kolkata,80,172,Yes,No
P04250,Patient 4250,male,72,AB+,Bengaluru,64,182,Yes,No
P04251,Patient 4251,M,64,O+,Kolkata,62,167,No,Yes
P04252,Patient 4252,M,20,AB-,Pune,38,182,,No
P04253,Patient 4253,male,1,B-,Mumbai,100,178,,No
P04254,Patient 4254,female,79,O+,Pune,106,153,Yes,
P04255,Patient 4255,male,,A+,Pune,111,184,Yes,
P04256,Patient 4256,male,40,A+,Kolkata,75,143,Yes,
P04257,Patient 4257,Female,35,A+,Delhi,86,169,No,Yes
P04258,Patient 4258,F,36,B-,Kolkata,57,188,Yes,
P04259,Patient 4259,female,60,AB-,Mumbai,92,154,,No
P04260,Patient 4260,male,35,A+,Mumbai,116,190,,Yes
P04261,Patient 4261,male,9,O-,Delhi,88,148,No,Yes
P04262,Patient 4262,female,87,A+,Pune,51,184,No,Yes
P04263,Patient 4263,Male,85,O+,Mumbai,58,175,No,Yes
P04264,Patient 4264,F,9,O+,Hyderabad,,169,,
P04265,Patient 4265,M,87,O-,Mumbai,64,154,Yes,
P04266,Patient 4266,Female,13,O-,Kolkata,49,149,Yes,No
P04267,Patient 4267,Female,22,AB-,Hyderabad,86,162,No,Yes
P04268,Patient 4268,M,71,B+,Hyderabad,90,183,,No
P04269,Patient 4269,male,15,AB-,Mumbai,41,173,,Yes
P04270,Patient 4270,male,71,O-,Delhi,79,162,No,
P04271,Patient 4271,female,56,A-,Kolkata,40,178,Yes,No
P04272,Patient 4272,female,13,O+,Pune,45,170,No,No
P04273,Patient 4273,M,88,A+,Hyderabad,63,184,No,Yes
P04274,Patient 4274,Male,61,AB+,Chennai,58,174,Yes,Yes
P04275,Patient 4275,Male,57,B+,Hyderabad,67,164,Yes,
P04276,Patient 4276,M,41,B+,Hyderabad,95,163,No,No
P04277,Patient 4277,M,13,A+,Kolkata,57,188,No,
P04278,Patient 4278,female,16,AB-,Chennai,100,190,Yes,Yes
P04279,Patient 4279,M,76,B-,Delhi,114,143,,No
P04280,Patient 4280,Female,31,O-,Delhi,37,190,No,
P04281,Patient 4281,male,64,A+,Bengaluru,42,159,No,
P04282,Patient 4282,Female,79,B+,Bengaluru,110,174,,
P04283,Patient 4283,female,54,A-,Mumbai,91,154,Yes,No
P04284,Patient 4284,F,30,A+,Pune,102,175,,No
P04285,Patient 4285,female,12,B+,Delhi,119,158,Yes,No
P04286,Patient 4286,male,78,O-,Delhi,66,165,,Yes
P04287,Patient 4287,female,71,B-,Delhi,57,190,Yes,No
P04288,Patient 4288,male,17,AB-,Chennai,95,163,No,Yes
P04289,Patient 4289,Male,78,O-,Pune,113,144,,Yes
P04290,Patient 4290,Female,37,A-,Kolkata,115,156,,Yes
P04291,Patient 4291,M,83,O-,Mumbai,73,155,Yes,Yes
P04292,Patient 4292,female,,AB-,Chennai,118,150,Yes,
P04293,Patient 4293,Male,83,AB+,Mumbai,48,,,
P04294,Patient 4294,Female,15,AB+,Hyderabad,94,178,No,Yes
P04295,Patient 4295,F,58,A-,Hyderabad,62,150,No,Yes
P04296,Patient 4296,female,88,A+,Bengaluru,113,145,,No
P04297,Patient 4297,Female,30,A-,Kolkata,114,149,,Yes
P04298,Patient 4298,male,51,AB-,Mumbai,107,144,,No
P04299,Patient 4299,Male,56,O-,Mumbai,96,147,,
P04300,Patient 4300,Male,88,AB-,Bengaluru,92,171,No,No
P04301,Patient 4301,Male,77,O-,Hyderabad,114,186,Yes,Yes
P04302,Patient 4302,Male,33,A+,Hyderabad,70,160,Yes,Yes
P04303,Patient 4303,female,17,B-,Kolkata,117,164,No,
P04304,Patient 4304,female,79,O+,Bengaluru,39,153,No,Yes
P04305,Patient 4305,F,22,AB+,Chennai,,160,No,Yes
P04306,Patient 4306,Male,31,O+,Delhi,118,189,,
P04307,Patient 4307,female,27,AB-,Bengaluru,69,166,No,No
P04308,Patient 4308,female,81,B+,Mumbai,43,174,No,
P04309,Patient 4309,Male,65,B-,Hyderabad,47,142,,
P04310,Patient 4310,Male,17,A+,Hyderabad,92,151,No,Yes
P04311,Patient 4311,M,32,A+,Delhi,66,157,,No
P04312,Patient 4312,Male,21,B-,Kolkata,54,140,,
P04313,Patient 4313,Female,22,B+,Delhi,81,190,,
P04314,Patient 4314,female,26,AB+,Kolkata,44,188,Yes,
P04315,Patient 4315,M,82,A+,Mumbai,87,154,,
P04316,Patient 4316,Male,87,AB-,Mumbai,120,183,,No
P04317,Patient 4317,female,77,O+,Bengaluru,36,169,No,No
P04318,Patient 4318,Male,62,A+,Pune,58,142,Yes,Yes
P04319,Patient 4319,Male,33,AB-,Delhi,47,189,No,Yes
P04320,Patient 4320,F,56,O-,Hyderabad,65,157,Yes,
P04321,Patient 4321,male,86,A-,Mumbai,240,178,Yes,No
P04322,Patient 4322,Male,1,A-,Hyderabad,102,163,,Yes
P04323,Patient 4323,male,80,O-,Pune,68,181,No,No
P04324,Patient 4324,F,78,AB+,Pune,95,149,No,No
P04325,Patient 4325,M,15,AB+,Chennai,111,151,Yes,Yes
P04326,Patient 4326,female,57,A-,Bengaluru,92,186,,
P04327,Patient 4327,Female,65,AB+,Mumbai,88,188,,No
P04328,Patient 4328,female,52,AB+,Hyderabad,48,148,No,No
P04329,Patient 4329,male,-3,O-,Chennai,63,141,Yes,No
P04330,Patient 4330,F,13,AB-,Bengaluru,60,174,No,Yes
P04331,Patient 4331,female,22,O+,Bengaluru,52,153,No,Yes
P04332,Patient 4332,M,39,AB+,Mumbai,73,190,No,No
P04333,Patient 4333,male,27,A-,Delhi,62,140,No,No
P04334,Patient 4334,female,13,A-,Pune,73,151,Yes,No
P04335,Patient 4335,F,66,AB+,Kolkata,64,147,,No
P04336,Patient 4336,M,27,A+,Hyderabad,88,156,No,No
P04337,Patient 4337,F,41,AB+,Kolkata,83,174,,No
P04338,Patient 4338,F,3,B-,Delhi,62,164,Yes,No
P04339,Patient 4339,female,70,B-,Chennai,63,171,,Yes
P04340,Patient 4340,male,89,B+,Bengaluru,45,188,Yes,
P04341,Patient 4341,female,77,B+,Chennai,49,182,Yes,No
P04342,Patient 4342,male,43,A-,Delhi,111,154,No,Yes
P04343,Patient 4343,Male,49,A-,Kolkata,53,177,No,Yes
P04344,Patient 4344,male,17,AB-,Delhi,100,150,,Yes
P04345,Patient 4345,Male,3,AB-,Bengaluru,46,174,,No
P04346,Patient 4346,male,84,AB-,Kolkata,,,,
P04347,Patient 4347,F,67,AB-,Pune,118,156,,
P04348,Patient 4348,Male,58,O-,Mumbai,114,178,Yes,Yes
P04349,Patient 4349,male,63,AB+,Hyderabad,50,147,No,No
P04350,Patient 4350,Male,46,A-,Delhi,101,187,No,Yes
P04351,Patient 4351,female,64,O-,Chennai,62,180,Yes,Yes
P04352,Patient 4352,Female,53,AB-,Pune,60,146,No,No
P04353,Patient 4353,M,23,O+,Kolkata,88,146,No,Yes
P04354,Patient 4354,Male,63,A-,Kolkata,106,172,Yes,
P04355,Patient 4355,F,89,A+,Chennai,110,181,,Yes
P04356,Patient 4356,Female,90,A+,Chennai,41,147,Yes,No
P04357,Patient 4357,female,64,B+,Delhi,79,152,No,Yes
P04358,Patient 4358,Male,89,B-,Delhi,59,166,No,
P04359,Patient 4359,F,68,A+,Hyderabad,77,157,Yes,No
P04360,Patient 4360,Female,89,AB-,Bengaluru,112,143,Yes,
P04361,Patient 4361,F,46,O-,Kolkata,72,163,Yes,No
P04362,Patient 4362,female,89,A-,Mumbai,88,155,No,No
P04363,Patient 4363,Female,28,B+,Pune,112,180,No,Yes
P04364,Patient 4364,F,57,B+,Pune,69,144,,Yes
P04365,Patient 4365,M,81,B+,Delhi,67,171,,Yes
P04366,Patient 4366,Male,,AB+,Mumbai,86,142,,
P04367,Patient 4367,Male,34,B-,Bengaluru,80,156,,No
P04368,Patient 4368,male,41,AB+,Mumbai,64,146,Yes,
P04369,Patient 4369,M,32,AB+,Kolkata,36,189,,
P04370,Patient 4370,female,44,AB+,Bengaluru,114,142,,No
P04371,Patient 4371,M,47,B+,Bengaluru,109,174,No,
P04372,Patient 4372,F,5,B+,Bengaluru,106,187,Yes,No
P04373,Patient 4373,Female,62,O-,Bengaluru,116,189,Yes,No
P04374,Patient 4374,Male,52,B-,Mumbai,100,144,,No
P04375,Patient 4375,Male,25,AB-,Bengaluru,89,168,Yes,Yes
P04376,Patient 4376,female,62,O+,Delhi,119,154,,Yes
P04377,Patient 4377,Female,40,B+,Bengaluru,51,181,No,Yes
P04378,Patient 4378,female,89,B-,Hyderabad,113,173,Yes,No
P04379,Patient 4379,female,87,B-,Chennai,66,151,No,No
P04380,Patient 4380,Male,2,O+,Pune,47,174,No,Yes
P04381,Patient 4381,Female,38,A+,Mumbai,105,157,,No
P04382,Patient 4382,female,32,O+,Chennai,82,140,No,No
P04383,Patient 4383,female,90,AB+,Bengaluru,46,147,Yes,No
P04384,Patient 4384,F,54,O+,Delhi,70,140,No,No
P04385,Patient 4385,F,45,A-,Mumbai,59,179,No,Yes
P04386,Patient 4386,Female,41,O+,Hyderabad,74,180,No,Yes
P04387,Patient 4387,Male,88,B+,Chennai,,179,Yes,
P04388,Patient 4388,Female,10,O-,Chennai,38,181,No,
P04389,Patient 4389,F,35,B+,Delhi,58,187,,Yes
P04390,Patient 4390,female,31,AB+,Chennai,96,164,,
P04391,Patient 4391,Female,55,O-,Mumbai,111,151,Yes,
P04392,Patient 4392,male,50,A-,Hyderabad,46,176,Yes,
P04393,Patient 4393,female,70,A+,Hyderabad,59,178,,Yes
P04394,Patient 4394,female,40,B+,Pune,51,157,Yes,No
P04395,Patient 4395,female,55,B-,Pune,57,172,No,Yes
P04396,Patient 4396,F,26,B-,Mumbai,73,183,No,Yes
P04397,Patient 4397,female,61,AB+,Chennai,82,146,,No
P04398,Patient 4398,male,5,O+,Mumbai,99,167,No,Yes
P04399,Patient 4399,F,72,B+,Kolkata,57,,No,No
P04400,Patient 4400,Female,3,O-,Hyderabad,92,157,Yes,
P04401,Patient 4401,F,45,O-,Kolkata,55,188,No,No
P04402,Patient 4402,F,81,AB+,Hyderabad,36,155,,No
P04403,Patient 4403,male,,A-,Hyderabad,76,153,No,No
P04404,Patient 4404,M,43,A-,Hyderabad,40,156,,
P04405,Patient 4405,F,26,O-,Pune,35,142,Yes,
P04406,Patient 4406,male,66,O+,Bengaluru,93,153,,
P04407,Patient 4407,M,83,AB+,Chennai,86,182,No,
P04408,Patient 4408,male,69,AB-,Delhi,113,177,No,
P04409,Patient 4409,female,14,A+,Hyderabad,93,184,No,
P04410,Patient 4410,F,7,AB-,Delhi,45,156,Yes,Yes
P04411,Patient 4411,female,28,AB-,Delhi,102,156,No,No
P04412,Patient 4412,M,62,O-,Delhi,80,166,,No
P04413,Patient 4413,F,10,AB+,Delhi,104,186,,Yes
P04414,Patient 4414,male,50,O+,Kolkata,97,182,,
P04415,Patient 4415,female,24,B-,Pune,61,158,,
P04416,Patient 4416,male,56,A+,Pune,108,173,No,Yes
P04417,Patient 4417,M,83,AB+,Hyderabad,77,190,,
P04418,Patient 4418,male,30,A+,Mumbai,97,161,,
P04419,Patient 4419,F,34,AB+,Delhi,57,190,No,
P04420,Patient 4420,male,69,AB-,Delhi,110,150,No,Yes
P04421,Patient 4421,female,17,B-,Kolkata,77,143,No,
P04422,Patient 4422,Female,63,AB+,Hyderabad,89,187,No,
P04423,Patient 4423,Female,10,O+,Kolkata,115,166,Yes,
P04424,Patient 4424,female,53,AB+,Mumbai,106,143,No,
P04425,Patient 4425,female,45,A-,Delhi,63,141,Yes,Yes
P04426,Patient 4426,M,57,O-,Delhi,105,176,,
P04427,Patient 4427,male,27,O-,Mumbai,35,188,,No
P04428,Patient 4428,M,59,AB-,Delhi,,173,Yes,No
P04429,Patient 4429,Male,42,B-,Bengaluru,88,149,No,Yes
P04430,Patient 4430,male,33,B-,Bengaluru,73,183,,No
P04431,Patient 4431,F,52,AB+,Bengaluru,100,189,,
P04432,Patient 4432,F,32,A-,Bengaluru,64,146,Yes,Yes
P04433,Patient 4433,female,29,AB+,Delhi,82,168,No,
P04434,Patient 4434,Male,7,AB-,Pune,92,154,No,No
P04435,Patient 4435,Female,60,AB+,Mumbai,94,167,No,Yes
P04436,Patient 4436,male,51,A+,Kolkata,91,174,,
P04437,Patient 4437,male,78,AB-,Hyderabad,97,171,No,
P04438,Patient 4438,Female,35,O+,Hyderabad,71,181,,
P04439,Patient 4439,male,43,B-,Chennai,52,177,,No
P04440,Patient 4440,Female,-3,AB-,Chennai,38,188,No,No
P04441,Patient 4441,Male,72,O+,Hyderabad,95,158,Yes,Yes
P04442,Patient 4442,male,62,A-,Pune,88,169,,No
P04443,Patient 4443,Male,45,A-,Pune,60,159,No,Yes
P04444,Patient 4444,F,84,A+,Hyderabad,61,143,Yes,
P04445,Patient 4445,female,6,A+,Hyderabad,108,157,No,No
P04446,Patient 4446,F,51,B+,Mumbai,80,186,,No
P04447,Patient 4447,F,34,O-,Bengaluru,78,155,,No
P04448,Patient 4448,Female,47,B-,Hyderabad,66,161,,Yes
P04449,Patient 4449,female,53,A+,Hyderabad,90,142,Yes,No
P04450,Patient 4450,female,60,A-,Delhi,38,176,Yes,
P04451,Patient 4451,female,32,O-,Hyderabad,74,177,No,Yes
P04452,Patient 4452,F,11,AB+,Hyderabad,111,,No,Yes
P04453,Patient 4453,female,12,O-,Kolkata,105,146,Yes,
P04454,Patient 4454,M,58,A-,Pune,70,165,,No
P04455,Patient 4455,Male,61,AB+,Kolkata,92,167,No,
P04456,Patient 4456,M,1,AB+,Chennai,70,186,,
P04457,Patient 4457,female,50,A+,Bengaluru,105,149,No,
P04458,Patient 4458,male,18,O-,Delhi,82,165,,
P04459,Patient 4459,female,80,B+,Bengaluru,43,157,Yes,
P04460,Patient 4460,Female,30,B+,Chennai,35,186,No,No
P04461,Patient 4461,M,3,B-,Kolkata,75,157,,No
P04462,Patient 4462,male,23,A+,Pune,54,144,Yes,Yes
P04463,Patient 4463,M,12,A+,Pune,103,164,No,No
P04464,Patient 4464,F,58,A-,Pune,66,153,No,
P04465,Patient 4465,male,65,AB-,Pune,78,150,No,Yes
P04466,Patient 4466,F,1,O+,Pune,59,160,Yes,Yes
P04467,Patient 4467,Female,87,AB-,Bengaluru,56,186,Yes,No
P04468,Patient 4468,female,11,AB+,Chennai,103,187,No,No
P04469,Patient 4469,Female,62,A-,Mumbai,,146,No,Yes
P04470,Patient 4470,Female,65,O-,Kolkata,240,140,No,Yes
P04471,Patient 4471,male,35,A-,Pune,88,189,Yes,
P04472,Patient 4472,female,68,B+,Bengaluru,103,163,Yes,No
P04473,Patient 4473,male,71,A+,Hyderabad,112,160,,
P04474,Patient 4474,F,39,AB+,Pune,44,150,No,
P04475,Patient 4475,male,15,B+,Mumbai,83,169,,Yes
P04476,Patient 4476,male,13,A-,Kolkata,110,154,,Yes
P04477,Patient 4477,Male,,O+,Hyderabad,60,174,No,Yes
P04478,Patient 4478,F,34,B+,Pune,51,185,Yes,Yes
P04479,Patient 4479,F,89,AB-,Bengaluru,112,163,Yes,Yes
P04480,Patient 4480,Male,76,O-,Mumbai,48,151,No,Yes
P04481,Patient 4481,male,38,AB+,Delhi,46,145,Yes,Yes
P04482,Patient 4482,male,11,O-,Mumbai,77,181,Yes,Yes
P04483,Patient 4483,Female,42,A+,Hyderabad,63,142,No,No
P04484,Patient 4484,F,2,A-,Bengaluru,92,168,,Yes
P04485,Patient 4485,M,7,O-,Kolkata,113,187,,No
P04486,Patient 4486,M,85,AB+,Bengaluru,75,160,,No
P04487,Patient 4487,male,31,A-,Hyderabad,74,160,,
P04488,Patient 4488,Male,24,B+,Chennai,111,177,,
P04489,Patient 4489,Male,35,AB+,Pune,78,149,,Yes
P04490,Patient 4490,M,80,A-,Bengaluru,48,141,,No
P04491,Patient 4491,F,83,A-,Delhi,83,184,Yes,
P04492,Patient 4492,Female,68,O+,Mumbai,116,148,,Yes
P04493,Patient 4493,M,52,B+,Mumbai,103,149,,Yes
P04494,Patient 4494,female,82,AB+,Mumbai,98,162,,No
P04495,Patient 4495,M,80,B+,Delhi,107,189,,Yes
P04496,Patient 4496,F,81,A-,Bengaluru,69,171,Yes,Yes
P04497,Patient 4497,Female,45,O-,Chennai,107,154,Yes,Yes
P04498,Patient 4498,Male,71,B-,Mumbai,115,169,Yes,Yes
P04499,Patient 4499,M,6,O+,Kolkata,117,182,No,
P04500,Patient 4500,Female,64,AB-,Delhi,51,156,Yes,
P04501,Patient 4501,male,45,B+,Bengaluru,46,158,Yes,No
P04502,Patient 4502,Male,87,B+,Bengaluru,100,181,,No
P04503,Patient 4503,male,3,A+,Mumbai,83,142,Yes,No
P04504,Patient 4504,male,2,O+,Chennai,88,190,No,No
P04505,Patient 4505,Male,52,A+,Pune,112,,Yes,
P04506,Patient 4506,male,65,AB+,Chennai,109,172,,No
P04507,Patient 4507,M,27,O-,Bengaluru,39,146,No,No
P04508,Patient 4508,F,18,AB-,Kolkata,63,172,,
P04509,Patient 4509,M,57,B-,Delhi,83,162,Yes,No
P04510,Patient 4510,female,85,B+,Mumbai,,166,,Yes
P04511,Patient 4511,Female,12,AB+,Delhi,47,186,No,No
P04512,Patient 4512,M,76,A-,Hyderabad,70,182,,
P04513,Patient 4513,Male,2,B-,Pune,62,172,Yes,
P04514,Patient 4514,male,,B-,Kolkata,101,177,Yes,
P04515,Patient 4515,Male,73,A-,Pune,72,159,No,
P04516,Patient 4516,male,7,AB-,Mumbai,81,154,,Yes
P04517,Patient 4517,female,76,AB+,Chennai,80,145,Yes,
P04518,Patient 4518,female,8,B-,Mumbai,107,161,,
P04519,Patient 4519,F,51,O+,Hyderabad,98,140,,
P04520,Patient 4520,female,52,AB+,Hyderabad,115,173,No,No
P04521,Patient 4521,F,89,B+,Pune,119,149,,
P04522,Patient 4522,Female,69,B+,Bengaluru,119,151,,Yes
P04523,Patient 4523,Female,15,B-,Pune,102,153,Yes,Yes
P04524,Patient 4524,male,56,AB+,Kolkata,100,172,,No
P04525,Patient 4525,M,88,AB-,Kolkata,89,171,Yes,
P04526,Patient 4526,F,52,B-,Chennai,70,160,No,
P04527,Patient 4527,F,36,AB-,Pune,108,160,Yes,Yes
P04528,Patient 4528,Female,30,A-,Chennai,80,180,No,No
P04529,Patient 4529,female,88,B+,Kolkata,77,178,,
P04530,Patient 4530,female,63,AB-,Pune,70,174,Yes,
P04531,Patient 4531,F,9,AB+,Bengaluru,116,158,Yes,No
P04532,Patient 4532,Male,57,A-,Hyderabad,76,188,,
P04533,Patient 4533,male,64,B-,Pune,89,156,,No
P04534,Patient 4534,male,46,AB+,Pune,75,144,Yes,
P04535,Patient 4535,F,52,AB+,Mumbai,91,173,,Yes
P04536,Patient 4536,male,7,B+,Delhi,107,153,Yes,No
P04537,Patient 4537,female,25,O-,Kolkata,39,145,No,
P04538,Patient 4538,male,82,B+,Mumbai,54,151,,No
P04539,Patient 4539,female,70,B+,Chennai,62,159,No,No
P04540,Patient 4540,female,71,O+,Chennai,41,176,,
P04541,Patient 4541,F,7,A+,Pune,45,180,Yes,Yes
P04542,Patient 4542,Male,26,A-,Hyderabad,73,175,No,Yes
P04543,Patient 4543,F,57,AB+,Chennai,65,163,,No
P04544,Patient 4544,male,14,O+,Chennai,79,160,Yes,No
P04545,Patient 4545,M,32,A+,Kolkata,109,149,No,No
P04546,Patient 4546,female,35,B+,Chennai,86,180,Yes,Yes
P04547,Patient 4547,Female,81,AB+,Bengaluru,77,187,No,
P04548,Patient 4548,F,74,B+,Bengaluru,43,146,,No
P04549,Patient 4549,female,53,B+,Hyderabad,91,187,,No
P04550,Patient 4550,male,6,O-,Bengaluru,56,145,,
P04551,Patient 4551,Male,-3,AB-,Chennai,,155,No,No
P04552,Patient 4552,Female,71,AB+,Mumbai,52,145,No,No
P04553,Patient 4553,M,28,AB-,Bengaluru,112,163,,No
P04554,Patient 4554,M,37,A+,Hyderabad,85,140,No,No
P04555,Patient 4555,F,11,A-,Kolkata,120,190,,Yes
P04556,Patient 4556,male,59,A-,Mumbai,96,163,,
P04557,Patient 4557,Male,89,O+,Kolkata,70,159,Yes,No
P04558,Patient 4558,male,27,B+,Kolkata,47,,,Yes
P04559,Patient 4559,female,67,AB-,Pune,117,161,No,No
P04560,Patient 4560,male,56,A+,Chennai,79,164,Yes,No
P04561,Patient 4561,F,42,O+,Bengaluru,73,186,,Yes
P04562,Patient 4562,M,82,AB-,Bengaluru,74,154,No,Yes
P04563,Patient 4563,Female,44,B+,Bengaluru,87,176,Yes,
P04564,Patient 4564,M,35,AB+,Bengaluru,113,143,Yes,No
P04565,Patient 4565,male,15,AB-,Chennai,79,153,Yes,Yes
P04566,Patient 4566,Male,85,O-,Bengaluru,41,147,No,No
P04567,Patient 4567,male,59,O+,Mumbai,64,189,,Yes
P04568,Patient 4568,F,85,AB-,Mumbai,68,184,Yes,No
P04569,Patient 4569,male,47,AB+,Pune,94,172,Yes,Yes
P04570,Patient 4570,female,44,AB-,Pune,69,181,Yes,No
P04571,Patient 4571,male,69,AB-,Mumbai,77,181,,
P04572,Patient 4572,Female,41,O-,Pune,54,155,No,
P04573,Patient 4573,male,3,AB-,Bengaluru,109,190,,No
P04574,Patient 4574,Male,63,AB+,Chennai,81,172,Yes,Yes
P04575,Patient 4575,female,68,A-,Hyderabad,68,180,Yes,No
P04576,Patient 4576,female,22,O+,Chennai,65,153,Yes,No
P04577,Patient 4577,male,3,AB+,Hyderabad,94,146,,No
P04578,Patient 4578,female,82,AB-,Bengaluru,47,156,,No
P04579,Patient 4579,Male,89,O-,Bengaluru,66,158,No,
P04580,Patient 4580,female,44,B-,Chennai,40,173,No,No
P04581,Patient 4581,M,52,A+,Mumbai,39,147,,No
P04582,Patient 4582,M,13,O-,Kolkata,37,144,,Yes
P04583,Patient 4583,Male,85,AB-,Bengaluru,40,188,Yes,No
P04584,Patient 4584,female,59,O+,Kolkata,108,190,Yes,No
P04585,Patient 4585,F,70,B+,Kolkata,90,184,No,No
P04586,Patient 4586,female,88,B+,Delhi,47,165,,No
P04587,Patient 4587,F,75,AB+,Chennai,65,182,No,
P04588,Patient 4588,M,,AB-,Mumbai,80,152,No,
P04589,Patient 4589,M,46,A+,Chennai,102,178,Yes,No
P04590,Patient 4590,F,17,B-,Pune,52,174,Yes,Yes
P04591,Patient 4591,Female,30,A+,Delhi,79,146,No,Yes
P04592,Patient 4592,male,7,B+,Chennai,,169,,No
P04593,Patient 4593,M,79,B-,Pune,64,167,No,
P04594,Patient 4594,Male,73,O+,Kolkata,87,168,Yes,Yes
P04595,Patient 4595,Male,86,AB-,Bengaluru,36,182,,Yes
P04596,Patient 4596,male,47,B+,Chennai,115,167,Yes,
P04597,Patient 4597,female,23,AB+,Mumbai,78,151,,No
P04598,Patient 4598,Male,76,B+,Kolkata,68,185,,No
P04599,Patient 4599,Male,55,B+,Bengaluru,109,146,Yes,Yes
P04600,Patient 4600,female,22,B+,Pune,44,156,Yes,No
P04601,Patient 4601,M,11,B+,Hyderabad,48,177,No,
P04602,Patient 4602,male,40,AB-,Pune,85,188,,
P04603,Patient 4603,female,35,B-,Mumbai,83,163,No,
P04604,Patient 4604,Male,41,A-,Kolkata,70,158,Yes,
P04605,Patient 4605,female,69,O-,Delhi,120,188,Yes,No
P04606,Patient 4606,Male,58,O-,Mumbai,59,172,Yes,Yes
P04607,Patient 4607,F,71,A-,Bengaluru,117,181,,Yes
P04608,Patient 4608,male,57,A-,Kolkata,89,172,No,No
P04609,Patient 4609,female,11,B+,Mumbai,68,164,Yes,Yes
P04610,Patient 4610,Female,34,B-,Mumbai,119,173,No,No
P04611,Patient 4611,Female,8,AB-,Mumbai,47,,,Yes
P04612,Patient 4612,Male,50,AB-,Hyderabad,36,152,No,No
P04613,Patient 4613,female,60,A+,Chennai,96,142,,
P04614,Patient 4614,F,62,B-,Hyderabad,90,146,No,No
P04615,Patient 4615,Male,19,AB-,Chennai,112,163,,No
P04616,Patient 4616,M,89,B+,Delhi,43,180,No,Yes
P04617,Patient 4617,F,6,AB+,Kolkata,71,174,Yes,
P04618,Patient 4618,M,39,B-,Delhi,48,172,Yes,
P04619,Patient 4619,female,21,O-,Hyderabad,240,159,No,No
P04620,Patient 4620,male,79,A-,Kolkata,89,169,,Yes
P04621,Patient 4621,female,52,B-,Kolkata,39,160,,Yes
P04622,Patient 4622,F,50,A+,Kolkata,67,190,,
P04623,Patient 4623,Female,63,O+,Mumbai,117,140,No,
P04624,Patient 4624,female,15,A+,Delhi,111,168,,Yes
P04625,Patient 4625,Male,,B-,Chennai,106,176,,Yes
P04626,Patient 4626,Male,75,AB-,Pune,85,169,Yes,Yes
P04627,Patient 4627,F,43,B-,Bengaluru,66,144,No,
P04628,Patient 4628,M,18,A+,Mumbai,78,150,Yes,Yes
P04629,Patient 4629,Male,55,AB-,Pune,108,187,No,
P04630,Patient 4630,Female,2,B-,Hyderabad,53,178,No,
P04631,Patient 4631,Female,30,A-,Delhi,99,159,No,No
P04632,Patient 4632,Male,58,AB-,Pune,65,160,No,No
P04633,Patient 4633,female,49,O-,Delhi,,153,Yes,Yes
P04634,Patient 4634,Male,11,B+,Kolkata,73,143,Yes,Yes
P04635,Patient 4635,male,12,AB-,Kolkata,108,161,,Yes
P04636,Patient 4636,F,29,AB-,Delhi,78,188,No,No
P04637,Patient 4637,Male,11,B-,Delhi,97,184,No,No
P04638,Patient 4638,F,65,O+,Delhi,92,143,Yes,No
P04639,Patient 4639,male,90,A-,Chennai,83,140,No,
P04640,Patient 4640,F,30,O-,Mumbai,116,180,Yes,No
P04641,Patient 4641,Male,50,AB-,Hyderabad,106,156,No,No
P04642,Patient 4642,Male,60,A+,Chennai,120,167,No,Yes
P04643,Patient 4643,female,40,AB-,Bengaluru,76,181,,
P04644,Patient 4644,M,30,B-,Delhi,45,180,Yes,Yes
P04645,Patient 4645,M,23,AB-,Pune,68,177,No,No
P04646,Patient 4646,Male,44,O+,Kolkata,49,189,No,
P04647,Patient 4647,female,6,AB-,Bengaluru,110,159,Yes,Yes
P04648,Patient 4648,M,70,A+,Hyderabad,46,162,No,No
P04649,Patient 4649,M,21,O-,Hyderabad,96,143,,
P04650,Patient 4650,Male,39,A-,Delhi,96,166,Yes,No
P04651,Patient 4651,male,74,AB-,Pune,95,165,No,
P04652,Patient 4652,M,45,B+,Kolkata,88,161,,No
P04653,Patient 4653,female,20,B-,Pune,56,164,,No
P04654,Patient 4654,Female,35,A+,Kolkata,38,188,,No
P04655,Patient 4655,male,88,AB+,Delhi,83,173,No,No
P04656,Patient 4656,female,76,AB+,Delhi,111,151,Yes,
P04657,Patient 4657,F,17,AB-,Delhi,87,190,,No
P04658,Patient 4658,F,57,O-,Chennai,93,168,Yes,
P04659,Patient 4659,M,27,B+,Chennai,107,176,Yes,No
P04660,Patient 4660,female,60,AB-,Delhi,110,151,,Yes
P04661,Patient 4661,Female,8,O-,Delhi,91,188,Yes,
P04662,Patient 4662,Female,-3,A+,Chennai,88,151,,
P04663,Patient 4663,Female,22,B-,Mumbai,71,152,,Yes
P04664,Patient 4664,F,7,B-,Pune,53,,No,No
P04665,Patient 4665,Male,3,AB+,Kolkata,86,185,No,
P04666,Patient 4666,F,30,O-,Bengaluru,35,165,Yes,Yes
P04667,Patient 4667,M,44,O-,Hyderabad,91,174,Yes,
P04668,Patient 4668,F,40,O-,Mumbai,46,148,No,
P04669,Patient 4669,M,7,O+,Pune,39,190,,
P04670,Patient 4670,M,44,O-,Mumbai,71,174,Yes,Yes
P04671,Patient 4671,F,75,A+,Pune,115,188,Yes,No
P04672,Patient 4672,F,45,A+,Pune,74,149,Yes,No
P04673,Patient 4673,male,53,O-,Hyderabad,73,148,Yes,No
P04674,Patient 4674,F,72,AB-,Kolkata,,175,No,Yes
P04675,Patient 4675,Female,87,B+,Mumbai,58,142,Yes,Yes
P04676,Patient 4676,Male,10,O-,Kolkata,96,142,No,No
P04677,Patient 4677,F,27,B+,Kolkata,110,189,No,
P04678,Patient 4678,F,68,AB-,Mumbai,96,150,,Yes
P04679,Patient 4679,F,33,O-,Hyderabad,55,159,No,Yes
P04680,Patient 4680,female,74,AB+,Pune,49,170,No,Yes
P04681,Patient 4681,Female,55,B+,Kolkata,36,155,,
P04682,Patient 4682,Male,1,O-,Delhi,95,140,,Yes
P04683,Patient 4683,male,23,O-,Bengaluru,102,171,Yes,Yes
P04684,Patient 4684,Female,3,A+,Delhi,53,183,,No
P04685,Patient 4685,male,47,A-,Chennai,73,163,No,
P04686,Patient 4686,female,64,A-,Delhi,114,148,No,No
P04687,Patient 4687,male,54,A+,Hyderabad,51,169,Yes,No
P04688,Patient 4688,female,22,AB-,Pune,86,183,No,Yes
P04689,Patient 4689,M,7,A+,Chennai,64,186,,No
P04690,Patient 4690,Female,38,A+,Kolkata,104,152,No,
P04691,Patient 4691,female,64,B-,Chennai,53,155,,
P04692,Patient 4692,Male,83,A-,Hyderabad,36,167,No,No
P04693,Patient 4693,Female,58,B+,Chennai,111,149,No,Yes
P04694,Patient 4694,male,35,A-,Kolkata,119,174,,No
P04695,Patient 4695,Male,1,A-,Kolkata,47,163,No,No
P04696,Patient 4696,Female,78,A+,Kolkata,96,182,Yes,No
P04697,Patient 4697,Male,10,A-,Hyderabad,108,148,,Yes
P04698,Patient 4698,Female,71,B-,Bengaluru,80,148,Yes,
P04699,Patient 4699,F,,B-,Hyderabad,35,157,No,
P04700,Patient 4700,F,44,A-,Pune,99,150,,
P04701,Patient 4701,Male,48,AB+,Hyderabad,76,147,Yes,
P04702,Patient 4702,male,83,B+,Delhi,91,145,No,No
P04703,Patient 4703,Male,59,O+,Mumbai,73,184,No,
P04704,Patient 4704,M,60,B+,Chennai,65,177,Yes,No
P04705,Patient 4705,F,77,B-,Bengaluru,45,173,Yes,Yes
P04706,Patient 4706,M,39,AB-,Mumbai,118,176,,No
P04707,Patient 4707,male,60,O+,Mumbai,96,150,,No
P04708,Patient 4708,male,26,AB-,Kolkata,115,161,No,Yes
P04709,Patient 4709,M,78,A-,Pune,83,163,No,
P04710,Patient 4710,female,40,A+,Hyderabad,63,173,Yes,
P04711,Patient 4711,Female,74,O+,Kolkata,41,188,,Yes
P04712,Patient 4712,male,83,AB-,Kolkata,72,148,No,Yes
P04713,Patient 4713,Male,81,O+,Delhi,38,186,,Yes
P04714,Patient 4714,Female,54,AB-,Chennai,80,170,Yes,No
P04715,Patient 4715,female,22,B+,Mumbai,,164,No,No
P04716,Patient 4716,Female,77,AB+,Hyderabad,54,142,,Yes
P04717,Patient 4717,Male,7,O+,Hyderabad,111,,,Yes
P04718,Patient 4718,M,13,B-,Delhi,77,149,,Yes
P04719,Patient 4719,M,59,O+,Delhi,58,151,No,No
P04720,Patient 4720,Male,43,A+,Bengaluru,88,176,Yes,
P04721,Patient 4721,Female,35,B-,Pune,51,179,,
P04722,Patient 4722,Female,35,B+,Kolkata,92,159,,
P04723,Patient 4723,male,32,AB+,Bengaluru,117,188,No,
P04724,Patient 4724,male,62,B-,Hyderabad,96,145,,Yes
P04725,Patient 4725,Female,22,O+,Chennai,56,167,,Yes
P04726,Patient 4726,Male,52,B-,Mumbai,76,140,,
P04727,Patient 4727,female,3,A+,Chennai,108,142,No,No
P04728,Patient 4728,male,53,O+,Mumbai,43,181,No,
P04729,Patient 4729,female,63,O-,Pune,66,187,No,
P04730,Patient 4730,female,7,B-,Delhi,71,151,No,
P04731,Patient 4731,female,64,A+,Bengaluru,111,149,No,No
P04732,Patient 4732,Female,47,B-,Pune,69,176,Yes,
P04733,Patient 4733,Male,74,O+,Pune,86,177,Yes,
P04734,Patient 4734,female,86,O-,Mumbai,110,151,,No
P04735,Patient 4735,M,72,B-,Mumbai,63,161,,Yes
P04736,Patient 4736,M,,B-,Pune,66,141,No,Yes
P04737,Patient 4737,Female,81,B-,Chennai,61,143,No,Yes
P04738,Patient 4738,M,23,O+,Delhi,54,158,,
P04739,Patient 4739,female,69,AB-,Mumbai,82,152,Yes,Yes
P04740,Patient 4740,male,30,A-,Chennai,79,142,Yes,Yes
P04741,Patient 4741,Male,32,A+,Chennai,51,160,,Yes
P04742,Patient 4742,F,47,AB-,Delhi,80,160,,No
P04743,Patient 4743,Female,82,B+,Bengaluru,41,157,,
P04744,Patient 4744,male,39,A-,Delhi,78,165,,
P04745,Patient 4745,Male,21,B+,Pune,82,163,Yes,
P04746,Patient 4746,F,5,A-,Kolkata,97,189,Yes,Yes
P04747,Patient 4747,female,45,B-,Bengaluru,37,162,,No
P04748,Patient 4748,Male,79,AB-,Delhi,67,188,No,
P04749,Patient 4749,M,64,A-,Chennai,75,162,No,Yes
P04750,Patient 4750,female,23,B+,Pune,100,180,No,Yes
P04751,Patient 4751,female,3,AB+,Mumbai,90,147,Yes,
P04752,Patient 4752,male,86,AB+,Mumbai,103,182,No,Yes
P04753,Patient 4753,M,2,A-,Pune,35,169,Yes,No
P04754,Patient 4754,F,20,AB+,Kolkata,42,160,No,
P04755,Patient 4755,M,84,AB-,Delhi,88,178,No,Yes
P04756,Patient 4756,M,88,A+,Kolkata,,184,Yes,
P04757,Patient 4757,Male,76,A-,Pune,39,146,No,
P04758,Patient 4758,Female,13,B+,Chennai,41,186,,
P04759,Patient 4759,F,65,B-,Delhi,106,146,No,No
P04760,Patient 4760,Female,85,A-,Chennai,49,164,,No
P04761,Patient 4761,F,69,O-,Chennai,80,145,,Yes
P04762,Patient 4762,female,45,AB+,Pune,115,142,No,
P04763,Patient 4763,M,69,B+,Kolkata,55,164,Yes,Yes
P04764,Patient 4764,M,62,B+,Hyderabad,54,185,Yes,
P04765,Patient 4765,female,82,O+,Chennai,105,147,Yes,
P04766,Patient 4766,male,25,AB+,Pune,93,153,Yes,No
P04767,Patient 4767,female,67,A+,Kolkata,63,186,Yes,Yes
P04768,Patient 4768,F,52,O-,Delhi,240,168,,No
P04769,Patient 4769,F,45,B-,Chennai,71,178,No,Yes
P04770,Patient 4770,male,34,A+,Chennai,84,,No,
P04771,Patient 4771,male,66,A-,Hyderabad,88,168,,No
P04772,Patient 4772,M,63,O+,Pune,47,145,No,Yes
P04773,Patient 4773,male,-3,AB+,Mumbai,120,178,No,Yes
P04774,Patient 4774,female,12,AB-,Mumbai,99,143,,Yes
P04775,Patient 4775,male,3,O-,Chennai,39,148,No,Yes
P04776,Patient 4776,M,31,AB-,Hyderabad,95,185,Yes,Yes
P04777,Patient 4777,M,87,AB-,Bengaluru,60,146,,No
P04778,Patient 4778,Female,14,AB+,Delhi,110,190,No,No
P04779,Patient 4779,Female,71,A+,Hyderabad,96,183,Yes,Yes
P04780,Patient 4780,Female,34,O-,Hyderabad,120,143,No,No
P04781,Patient 4781,Male,42,O-,Pune,38,182,,Yes
P04782,Patient 4782,F,65,B-,Kolkata,39,182,No,No
P04783,Patient 4783,F,81,AB-,Mumbai,93,155,No,No
P04784,Patient 4784,Male,13,B-,Hyderabad,85,153,No,Yes
P04785,Patient 4785,female,68,A+,Delhi,63,189,Yes,
P04786,Patient 4786,male,11,B+,Kolkata,72,154,No,
P04787,Patient 4787,female,29,O+,Delhi,37,171,No,
P04788,Patient 4788,male,73,O+,Chennai,117,166,No,Yes
P04789,Patient 4789,female,66,B-,Pune,114,171,Yes,
P04790,Patient 4790,Female,78,O-,Mumbai,83,150,No,No
P04791,Patient 4791,Male,81,B+,Mumbai,86,143,Yes,Yes
P04792,Patient 4792,Male,17,O-,Chennai,63,158,,No
P04793,Patient 4793,male,58,A-,Bengaluru,48,151,No,
P04794,Patient 4794,Male,73,B+,Hyderabad,40,156,,Yes
P04795,Patient 4795,M,44,AB+,Delhi,43,166,,
P04796,Patient 4796,F,15,B+,Chennai,58,153,,
P04797,Patient 4797,female,38,A+,Kolkata,,171,,No
P04798,Patient 4798,male,25,B+,Chennai,88,145,No,
P04799,Patient 4799,male,42,O+,Mumbai,105,158,Yes,Yes
P04800,Patient 4800,F,21,B+,Pune,68,184,,
P04801,Patient 4801,Male,51,B-,Hyderabad,59,186,No,Yes
P04802,Patient 4802,male,60,A+,Mumbai,44,159,Yes,Yes
P04803,Patient 4803,Female,69,AB+,Bengaluru,39,184,No,
P04804,Patient 4804,Male,76,B-,Bengaluru,50,156,,No
P04805,Patient 4805,Male,1,O+,Chennai,84,145,Yes,
P04806,Patient 4806,F,73,B+,Bengaluru,50,146,No,No
P04807,Patient 4807,male,85,AB-,Chennai,111,149,,
P04808,Patient 4808,Male,86,A+,Mumbai,62,158,No,Yes
P04809,Patient 4809,Male,36,A-,Delhi,46,152,,
P04810,Patient 4810,male,,A-,Bengaluru,74,140,,Yes
P04811,Patient 4811,Male,21,AB-,Hyderabad,75,180,,
P04812,Patient 4812,M,1,A+,Kolkata,74,159,No,No
P04813,Patient 4813,male,1,A+,Hyderabad,108,187,No,No
P04814,Patient 4814,F,13,AB-,Kolkata,72,182,Yes,Yes
P04815,Patient 4815,male,3,O-,Hyderabad,60,146,No,No
P04816,Patient 4816,Female,41,AB-,Pune,95,148,,No
P04817,Patient 4817,Male,77,AB-,Bengaluru,69,190,No,Yes
P04818,Patient 4818,male,29,O+,Kolkata,62,168,,
P04819,Patient 4819,Male,79,B-,Mumbai,102,168,,Yes
P04820,Patient 4820,F,30,O+,Delhi,85,187,Yes,
P04821,Patient 4821,Male,52,AB+,Delhi,73,144,Yes,Yes
P04822,Patient 4822,Female,55,A-,Bengaluru,92,162,,
P04823,Patient 4823,M,6,B-,Delhi,79,,,Yes
P04824,Patient 4824,F,11,AB+,Bengaluru,38,174,No,No
P04825,Patient 4825,male,53,B-,Chennai,47,150,Yes,No
P04826,Patient 4826,male,37,AB-,Pune,37,143,,No
P04827,Patient 4827,F,60,AB+,Hyderabad,111,159,,
P04828,Patient 4828,male,75,O+,Kolkata,101,177,Yes,No
P04829,Patient 4829,M,2,A-,Delhi,118,155,Yes,No
P04830,Patient 4830,Male,60,AB-,Chennai,35,188,Yes,
P04831,Patient 4831,male,62,B-,Hyderabad,75,176,Yes,Yes
P04832,Patient 4832,Male,57,A-,Chennai,102,146,Yes,
P04833,Patient 4833,male,55,A+,Mumbai,41,142,Yes,No
P04834,Patient 4834,male,37,O-,Hyderabad,72,145,,No
P04835,Patient 4835,Female,58,B-,Bengaluru,70,154,,
P04836,Patient 4836,female,39,AB+,Bengaluru,119,176,No,No
P04837,Patient 4837,Male,21,AB-,Hyderabad,64,176,,Yes
P04838,Patient 4838,Female,28,A+,Hyderabad,,163,Yes,No
P04839,Patient 4839,Female,80,AB+,Bengaluru,109,177,No,No
P04840,Patient 4840,Male,28,AB-,Bengaluru,84,185,No,Yes
P04841,Patient 4841,F,14,O+,Hyderabad,93,153,No,
P04842,Patient 4842,M,20,B+,Mumbai,69,172,,
P04843,Patient 4843,male,45,B-,Hyderabad,102,164,,Yes
P04844,Patient 4844,F,62,AB-,Bengaluru,119,164,Yes,No
P04845,Patient 4845,male,90,B-,Hyderabad,45,155,Yes,No
P04846,Patient 4846,Male,78,AB+,Delhi,84,168,No,No
P04847,Patient 4847,M,,B-,Hyderabad,117,146,No,No
P04848,Patient 4848,female,78,A-,Chennai,51,147,Yes,No
P04849,Patient 4849,F,4,B-,Pune,85,184,No,No
P04850,Patient 4850,F,39,AB-,Delhi,86,153,Yes,No
P04851,Patient 4851,male,85,O-,Chennai,115,181,Yes,Yes
P04852,Patient 4852,female,77,B+,Chennai,65,156,,Yes
P04853,Patient 4853,female,70,B+,Pune,85,165,No,Yes
P04854,Patient 4854,male,78,A+,Kolkata,118,143,Yes,No
P04855,Patient 4855,female,7,A-,Hyderabad,35,143,Yes,
P04856,Patient 4856,M,8,A-,Chennai,45,160,Yes,
P04857,Patient 4857,male,59,O+,Hyderabad,59,175,,
P04858,Patient 4858,Female,81,A-,Hyderabad,100,145,Yes,Yes
P04859,Patient 4859,Female,7,B-,Kolkata,106,172,No,
P04860,Patient 4860,Male,49,AB+,Chennai,108,179,Yes,Yes
P04861,Patient 4861,Male,87,O+,Bengaluru,62,144,No,
P04862,Patient 4862,M,16,B-,Bengaluru,98,183,No,No
P04863,Patient 4863,F,41,B+,Mumbai,88,144,Yes,
P04864,Patient 4864,Male,71,AB+,Mumbai,52,148,Yes,
P04865,Patient 4865,M,51,AB+,Delhi,71,147,,
P04866,Patient 4866,Female,81,B-,Chennai,63,141,No,Yes
P04867,Patient 4867,F,89,B-,Chennai,115,167,,Yes
P04868,Patient 4868,F,41,A-,Chennai,115,179,No,No
P04869,Patient 4869,Female,36,B-,Hyderabad,36,155,,
P04870,Patient 4870,Female,9,B+,Pune,108,186,Yes,
P04871,Patient 4871,M,20,A-,Mumbai,116,165,No,
P04872,Patient 4872,male,31,O-,Hyderabad,94,177,Yes,Yes
P04873,Patient 4873,M,41,O+,Pune,58,179,No,
P04874,Patient 4874,Female,67,AB+,Hyderabad,70,188,,
P04875,Patient 4875,Male,70,A-,Delhi,90,172,No,Yes
P04876,Patient 4876,male,29,A+,Kolkata,40,,,
P04877,Patient 4877,M,4,AB-,Delhi,76,175,No,No
P04878,Patient 4878,female,90,A+,Hyderabad,79,178,,No
P04879,Patient 4879,M,90,AB-,Kolkata,,189,Yes,Yes
P04880,Patient 4880,female,46,B+,Delhi,108,146,,
P04881,Patient 4881,M,35,B+,Delhi,84,155,No,Yes
P04882,Patient 4882,Male,51,B-,Mumbai,85,186,Yes,No
P04883,Patient 4883,F,66,A+,Mumbai,73,144,,No
P04884,Patient 4884,F,-3,AB-,Chennai,119,179,Yes,
P04885,Patient 4885,F,59,O-,Chennai,108,152,,No
P04886,Patient 4886,female,45,B+,Pune,43,176,,No
P04887,Patient 4887,Male,35,AB-,Bengaluru,45,144,Yes,No
P04888,Patient 4888,female,59,AB+,Mumbai,36,153,No,No
P04889,Patient 4889,Male,84,A-,Mumbai,94,167,No,
P04890,Patient 4890,Female,38,A+,Hyderabad,55,153,Yes,
P04891,Patient 4891,Female,6,A+,Bengaluru,81,165,,
P04892,Patient 4892,female,19,O+,Bengaluru,108,150,,Yes
P04893,Patient 4893,Female,66,A-,Delhi,94,154,No,
P04894,Patient 4894,Male,67,B+,Bengaluru,102,152,No,Yes
P04895,Patient 4895,male,55,O-,Mumbai,80,188,Yes,Yes
P04896,Patient 4896,Male,61,AB-,Hyderabad,52,140,Yes,
P04897,Patient 4897,M,38,O+,Hyderabad,52,174,,Yes
P04898,Patient 4898,F,56,AB+,Hyderabad,55,171,Yes,
P04899,Patient 4899,Female,51,O-,Pune,76,144,No,Yes
P04900,Patient 4900,male,88,A-,Delhi,37,141,,Yes
P04901,Patient 4901,F,80,O+,Bengaluru,73,184,Yes,Yes
P04902,Patient 4902,female,55,A+,Delhi,57,153,Yes,No
P04903,Patient 4903,Female,2,B-,Pune,92,148,Yes,Yes
P04904,Patient 4904,Male,84,B-,Bengaluru,102,154,No,
P04905,Patient 4905,Female,19,AB-,Pune,116,157,Yes,
P04906,Patient 4906,F,15,B+,Hyderabad,90,189,,Yes
P04907,Patient 4907,female,78,AB+,Mumbai,49,166,Yes,No
P04908,Patient 4908,F,55,AB-,Bengaluru,113,164,,No
P04909,Patient 4909,Male,2,O+,Pune,66,153,No,No
P04910,Patient 4910,Male,9,AB+,Chennai,37,164,No,
P04911,Patient 4911,female,60,O+,Pune,35,141,,No
P04912,Patient 4912,male,71,A-,Chennai,38,146,No,No
P04913,Patient 4913,female,19,B+,Kolkata,109,166,Yes,
P04914,Patient 4914,Male,17,O-,Delhi,72,146,No,Yes
P04915,Patient 4915,F,84,AB+,Delhi,113,166,,
P04916,Patient 4916,Female,25,O-,Pune,50,161,Yes,
P04917,Patient 4917,female,32,A+,Pune,240,148,,
P04918,Patient 4918,M,25,O+,Mumbai,93,181,No,No
P04919,Patient 4919,M,8,B+,Pune,74,171,,
P04920,Patient 4920,Male,26,A-,Delhi,,163,Yes,No
P04921,Patient 4921,F,,AB+,Hyderabad,76,160,Yes,No
P04922,Patient 4922,F,58,B+,Chennai,104,175,Yes,Yes
P04923,Patient 4923,F,11,A+,Mumbai,91,157,Yes,No
P04924,Patient 4924,Male,46,AB-,Delhi,103,172,,No
P04925,Patient 4925,Female,9,B-,Pune,74,148,,No
P04926,Patient 4926,female,89,O-,Kolkata,72,182,Yes,Yes
P04927,Patient 4927,M,42,AB-,Pune,80,176,No,No
P04928,Patient 4928,Male,77,B-,Hyderabad,112,145,No,
P04929,Patient 4929,female,71,O+,Hyderabad,63,,No,No
P04930,Patient 4930,male,53,O-,Hyderabad,53,168,,Yes
P04931,Patient 4931,F,12,O-,Kolkata,84,140,,No
P04932,Patient 4932,female,5,B+,Mumbai,48,162,Yes,Yes
P04933,Patient 4933,F,26,AB+,Delhi,83,185,Yes,
P04934,Patient 4934,M,26,A-,Mumbai,69,169,,
P04935,Patient 4935,F,82,B-,Delhi,108,173,,No
P04936,Patient 4936,female,36,A-,Bengaluru,84,146,Yes,
P04937,Patient 4937,female,74,AB-,Kolkata,112,188,,Yes
P04938,Patient 4938,male,60,AB+,Delhi,48,180,Yes,Yes
P04939,Patient 4939,F,67,O-,Hyderabad,97,187,Yes,
P04940,Patient 4940,F,47,AB+,Kolkata,117,175,,Yes
P04941,Patient 4941,Female,70,AB-,Chennai,68,189,,Yes
P04942,Patient 4942,female,7,A+,Chennai,107,140,Yes,No
P04943,Patient 4943,F,76,O+,Hyderabad,71,179,No,No
P04944,Patient 4944,male,60,O+,Pune,117,182,Yes,Yes
P04945,Patient 4945,Female,58,AB+,Mumbai,86,177,No,
P04946,Patient 4946,Female,44,O+,Hyderabad,71,181,No,No
P04947,Patient 4947,M,73,A+,Hyderabad,48,184,,No
P04948,Patient 4948,female,32,B-,Kolkata,78,177,,No
P04949,Patient 4949,F,81,A+,Chennai,116,185,,
P04950,Patient 4950,F,74,O-,Chennai,89,163,,Yes
P04951,Patient 4951,M,87,A-,Chennai,98,161,No,
P04952,Patient 4952,female,40,A+,Chennai,62,159,,Yes
P04953,Patient 4953,female,8,A-,Hyderabad,91,181,,No
P04954,Patient 4954,female,60,B-,Pune,84,146,,Yes
P04955,Patient 4955,M,83,B-,Chennai,115,140,,Yes
P04956,Patient 4956,female,20,O-,Pune,59,152,Yes,Yes
P04957,Patient 4957,F,25,O-,Mumbai,87,177,,No
P04958,Patient 4958,Female,,B-,Delhi,40,186,Yes,
P04959,Patient 4959,Female,51,AB-,Mumbai,75,152,No,
P04960,Patient 4960,male,86,AB-,Mumbai,77,147,No,
P04961,Patient 4961,Female,89,B+,Mumbai,,152,No,No
P04962,Patient 4962,M,63,O-,Delhi,44,158,,Yes
P04963,Patient 4963,male,46,AB-,Delhi,75,163,Yes,Yes
P04964,Patient 4964,M,6,O+,Delhi,87,147,Yes,No
P04965,Patient 4965,male,40,O+,Hyderabad,68,190,No,No
P04966,Patient 4966,F,15,B-,Bengaluru,55,146,,Yes
P04967,Patient 4967,female,82,A+,Hyderabad,53,170,No,No
P04968,Patient 4968,M,4,A-,Mumbai,91,187,Yes,Yes
P04969,Patient 4969,female,70,A+,Pune,118,155,No,No
P04970,Patient 4970,female,37,O-,Mumbai,88,175,,Yes
P04971,Patient 4971,male,33,O-,Kolkata,82,163,No,Yes
P04972,Patient 4972,female,17,O-,Chennai,87,153,Yes,No
P04973,Patient 4973,F,64,O+,Hyderabad,97,189,Yes,Yes
P04974,Patient 4974,M,83,B-,Kolkata,52,171,,
P04975,Patient 4975,M,8,A+,Delhi,68,183,,Yes
P04976,Patient 4976,F,89,AB+,Bengaluru,66,165,,Yes
P04977,Patient 4977,Female,55,B+,Mumbai,107,141,Yes,
P04978,Patient 4978,female,57,A+,Chennai,82,161,Yes,No
P04979,Patient 4979,female,78,AB-,Delhi,39,167,,Yes
P04980,Patient 4980,Male,44,A+,Mumbai,48,151,,Yes
P04981,Patient 4981,Male,33,AB-,Chennai,74,179,,No
P04982,Patient 4982,Female,21,A-,Kolkata,49,,,Yes
P04983,Patient 4983,female,88,B-,Kolkata,65,188,,
P04984,Patient 4984,F,10,AB+,Hyderabad,111,150,,
P04985,Patient 4985,male,19,B-,Delhi,49,140,No,Yes
P04986,Patient 4986,Male,21,A+,Kolkata,57,166,Yes,Yes
P04987,Patient 4987,M,66,AB-,Bengaluru,64,181,No,Yes
P04988,Patient 4988,male,59,O-,Chennai,41,160,,
P04989,Patient 4989,Female,69,B+,Delhi,91,190,No,Yes
P04990,Patient 4990,female,20,A+,Delhi,55,184,Yes,No
P04991,Patient 4991,male,74,O+,Chennai,105,143,,No
P04992,Patient 4992,male,47,B+,Bengaluru,99,177,No,No
P04993,Patient 4993,M,53,A+,Bengaluru,36,176,No,No
P04994,Patient 4994,female,57,O+,Hyderabad,54,184,No,Yes
P04995,Patient 4995,M,-3,AB-,Bengaluru,94,153,No,No
P04996,Patient 4996,male,64,A+,Chennai,105,174,Yes,
P04997,Patient 4997,M,90,O-,Chennai,112,157,No,No
P04998,Patient 4998,Female,7,AB-,Mumbai,90,145,,No
P04999,Patient 4999,Male,20,B+,Kolkata,86,173,Yes,No
P05000,Patient 5000,female,88,AB+,Pune,44,185,Yes,No
