Admission_ID,Patient_ID,Admission_Date,Discharge_Date,Department,Hospital_ID,Bill
A00001,P00001,2023-01-28,2023-02-03,Oncology,H08,56347
A00002,P00002,18-03-2023,25-03-2023,Orthopedic,H07,13722
A00003,P00003,12-02-2024,21-02-2024,Oncology,H04,7772
A00004,P00004,2023/03/18,2023/03/25,ICU,H06,85114
A00005,P00005,2024-10-13,2024-10-16,Emergency,H04,127214
A00006,P00006,07/05/2023,20/05/2023,Orthopedic,H03,204688
A00007,P00007,Jul 24 2024,Jul 28 2024,Pediatrics,H05,102800
A00008,P00008,2023/03/27,2023/04/09,Cardiology,H02,9720
A00009,P00009,23-09-2024,04-10-2024,Emergency,H01,73600
A00010,P00010,2024/06/18,2024/06/19,Pediatrics,H02,249046
A00011,P00011,2024-04-27,2024-05-09,Oncology,H07,139856
A00012,P00012,2024-05-12,2024-05-18,Cardiology,H08,49708
A00013,P00013,2024-04-23,2024-05-05,ICU,H05,19369
A00014,P00014,Mar 01 2023,Mar 05 2023,ICU,H06,63965
A00015,P00015,29-03-2024,05-04-2024,Pediatrics,H03,123754
A00016,P00016,Oct 25 2024,Nov 01 2024,Pediatrics,H01,26820
A00017,P00017,2023-12-02,2023-12-04,Oncology,H01,14171
A00018,P00018,2023/02/22,2023/02/23,Cardiology,H08,218710
A00019,P00019,Jul 22 2024,Jul 23 2024,Neurology,H01,195450
A00020,P00020,2024-01-17,2024-01-20,Pediatrics,H05,96230
A00021,P00021,2024/08/01,2024/08/04,Oncology,H04,184851
A00022,P00022,30-11-2024,03-12-2024,Cardiology,H01,13591
A00023,P00023,21/11/2024,01/12/2024,ICU,H06,241249
A00024,P00024,01-10-2024,09-10-2024,Pediatrics,H08,75524
A00025,P00025,Nov 21 2024,Dec 02 2024,Oncology,H07,65310
A00026,P00026,26-11-2023,10-12-2023,ICU,H05,201207
A00027,P00027,18/09/2023,24/09/2023,ICU,H05,44674
A00028,P00028,16/11/2024,17/11/2024,Cardiology,H07,78736
A00029,P00029,2023-10-19,2023-10-25,Pediatrics,H04,209094
A00030,P00030,Mar 27 2024,Mar 28 2024,Oncology,H06,212970
A00031,P00031,06/04/2023,10/04/2023,Oncology,H04,125215
A00032,P00032,2024/03/30,2024/04/12,ICU,H08,202025
A00033,P00033,24-01-2024,26-01-2024,Pediatrics,H07,199915
A00034,P00034,05-01-2023,11-01-2023,ICU,H02,95047
A00035,P00035,Apr 13 2024,Apr 23 2024,Cardiology,H06,177307
A00036,P00036,Jun 17 2024,Jun 27 2024,ICU,H02,194684
A00037,P00037,Oct 09 2023,Oct 19 2023,Cardiology,H01,165504
A00038,P00038,Aug 05 2023,Aug 14 2023,Neurology,H05,110058
A00039,P00039,Feb 16 2023,Feb 24 2023,Orthopedic,H06,71975
A00040,P00040,28-01-2023,07-02-2023,Emergency,H07,156403
A00041,P00041,03/08/2023,08/08/2023,Oncology,H04,103011
A00042,P00042,21/11/2023,29/11/2023,Emergency,H02,198105
A00043,P00043,2023-04-10,2023-04-12,Cardiology,H06,186265
A00044,P00044,14-03-2023,19-03-2023,Pediatrics,H07,112573
A00045,P00045,07-06-2024,16-06-2024,Pediatrics,H06,180193
A00046,P00046,02/09/2024,16/09/2024,Cardiology,H04,48501
A00047,P00047,01-01-2024,08-01-2024,Emergency,H04,35876
A00048,P00048,2023/02/23,2023/03/07,Neurology,H05,187045
A00049,P00049,2024-06-28,2024-07-13,Cardiology,H03,204061
A00050,P00050,2023/06/01,2023/06/06,Orthopedic,H08,45596
A00051,P00051,09/11/2024,10/11/2024,Oncology,H06,92804
A00052,P00052,31-10-2023,14-11-2023,Oncology,H08,47982
A00053,P00053,2024-07-15,2024-07-27,Neurology,H02,164844
A00054,P00054,2023/10/16,2023/10/27,Emergency,H05,71947
A00055,P00055,Apr 02 2024,Apr 09 2024,Orthopedic,H03,6289
A00056,P00056,20/08/2024,04/09/2024,Cardiology,H08,124450
A00057,P00057,Jul 14 2024,Jul 25 2024,Oncology,H03,129371
A00058,P00058,Mar 24 2023,Mar 31 2023,ICU,H03,25584
A00059,P00059,May 26 2024,Jun 04 2024,Oncology,H05,17430
A00060,P00060,19/12/2023,29/12/2023,Neurology,H07,223150
A00061,P00061,2024/04/01,2024/04/11,Emergency,H08,246036
A00062,P00062,26-08-2024,04-09-2024,ICU,H06,125854
A00063,P00063,Oct 28 2023,Nov 03 2023,Orthopedic,H08,139406
A00064,P00064,2023-10-29,2023-11-02,Cardiology,H02,77780
A00065,P00065,17/09/2024,29/09/2024,Pediatrics,H04,157369
A00066,P00066,2024-03-01,2024-03-13,Emergency,H07,91060
A00067,P00067,2023/07/06,2023/07/12,Cardiology,H04,178929
A00068,P00068,2023/09/15,2023/09/30,Emergency,H01,70325
A00069,P00069,24/04/2023,08/05/2023,Oncology,H05,78085
A00070,P00070,2023/10/29,2023/11/08,ICU,H06,68544
A00071,P00071,2024-02-21,2024-03-07,Cardiology,H06,237544
A00072,P00072,24-02-2024,08-03-2024,Neurology,H03,110398
A00073,P00073,2023-09-03,2023-09-16,Cardiology,H07,126984
A00074,P00074,10-12-2023,15-12-2023,Cardiology,H06,140911
A00075,P00075,2023-08-26,2023-09-02,Neurology,H03,14207
A00076,P00076,Apr 05 2024,Apr 09 2024,Cardiology,H04,70031
A00077,P00077,26/03/2024,08/04/2024,Pediatrics,H08,236984
A00078,P00078,11-03-2023,18-03-2023,Pediatrics,H03,171655
A00079,P00079,Oct 19 2023,Oct 27 2023,Oncology,H06,
A00080,P00080,04/03/2024,18/03/2024,Oncology,H02,21417
A00081,P00081,2023-05-14,2023-05-18,Pediatrics,H01,147503
A00082,P00082,18-05-2024,01-06-2024,Emergency,H08,53760
A00083,P00083,2024-07-06,,ICU,H02,108571
A00084,P00084,Nov 23 2023,Nov 29 2023,Oncology,H06,168206
A00085,P00085,2024/06/09,2024/06/16,Orthopedic,H07,65724
A00086,P00086,Nov 30 2023,Dec 02 2023,Cardiology,H03,142071
A00087,P00087,05-10-2024,16-10-2024,Neurology,H06,141905
A00088,P00088,2023-05-23,2023-05-26,Pediatrics,H07,244827
A00089,P00089,19-03-2024,20-03-2024,Orthopedic,H05,243900
A00090,P00090,04-02-2024,19-02-2024,Emergency,H05,192367
A00091,P00091,29-06-2023,08-07-2023,Neurology,H05,238455
A00092,P00092,2024-04-04,2024-04-10,Cardiology,H04,45400
A00093,P00093,23/03/2023,06/04/2023,Neurology,H08,181819
A00094,P00094,04/04/2023,08/04/2023,Neurology,H01,200504
A00095,P00095,2023/08/01,2023/08/08,ICU,H05,142089
A00096,P00096,2023/05/10,2023/05/25,Pediatrics,H08,233772
A00097,P00097,2024/07/12,2024/07/11,Emergency,H06,117060
A00098,P00098,2023/07/10,2023/07/13,ICU,H07,143722
A00099,P00099,30/01/2023,02/02/2023,Emergency,H08,6649
A00100,P00100,04-04-2024,08-04-2024,Orthopedic,H08,222884
A00101,P00101,2023-03-23,2023-03-30,Pediatrics,H04,52709
A00102,P00102,Aug 16 2023,Aug 27 2023,Orthopedic,H06,171014
A00103,P00103,06/05/2024,12/05/2024,ICU,H03,238493
A00104,P00104,17/07/2023,31/07/2023,Oncology,H08,215821
A00105,P00105,2024-05-26,2024-05-27,Orthopedic,H04,71765
A00106,P00106,14-12-2023,20-12-2023,Emergency,H08,189999
A00107,P00107,2023-08-12,2023-08-15,ICU,H04,208410
A00108,P00108,13/10/2024,16/10/2024,Orthopedic,H08,149376
A00109,P00109,Jan 24 2023,Feb 05 2023,Oncology,H05,47786
A00110,P00110,12/02/2023,18/02/2023,Orthopedic,H05,94701
A00111,P00111,25-02-2024,06-03-2024,Oncology,H04,195433
A00112,P00112,2024/08/15,2024/08/30,ICU,H01,244993
A00113,P00113,2023-10-28,2023-10-30,ICU,H02,113938
A00114,P00114,04-01-2024,11-01-2024,Oncology,H05,172151
A00115,P00115,2024/02/14,2024/02/18,ICU,H06,143318
A00116,P00116,25-01-2024,26-01-2024,Orthopedic,H05,82862
A00117,P00117,2024/11/18,2024/11/26,Neurology,H04,200588
A00118,P00118,11/07/2023,21/07/2023,Cardiology,H03,227335
A00119,P00119,18-10-2023,28-10-2023,Orthopedic,H08,91584
A00120,P00120,2024-03-24,2024-03-25,Oncology,H07,177814
A00121,P00121,15/06/2023,26/06/2023,Orthopedic,H06,166208
A00122,P00122,19-08-2024,30-08-2024,Orthopedic,H03,225690
A00123,P00123,Mar 07 2024,Mar 08 2024,ICU,H01,132976
A00124,P00124,13-10-2024,23-10-2024,Neurology,H01,89680
A00125,P00125,29/03/2023,10/04/2023,Neurology,H04,17372
A00126,P00126,12-08-2024,13-08-2024,Cardiology,H04,186877
A00127,P00127,2024/05/31,2024/06/02,Oncology,H07,232316
A00128,P00128,28-05-2023,01-06-2023,Orthopedic,H07,69946
A00129,P00129,16-07-2024,17-07-2024,Emergency,H02,89008
A00130,P00130,09-02-2023,20-02-2023,Cardiology,H06,9432
A00131,P00131,12/08/2023,20/08/2023,Oncology,H04,78453
A00132,P00132,2023/11/30,2023/12/08,Neurology,H08,10551
A00133,P00133,17/05/2024,26/05/2024,ICU,H02,206050
A00134,P00134,2023/11/23,2023/11/29,ICU,H06,164423
A00135,P00135,18-04-2024,29-04-2024,Orthopedic,H06,240398
A00136,P00136,May 21 2024,May 31 2024,Emergency,H06,94983
A00137,P00137,2024-01-12,2024-01-27,Orthopedic,H04,94811
A00138,P00138,2024/10/06,2024/10/09,Pediatrics,H02,152625
A00139,P00139,2024-03-29,2024-04-03,Orthopedic,H05,139727
A00140,P00140,18-03-2023,22-03-2023,Orthopedic,H03,168647
A00141,P00141,17/11/2023,29/11/2023,Pediatrics,H06,228671
A00142,P00142,2023-05-27,2023-06-04,Pediatrics,H03,239414
A00143,P00143,2023/03/18,2023/03/29,Cardiology,H02,87138
A00144,P00144,16/09/2024,18/09/2024,Oncology,H06,83477
A00145,P00145,May 18 2024,May 30 2024,Orthopedic,H03,82555
A00146,P00146,03/03/2023,04/03/2023,Oncology,H03,211960
A00147,P00147,2024/04/29,2024/05/12,Orthopedic,H08,168305
A00148,P00148,2023-07-27,2023-08-05,Oncology,H03,196535
A00149,P00149,2023-11-04,2023-11-08,Pediatrics,H06,220622
A00150,P00150,30/11/2024,03/12/2024,Cardiology,H03,194659
A00151,P00151,Oct 19 2023,Oct 20 2023,Pediatrics,H03,198143
A00152,P00152,19/08/2024,01/09/2024,Neurology,H05,119427
A00153,P00153,2024-10-21,2024-10-31,Cardiology,H03,70670
A00154,P00154,01-04-2023,16-04-2023,Orthopedic,H03,15167
A00155,P00155,2023/12/29,2024/01/08,Emergency,H01,88095
A00156,P00156,Jan 28 2023,Feb 12 2023,ICU,H05,219250
A00157,P00157,01/04/2023,14/04/2023,Pediatrics,H04,243786
A00158,P00158,Jun 07 2023,Jun 12 2023,ICU,H01,
A00159,P00159,30-03-2023,14-04-2023,Cardiology,H02,160803
A00160,P00160,Jul 28 2023,Aug 09 2023,Neurology,H05,196328
A00161,P00161,May 29 2024,Jun 06 2024,Neurology,H04,22998
A00162,P00162,07-09-2024,14-09-2024,Neurology,H08,186378
A00163,P00163,13-03-2024,20-03-2024,Neurology,H08,27854
A00164,P00164,Sep 02 2023,Sep 16 2023,Cardiology,H02,38665
A00165,P00165,2023-06-04,2023-06-17,Emergency,H02,48364
A00166,P00166,28-07-2023,,Cardiology,H02,63664
A00167,P00167,24-10-2023,07-11-2023,Emergency,H01,85036
A00168,P00168,16-06-2023,25-06-2023,Cardiology,H02,162900
A00169,P00169,2024/08/15,2024/08/26,Orthopedic,H06,113047
A00170,P00170,11/06/2023,13/06/2023,Emergency,H02,221138
A00171,P00171,23-11-2024,07-12-2024,Cardiology,H03,159688
A00172,P00172,13/03/2023,17/03/2023,ICU,H04,89130
A00173,P00173,2023/04/07,2023/04/10,Oncology,H07,66211
A00174,P00174,2024/10/03,2024/10/11,Orthopedic,H02,19112
A00175,P00175,2024-05-10,2024-05-11,Pediatrics,H04,229987
A00176,P00176,15-07-2024,17-07-2024,Cardiology,H08,167104
A00177,P00177,2023-10-25,2023-10-31,Oncology,H01,218159
A00178,P00178,25/04/2023,07/05/2023,Oncology,H03,58987
A00179,P00179,24/01/2023,29/01/2023,Orthopedic,H06,214456
A00180,P00180,2024-03-16,2024-03-24,Orthopedic,H08,25083
A00181,P00181,Feb 05 2024,Feb 06 2024,Pediatrics,H08,221629
A00182,P00182,Apr 09 2024,Apr 22 2024,Neurology,H06,189380
A00183,P00183,2024/10/30,2024/11/02,Cardiology,H07,64269
A00184,P00184,2023-08-02,2023-08-09,Oncology,H04,11841
A00185,P00185,2024/11/09,2024/11/20,Pediatrics,H02,137075
A00186,P00186,2023-04-06,2023-04-12,Pediatrics,H08,206993
A00187,P00187,01/02/2023,14/02/2023,Emergency,H07,229631
A00188,P00188,2023-07-30,2023-08-06,Oncology,H08,109579
A00189,P00189,2023-01-24,2023-01-30,Emergency,H05,160663
A00190,P00190,17-02-2024,02-03-2024,ICU,H07,224492
A00191,P00191,11/09/2024,25/09/2024,Neurology,H04,192619
A00192,P00192,2023/08/12,2023/08/13,ICU,H02,12675
A00193,P00193,Nov 28 2024,Dec 07 2024,Cardiology,H01,219641
A00194,P00194,2024/08/16,2024/08/15,Cardiology,H05,244356
A00195,P00195,2024-11-02,2024-11-11,Neurology,H04,115324
A00196,P00196,06/07/2023,11/07/2023,Oncology,H01,61490
A00197,P00197,Feb 20 2024,Mar 06 2024,Oncology,H08,145120
A00198,P00198,Oct 28 2023,Nov 12 2023,Emergency,H04,187411
A00199,P00199,30/09/2024,04/10/2024,Orthopedic,H01,127714
A00200,P00200,2024/08/14,2024/08/17,Emergency,H06,42261
A00201,P00201,08/07/2024,19/07/2024,Emergency,H06,102998
A00202,P00202,Oct 08 2023,Oct 14 2023,Cardiology,H04,233135
A00203,P00203,2024-09-27,2024-10-12,ICU,H01,156023
A00204,P00204,Aug 08 2023,Aug 17 2023,Neurology,H04,230950
A00205,P00205,2024/03/14,2024/03/23,Neurology,H08,152008
A00206,P00206,2023/07/20,2023/08/04,Oncology,H04,152480
A00207,P00207,29/05/2023,07/06/2023,Cardiology,H05,9454
A00208,P00208,2023/08/30,2023/09/04,Orthopedic,H05,120074
A00209,P00209,2024/02/28,2024/03/14,Orthopedic,H07,214600
A00210,P00210,May 06 2024,May 08 2024,Neurology,H08,107995
A00211,P00211,01/04/2023,02/04/2023,ICU,H04,999999
A00212,P00212,2023/04/19,2023/04/25,Neurology,H08,95493
A00213,P00213,2024/05/07,2024/05/08,Orthopedic,H06,36936
A00214,P00214,Jun 09 2024,Jun 10 2024,Cardiology,H02,139446
A00215,P00215,Oct 03 2023,Oct 16 2023,Orthopedic,H08,25832
A00216,P00216,02-07-2023,04-07-2023,Orthopedic,H04,190265
A00217,P00217,2024-01-24,2024-01-26,Emergency,H07,113546
A00218,P00218,2023-05-02,2023-05-07,Cardiology,H04,106373
A00219,P00219,2024-01-20,2024-01-22,Emergency,H03,140370
A00220,P00220,2024-02-14,2024-02-27,Orthopedic,H06,92253
A00221,P00221,Oct 07 2024,Oct 14 2024,Orthopedic,H03,96916
A00222,P00222,12-02-2024,16-02-2024,Emergency,H05,104555
A00223,P00223,2023/08/26,2023/09/03,Orthopedic,H01,28463
A00224,P00224,Jul 23 2023,Aug 07 2023,Pediatrics,H05,214530
A00225,P00225,Oct 09 2024,Oct 14 2024,Oncology,H06,93594
A00226,P00226,2024/11/21,2024/12/04,Cardiology,H01,116146
A00227,P00227,2023-08-25,2023-09-08,Cardiology,H07,27605
A00228,P00228,20/10/2024,23/10/2024,Oncology,H03,135165
A00229,P00229,14-08-2023,21-08-2023,Emergency,H08,214678
A00230,P00230,01/10/2023,13/10/2023,Pediatrics,H08,30948
A00231,P00231,2023/08/01,2023/08/14,Neurology,H06,144035
A00232,P00232,2024-11-04,2024-11-14,Oncology,H08,90155
A00233,P00233,22-01-2023,26-01-2023,Cardiology,H02,72800
A00234,P00234,Feb 21 2024,Feb 22 2024,Cardiology,H02,147500
A00235,P00235,2023/07/13,2023/07/26,Oncology,H05,186711
A00236,P00236,20/01/2023,25/01/2023,Emergency,H05,218974
A00237,P00237,Jul 29 2024,Aug 02 2024,Oncology,H08,
A00238,P00238,2024-04-19,2024-04-20,ICU,H03,186148
A00239,P00239,13-05-2024,19-05-2024,Pediatrics,H06,191784
A00240,P00240,May 08 2023,May 21 2023,Emergency,H06,52511
A00241,P00241,Sep 19 2023,Sep 29 2023,ICU,H07,201305
A00242,P00242,Aug 12 2024,Aug 17 2024,Oncology,H02,41225
A00243,P00243,May 02 2024,May 16 2024,Neurology,H08,119064
A00244,P00244,18/12/2023,27/12/2023,Cardiology,H02,7032
A00245,P00245,2024-02-29,2024-03-11,Neurology,H05,122133
A00246,P00246,2023/11/10,2023/11/20,Oncology,H05,178608
A00247,P00247,23-11-2023,26-11-2023,Orthopedic,H02,66403
A00248,P00248,24/02/2024,04/03/2024,Oncology,H03,64756
A00249,P00249,Mar 08 2024,,Emergency,H08,196963
A00250,P00250,2023-04-04,2023-04-05,ICU,H01,28723
A00251,P00251,21-04-2024,23-04-2024,Pediatrics,H05,37885
A00252,P00252,Oct 13 2024,Oct 21 2024,Cardiology,H04,111177
A00253,P00253,Feb 11 2023,Feb 25 2023,Emergency,H05,208996
A00254,P00254,Jul 26 2024,Jul 28 2024,Oncology,H05,188199
A00255,P00255,27/06/2023,03/07/2023,Orthopedic,H03,192074
A00256,P00256,08/07/2024,19/07/2024,ICU,H03,60906
A00257,P00257,21-11-2024,04-12-2024,Pediatrics,H06,128698
A00258,P00258,2024/02/20,2024/03/01,Cardiology,H04,150436
A00259,P00259,19/02/2023,26/02/2023,Orthopedic,H07,237065
A00260,P00260,2023/10/08,2023/10/20,Cardiology,H02,128824
A00261,P00261,16-12-2023,25-12-2023,Pediatrics,H02,39051
A00262,P00262,2024/06/21,2024/06/22,Emergency,H05,181982
A00263,P00263,2023-03-16,2023-03-24,Emergency,H02,195767
A00264,P00264,2023/04/29,2023/05/01,Orthopedic,H07,24940
A00265,P00265,Sep 21 2023,Sep 28 2023,Pediatrics,H02,191794
A00266,P00266,16-04-2023,30-04-2023,Neurology,H01,137340
A00267,P00267,2024/08/13,2024/08/19,Orthopedic,H03,214779
A00268,P00268,2023/11/06,2023/11/10,Oncology,H06,196802
A00269,P00269,09/07/2023,17/07/2023,Pediatrics,H08,194166
A00270,P00270,27-10-2023,07-11-2023,Pediatrics,H08,224881
A00271,P00271,2024-04-14,2024-04-15,Emergency,H02,127881
A00272,P00272,09/10/2024,15/10/2024,Neurology,H06,68504
A00273,P00273,08/04/2023,10/04/2023,Pediatrics,H01,201860
A00274,P00274,17/07/2024,30/07/2024,ICU,H08,48515
A00275,P00275,08-08-2024,09-08-2024,ICU,H07,166088
A00276,P00276,2024-02-26,2024-02-29,ICU,H06,146857
A00277,P00277,28-07-2023,01-08-2023,Emergency,H06,222302
A00278,P00278,2024-04-15,2024-04-22,ICU,H03,85593
A00279,P00279,2023-04-22,2023-05-06,Neurology,H08,8636
A00280,P00280,10-01-2023,24-01-2023,ICU,H01,10550
A00281,P00281,2023/09/09,2023/09/18,Cardiology,H07,208610
A00282,P00282,21-03-2024,25-03-2024,Cardiology,H08,48049
A00283,P00283,05-02-2023,20-02-2023,Emergency,H04,238339
A00284,P00284,07-10-2023,12-10-2023,Neurology,H07,160678
A00285,P00285,May 18 2024,May 27 2024,Oncology,H07,120411
A00286,P00286,01/12/2024,11/12/2024,Orthopedic,H01,112438
A00287,P00287,May 01 2024,May 12 2024,Orthopedic,H06,231356
A00288,P00288,Feb 09 2024,Feb 17 2024,ICU,H08,39925
A00289,P00289,Feb 09 2024,Feb 20 2024,Cardiology,H03,77398
A00290,P00290,2024-05-29,2024-06-06,Orthopedic,H08,158610
A00291,P00291,03-05-2024,02-05-2024,Oncology,H01,5915
A00292,P00292,Jul 18 2023,Jul 24 2023,Neurology,H03,205465
A00293,P00293,04/03/2023,11/03/2023,ICU,H04,52068
A00294,P00294,01/03/2023,04/03/2023,Pediatrics,H07,226552
A00295,P00295,Nov 10 2024,Nov 16 2024,Orthopedic,H08,50044
A00296,P00296,17/08/2023,18/08/2023,Pediatrics,H01,165376
A00297,P00297,Apr 17 2024,Apr 30 2024,Cardiology,H07,204386
A00298,P00298,Aug 21 2023,Aug 23 2023,Emergency,H06,118424
A00299,P00299,31/05/2023,05/06/2023,ICU,H08,126892
A00300,P00300,2024-01-12,2024-01-15,Pediatrics,H04,94810
A00301,P00301,08-05-2024,18-05-2024,Cardiology,H06,11481
A00302,P00302,2023/08/03,2023/08/15,Oncology,H07,247260
A00303,P00303,06/09/2024,10/09/2024,ICU,H07,40652
A00304,P00304,25/08/2023,30/08/2023,Neurology,H06,38952
A00305,P00305,14/02/2024,27/02/2024,Emergency,H04,207054
A00306,P00306,21/04/2024,06/05/2024,Oncology,H04,211182
A00307,P00307,24/05/2024,27/05/2024,Oncology,H04,93347
A00308,P00308,2023-04-15,2023-04-19,Neurology,H08,217313
A00309,P00309,2023-02-24,2023-03-05,Emergency,H05,186646
A00310,P00310,26/05/2023,31/05/2023,Cardiology,H04,239911
A00311,P00311,2024-04-01,2024-04-06,Neurology,H04,56777
A00312,P00312,2023-07-21,2023-08-01,Emergency,H04,169297
A00313,P00313,Jun 30 2024,Jul 06 2024,Pediatrics,H02,109496
A00314,P00314,May 11 2023,May 22 2023,Emergency,H01,132628
A00315,P00315,2023/10/03,2023/10/07,Cardiology,H06,120314
A00316,P00316,2024-11-24,2024-12-02,ICU,H07,
A00317,P00317,2024-07-07,2024-07-22,Pediatrics,H07,176061
A00318,P00318,Oct 30 2023,Nov 13 2023,Orthopedic,H05,190079
A00319,P00319,06/11/2023,08/11/2023,ICU,H04,101377
A00320,P00320,19-04-2024,30-04-2024,ICU,H05,46246
A00321,P00321,Jan 31 2023,Feb 04 2023,Neurology,H08,191984
A00322,P00322,22-07-2023,29-07-2023,Emergency,H06,141942
A00323,P00323,23/09/2024,28/09/2024,Neurology,H04,195271
A00324,P00324,12-10-2024,13-10-2024,Emergency,H08,62920
A00325,P00325,20-09-2024,28-09-2024,Pediatrics,H04,244522
A00326,P00326,24/11/2024,26/11/2024,Orthopedic,H01,186766
A00327,P00327,01/09/2023,03/09/2023,Emergency,H06,160677
A00328,P00328,2024/08/18,2024/08/24,Orthopedic,H02,214156
A00329,P00329,2024-11-28,2024-12-01,Cardiology,H07,91932
A00330,P00330,2024/03/22,2024/04/06,Pediatrics,H07,243946
A00331,P00331,2024-10-15,2024-10-22,ICU,H04,174405
A00332,P00332,2023/11/01,,Cardiology,H05,128478
A00333,P00333,04-08-2024,15-08-2024,ICU,H04,144432
A00334,P00334,26-05-2023,05-06-2023,Pediatrics,H02,98945
A00335,P00335,01/01/2023,10/01/2023,Neurology,H05,92804
A00336,P00336,2023/05/31,2023/06/07,Neurology,H02,49275
A00337,P00337,Nov 30 2023,Dec 10 2023,ICU,H04,204064
A00338,P00338,2024/11/24,2024/11/29,Emergency,H07,58974
A00339,P00339,22-08-2023,01-09-2023,Emergency,H06,72415
A00340,P00340,Sep 02 2024,Sep 03 2024,Emergency,H06,57707
A00341,P00341,Nov 25 2023,Dec 02 2023,ICU,H06,99973
A00342,P00342,2023-07-23,2023-07-31,Emergency,H08,20258
A00343,P00343,2023-08-11,2023-08-12,Pediatrics,H02,44221
A00344,P00344,17/01/2023,29/01/2023,ICU,H04,216462
A00345,P00345,2024/01/25,2024/01/29,Pediatrics,H03,184017
A00346,P00346,2023/12/26,2024/01/06,ICU,H04,213333
A00347,P00347,10/07/2023,22/07/2023,Orthopedic,H08,58609
A00348,P00348,02-10-2023,06-10-2023,Cardiology,H07,161864
A00349,P00349,2024/11/14,2024/11/15,Cardiology,H02,213915
A00350,P00350,04-02-2023,05-02-2023,Emergency,H07,84262
A00351,P00351,2024-02-10,2024-02-22,Neurology,H03,120963
A00352,P00352,Feb 28 2024,Mar 04 2024,Oncology,H08,247214
A00353,P00353,25-07-2024,05-08-2024,Neurology,H08,186102
A00354,P00354,Jun 10 2024,Jun 20 2024,Pediatrics,H05,100175
A00355,P00355,2023/04/04,2023/04/11,Cardiology,H01,213393
A00356,P00356,05/09/2024,13/09/2024,ICU,H05,30356
A00357,P00357,Nov 03 2024,Nov 14 2024,Cardiology,H01,151598
A00358,P00358,Oct 20 2023,Nov 02 2023,Oncology,H04,133671
A00359,P00359,2023/10/06,2023/10/13,Oncology,H05,155640
A00360,P00360,2023/09/19,2023/10/02,Pediatrics,H04,60943
A00361,P00361,2024/07/06,2024/07/19,Cardiology,H06,148943
A00362,P00362,14-05-2023,24-05-2023,Pediatrics,H06,12862
A00363,P00363,2024/02/03,2024/02/09,Cardiology,H04,245750
A00364,P00364,29-03-2024,11-04-2024,Orthopedic,H08,239338
A00365,P00365,2024-03-29,2024-04-08,Oncology,H04,143586
A00366,P00366,Mar 31 2024,Apr 04 2024,Orthopedic,H06,218722
A00367,P00367,14-02-2023,28-02-2023,Emergency,H06,110716
A00368,P00368,25/09/2024,04/10/2024,ICU,H03,15636
A00369,P00369,2023-11-28,2023-12-01,Cardiology,H07,67847
A00370,P00370,2023/10/15,2023/10/28,Pediatrics,H03,164451
A00371,P00371,29/09/2023,04/10/2023,Oncology,H04,208037
A00372,P00372,Jan 02 2024,Jan 11 2024,Emergency,H06,111351
A00373,P00373,2023-07-01,2023-07-04,Cardiology,H06,220023
A00374,P00374,2024-02-03,2024-02-17,Emergency,H08,66639
A00375,P00375,2023-03-07,2023-03-16,Cardiology,H04,148104
A00376,P00376,Dec 05 2023,Dec 12 2023,Orthopedic,H07,168026
A00377,P00377,2024-03-13,2024-03-28,Emergency,H01,83552
A00378,P00378,2023/08/06,2023/08/13,ICU,H05,73041
A00379,P00379,2024/04/15,2024/04/27,Emergency,H02,244601
A00380,P00380,2024-11-03,2024-11-10,Neurology,H03,26250
A00381,P00381,Apr 29 2023,Apr 30 2023,Neurology,H07,202803
A00382,P00382,Nov 17 2023,Nov 26 2023,ICU,H02,211740
A00383,P00383,15-10-2024,30-10-2024,Cardiology,H01,172465
A00384,P00384,2023-11-06,2023-11-12,Emergency,H04,141612
A00385,P00385,09/08/2023,15/08/2023,Oncology,H07,39346
A00386,P00386,2024/11/08,2024/11/09,Oncology,H04,31323
A00387,P00387,Jun 11 2024,Jun 17 2024,Cardiology,H01,201400
A00388,P00388,21-06-2023,20-06-2023,Oncology,H08,210889
A00389,P00389,17-07-2023,18-07-2023,Cardiology,H02,32768
A00390,P00390,Jul 08 2023,Jul 21 2023,Oncology,H08,97751
A00391,P00391,07-04-2023,09-04-2023,Orthopedic,H01,243871
A00392,P00392,2024-01-30,2024-02-09,Emergency,H02,82385
A00393,P00393,2023/07/14,2023/07/25,Pediatrics,H06,210628
A00394,P00394,Feb 07 2023,Feb 13 2023,Emergency,H02,36670
A00395,P00395,18-11-2024,22-11-2024,Oncology,H07,
A00396,P00396,2024/06/29,2024/07/01,ICU,H08,136508
A00397,P00397,2023/03/20,2023/03/21,Cardiology,H05,145579
A00398,P00398,16/09/2024,26/09/2024,Neurology,H03,228003
A00399,P00399,Jul 25 2024,Jul 26 2024,Pediatrics,H02,133554
A00400,P00400,2024/09/06,2024/09/08,Emergency,H04,45291
A00401,P00401,01/08/2023,03/08/2023,Neurology,H05,204860
A00402,P00402,Aug 13 2024,Aug 16 2024,Cardiology,H05,40328
A00403,P00403,2023-02-12,2023-02-26,ICU,H02,60888
A00404,P00404,2024/04/27,2024/05/03,Emergency,H06,141878
A00405,P00405,30/01/2024,11/02/2024,Orthopedic,H01,122693
A00406,P00406,2024/02/02,2024/02/04,Pediatrics,H03,22902
A00407,P00407,29/02/2024,12/03/2024,Pediatrics,H04,13604
A00408,P00408,2023/03/02,2023/03/12,Orthopedic,H02,222623
A00409,P00409,Mar 15 2024,Mar 23 2024,Cardiology,H03,181625
A00410,P00410,2023-04-23,2023-05-02,Cardiology,H02,118147
A00411,P00411,2024-07-09,2024-07-24,Pediatrics,H03,36834
A00412,P00412,15/11/2024,29/11/2024,Emergency,H04,183139
A00413,P00413,2023-07-20,2023-07-23,Orthopedic,H08,90077
A00414,P00414,17/08/2024,18/08/2024,Oncology,H03,117509
A00415,P00415,2023-08-15,,Oncology,H06,79577
A00416,P00416,2024/09/06,2024/09/15,Pediatrics,H02,177518
A00417,P00417,21-01-2023,02-02-2023,Pediatrics,H02,106424
A00418,P00418,2024/08/07,2024/08/21,Cardiology,H05,148542
A00419,P00419,2024-01-03,2024-01-09,Cardiology,H02,47802
A00420,P00420,2023-05-25,2023-06-08,Oncology,H07,61925
A00421,P00421,07-01-2023,09-01-2023,Oncology,H05,111154
A00422,P00422,16-04-2023,29-04-2023,Cardiology,H05,999999
A00423,P00423,2023/09/19,2023/10/03,Emergency,H02,16141
A00424,P00424,2024/09/17,2024/10/02,Orthopedic,H01,31792
A00425,P00425,19/07/2024,24/07/2024,Emergency,H06,116372
A00426,P00426,Sep 27 2023,Oct 07 2023,Orthopedic,H01,234449
A00427,P00427,2024-02-18,2024-02-28,Oncology,H06,183285
A00428,P00428,2024-05-28,2024-06-04,Neurology,H08,221975
A00429,P00429,Sep 26 2023,Oct 03 2023,Emergency,H04,118298
A00430,P00430,01-12-2024,12-12-2024,Oncology,H06,148230
A00431,P00431,2024-08-08,2024-08-16,Neurology,H05,72604
A00432,P00432,Mar 22 2023,Mar 25 2023,Emergency,H01,179366
A00433,P00433,25-10-2023,31-10-2023,Oncology,H08,124092
A00434,P00434,17/03/2024,23/03/2024,Neurology,H05,227290
A00435,P00435,2024/04/10,2024/04/23,Emergency,H02,107376
A00436,P00436,Sep 06 2024,Sep 10 2024,Cardiology,H07,16769
A00437,P00437,2023/10/20,2023/10/23,Pediatrics,H07,142477
A00438,P00438,2023/05/07,2023/05/12,Pediatrics,H07,181238
A00439,P00439,Jun 15 2024,Jun 25 2024,Cardiology,H03,242669
A00440,P00440,01/02/2024,11/02/2024,ICU,H07,216455
A00441,P00441,2023-03-28,2023-04-10,ICU,H03,107296
A00442,P00442,2024/07/07,2024/07/14,Oncology,H04,7065
A00443,P00443,12-11-2023,21-11-2023,Orthopedic,H07,38416
A00444,P00444,15-07-2024,30-07-2024,Oncology,H07,170498
A00445,P00445,2024-05-09,2024-05-11,Orthopedic,H07,108765
A00446,P00446,2023/06/11,2023/06/23,Oncology,H05,133731
A00447,P00447,15/02/2023,17/02/2023,Orthopedic,H08,240102
A00448,P00448,16/05/2023,18/05/2023,Neurology,H06,192904
A00449,P00449,Jun 01 2023,Jun 04 2023,Orthopedic,H03,58235
A00450,P00450,2023/12/16,2023/12/30,Cardiology,H06,13872
A00451,P00451,19-06-2024,24-06-2024,ICU,H02,162339
A00452,P00452,08/04/2024,10/04/2024,Oncology,H01,99887
A00453,P00453,14/12/2023,15/12/2023,Orthopedic,H04,169085
A00454,P00454,05/12/2023,18/12/2023,Neurology,H02,27978
A00455,P00455,Jun 11 2024,Jun 17 2024,ICU,H01,245790
A00456,P00456,04-12-2023,18-12-2023,Neurology,H05,168492
A00457,P00457,10/11/2024,14/11/2024,Neurology,H02,44170
A00458,P00458,07-01-2023,09-01-2023,Neurology,H05,236523
A00459,P00459,22/09/2023,04/10/2023,Oncology,H05,33574
A00460,P00460,2024-10-18,2024-10-23,Cardiology,H08,230999
A00461,P00461,08/06/2024,13/06/2024,Oncology,H04,187102
A00462,P00462,2024/11/28,2024/12/13,ICU,H03,223752
A00463,P00463,2023-11-08,2023-11-21,Cardiology,H02,43951
A00464,P00464,13-03-2024,16-03-2024,Cardiology,H04,64791
A00465,P00465,18-05-2024,28-05-2024,Pediatrics,H02,231884
A00466,P00466,2024-05-29,2024-06-09,Cardiology,H07,9061
A00467,P00467,Jun 04 2023,Jun 07 2023,Orthopedic,H08,112059
A00468,P00468,15-06-2024,28-06-2024,ICU,H04,216165
A00469,P00469,Nov 26 2024,Dec 02 2024,ICU,H08,137103
A00470,P00470,Oct 17 2023,Oct 31 2023,ICU,H04,38422
A00471,P00471,04-11-2023,13-11-2023,Neurology,H04,144771
A00472,P00472,20/05/2024,26/05/2024,Orthopedic,H03,86478
A00473,P00473,May 12 2023,May 16 2023,Cardiology,H02,90704
A00474,P00474,22-04-2024,03-05-2024,Emergency,H03,
A00475,P00475,2024-07-20,2024-07-26,Neurology,H05,17074
A00476,P00476,Dec 11 2023,Dec 15 2023,Pediatrics,H03,150232
A00477,P00477,2024/06/07,2024/06/10,Orthopedic,H08,6865
A00478,P00478,2024/02/11,2024/02/18,ICU,H01,104533
A00479,P00479,29/06/2024,08/07/2024,ICU,H05,148125
A00480,P00480,25-11-2023,03-12-2023,Pediatrics,H03,25717
A00481,P00481,2023/02/26,2023/03/04,Cardiology,H04,59422
A00482,P00482,04-02-2024,10-02-2024,Neurology,H02,163381
A00483,P00483,16/01/2024,23/01/2024,Cardiology,H01,38657
A00484,P00484,May 07 2024,May 19 2024,Cardiology,H05,240530
A00485,P00485,27/09/2023,26/09/2023,Oncology,H02,171610
A00486,P00486,2023/01/16,2023/01/18,Orthopedic,H06,77709
A00487,P00487,26-05-2023,08-06-2023,Emergency,H07,232348
A00488,P00488,Nov 10 2023,Nov 22 2023,Orthopedic,H05,125942
A00489,P00489,29/07/2023,31/07/2023,Oncology,H08,161017
A00490,P00490,2023-04-10,2023-04-21,Orthopedic,H04,228161
A00491,P00491,21/08/2023,05/09/2023,Oncology,H08,77516
A00492,P00492,18-06-2023,25-06-2023,Emergency,H08,225725
A00493,P00493,2023-01-30,2023-01-31,Cardiology,H04,201609
A00494,P00494,Oct 10 2024,Oct 14 2024,Orthopedic,H08,82199
A00495,P00495,09-01-2024,21-01-2024,Oncology,H07,98308
A00496,P00496,2024-10-03,2024-10-15,Emergency,H02,144115
A00497,P00497,02-05-2024,09-05-2024,Pediatrics,H03,19073
A00498,P00498,Apr 29 2023,,Neurology,H08,159865
A00499,P00499,Sep 13 2024,Sep 17 2024,ICU,H04,124627
A00500,P00500,11/06/2024,19/06/2024,Orthopedic,H01,241721
A00501,P00501,04/08/2023,06/08/2023,Neurology,H03,46989
A00502,P00502,23-08-2023,29-08-2023,Emergency,H01,74216
A00503,P00503,2024-03-25,2024-03-30,Neurology,H02,123087
A00504,P00504,16-11-2023,20-11-2023,ICU,H08,214074
A00505,P00505,2023/11/14,2023/11/22,Oncology,H08,194545
A00506,P00506,2023-09-19,2023-09-27,Neurology,H07,9718
A00507,P00507,2024/01/30,2024/02/13,Orthopedic,H07,204837
A00508,P00508,2023-01-13,2023-01-24,ICU,H03,122776
A00509,P00509,15-06-2023,29-06-2023,Cardiology,H03,45541
A00510,P00510,22-10-2024,25-10-2024,Emergency,H04,36699
A00511,P00511,2024/05/30,2024/06/13,Neurology,H08,145819
A00512,P00512,Jul 22 2024,Aug 04 2024,Neurology,H07,120438
A00513,P00513,25/09/2023,05/10/2023,Neurology,H01,58999
A00514,P00514,Nov 03 2023,Nov 14 2023,Oncology,H07,158676
A00515,P00515,06/08/2024,17/08/2024,Cardiology,H07,204357
A00516,P00516,2024/02/15,2024/02/16,Orthopedic,H06,237638
A00517,P00517,2023-08-26,2023-08-29,Orthopedic,H05,58053
A00518,P00518,Jul 30 2023,Aug 08 2023,Pediatrics,H05,217696
A00519,P00519,15-08-2024,17-08-2024,Emergency,H05,34482
A00520,P00520,Mar 19 2024,Mar 21 2024,Orthopedic,H03,45375
A00521,P00521,2023-05-02,2023-05-16,Pediatrics,H04,106921
A00522,P00522,23-04-2024,04-05-2024,ICU,H01,28159
A00523,P00523,11-11-2023,23-11-2023,Neurology,H07,195274
A00524,P00524,16-09-2023,18-09-2023,Pediatrics,H07,26800
A00525,P00525,13-12-2023,19-12-2023,Orthopedic,H06,247670
A00526,P00526,Aug 09 2024,Aug 12 2024,Emergency,H04,24202
A00527,P00527,26-05-2024,08-06-2024,Cardiology,H04,56729
A00528,P00528,24/02/2024,10/03/2024,ICU,H06,185708
A00529,P00529,2024/08/13,2024/08/16,ICU,H08,133152
A00530,P00530,13-03-2024,21-03-2024,ICU,H06,129843
A00531,P00531,04/08/2024,10/08/2024,Emergency,H07,211651
A00532,P00532,15/03/2023,29/03/2023,Orthopedic,H02,208307
A00533,P00533,May 12 2024,May 22 2024,Emergency,H06,24129
A00534,P00534,14-08-2023,15-08-2023,Pediatrics,H05,148583
A00535,P00535,2023/07/03,2023/07/16,Oncology,H03,133814
A00536,P00536,16/07/2023,26/07/2023,Cardiology,H08,164103
A00537,P00537,2024-02-20,2024-02-26,Cardiology,H01,231986
A00538,P00538,2023-04-07,2023-04-09,Emergency,H02,63705
A00539,P00539,Dec 09 2023,Dec 18 2023,Orthopedic,H05,5058
A00540,P00540,07/07/2023,14/07/2023,ICU,H03,70828
A00541,P00541,Mar 18 2023,Mar 28 2023,Cardiology,H02,163258
A00542,P00542,03-01-2023,10-01-2023,Oncology,H07,30493
A00543,P00543,2023/09/14,2023/09/26,Cardiology,H05,163754
A00544,P00544,05-10-2024,15-10-2024,Orthopedic,H08,28478
A00545,P00545,18-08-2023,29-08-2023,Cardiology,H07,246732
A00546,P00546,10-04-2024,20-04-2024,ICU,H04,104848
A00547,P00547,2024/02/01,2024/02/04,Emergency,H07,14586
A00548,P00548,2023-05-02,2023-05-15,Oncology,H04,52507
A00549,P00549,14/04/2024,21/04/2024,Neurology,H03,85098
A00550,P00550,Feb 28 2023,Mar 09 2023,ICU,H08,214305
A00551,P00551,Jun 12 2023,Jun 27 2023,Emergency,H08,100177
A00552,P00552,Apr 17 2023,Apr 23 2023,Pediatrics,H08,244863
A00553,P00553,24/09/2024,27/09/2024,Oncology,H08,
A00554,P00554,2024-04-23,2024-04-25,Pediatrics,H06,35312
A00555,P00555,12-11-2023,14-11-2023,ICU,H08,223506
A00556,P00556,30/07/2023,11/08/2023,Oncology,H07,224334
A00557,P00557,05-01-2023,12-01-2023,Orthopedic,H07,138162
A00558,P00558,04-06-2024,16-06-2024,Oncology,H07,145519
A00559,P00559,2023-03-06,2023-03-21,Emergency,H06,203230
A00560,P00560,20-11-2024,28-11-2024,Orthopedic,H07,57551
A00561,P00561,05-05-2024,10-05-2024,Neurology,H04,222390
A00562,P00562,Feb 25 2024,Mar 01 2024,ICU,H01,236658
A00563,P00563,2023/06/22,2023/06/26,ICU,H07,44421
A00564,P00564,2024/05/19,2024/06/03,Oncology,H06,215219
A00565,P00565,2024/08/31,2024/09/13,Oncology,H05,233557
A00566,P00566,09-12-2023,17-12-2023,Pediatrics,H07,176919
A00567,P00567,30-01-2024,04-02-2024,Emergency,H05,219765
A00568,P00568,2024-03-29,2024-04-04,Oncology,H04,97689
A00569,P00569,2023/10/09,2023/10/24,Oncology,H06,71254
A00570,P00570,2024-10-25,2024-11-06,Neurology,H05,172385
A00571,P00571,Jan 25 2023,Jan 29 2023,ICU,H03,121046
A00572,P00572,2024-09-06,2024-09-15,Orthopedic,H07,195047
A00573,P00573,19/11/2023,30/11/2023,Orthopedic,H06,168510
A00574,P00574,28/01/2023,05/02/2023,Oncology,H06,215955
A00575,P00575,14-10-2023,28-10-2023,Oncology,H08,13529
A00576,P00576,2024-06-21,2024-06-27,Emergency,H04,65180
A00577,P00577,23-07-2023,29-07-2023,ICU,H04,247460
A00578,P00578,11-07-2023,13-07-2023,ICU,H07,69926
A00579,P00579,07-11-2023,08-11-2023,Orthopedic,H01,187616
A00580,P00580,01/05/2024,09/05/2024,Cardiology,H05,59796
A00581,P00581,Mar 31 2023,,ICU,H04,194192
A00582,P00582,Jun 30 2023,Jun 29 2023,Orthopedic,H02,12684
A00583,P00583,16/02/2023,23/02/2023,Emergency,H04,99624
A00584,P00584,2024/06/29,2024/07/10,ICU,H04,157417
A00585,P00585,Jul 26 2023,Aug 10 2023,ICU,H05,108433
A00586,P00586,2024/10/25,2024/10/30,Oncology,H07,186313
A00587,P00587,2024-03-18,2024-03-22,Oncology,H03,62255
A00588,P00588,12/05/2024,26/05/2024,Emergency,H08,210465
A00589,P00589,2023-09-28,2023-10-04,Neurology,H01,160880
A00590,P00590,Aug 12 2024,Aug 26 2024,Cardiology,H01,218835
A00591,P00591,2023-04-01,2023-04-04,ICU,H07,169701
A00592,P00592,2023/02/15,2023/02/28,Cardiology,H06,144806
A00593,P00593,2023/04/28,2023/05/03,Orthopedic,H08,140724
A00594,P00594,02-05-2024,13-05-2024,Neurology,H04,128032
A00595,P00595,2023-08-30,2023-09-06,Orthopedic,H05,27857
A00596,P00596,Aug 09 2023,Aug 17 2023,Pediatrics,H06,231023
A00597,P00597,2023/10/04,2023/10/13,Neurology,H06,159675
A00598,P00598,Jan 24 2023,Feb 04 2023,Oncology,H03,203548
A00599,P00599,2024-02-24,2024-02-27,ICU,H01,204367
A00600,P00600,18-02-2024,26-02-2024,ICU,H08,92587
A00601,P00601,2023/03/03,2023/03/05,Oncology,H02,171856
A00602,P00602,13-06-2023,16-06-2023,Pediatrics,H07,67693
A00603,P00603,08/04/2023,18/04/2023,Neurology,H04,33780
A00604,P00604,2024/05/18,2024/05/23,Emergency,H05,100398
A00605,P00605,2024-11-19,2024-12-01,Neurology,H04,198047
A00606,P00606,2024/05/25,2024/06/09,ICU,H01,136215
A00607,P00607,09-12-2023,22-12-2023,ICU,H02,8069
A00608,P00608,2023/02/15,2023/03/01,Orthopedic,H02,173081
A00609,P00609,2023/01/31,2023/02/05,ICU,H01,15703
A00610,P00610,10-04-2024,14-04-2024,Emergency,H05,204583
A00611,P00611,27-03-2024,08-04-2024,Emergency,H04,75491
A00612,P00612,11/01/2023,16/01/2023,Oncology,H06,140671
A00613,P00613,18/04/2024,25/04/2024,Oncology,H06,248714
A00614,P00614,Nov 06 2024,Nov 18 2024,Cardiology,H05,182836
A00615,P00615,26-09-2023,29-09-2023,Neurology,H01,130621
A00616,P00616,2024-09-21,2024-09-25,Oncology,H08,35850
A00617,P00617,21-07-2024,25-07-2024,Pediatrics,H07,212581
A00618,P00618,20/09/2023,02/10/2023,ICU,H08,26681
A00619,P00619,Jun 15 2024,Jun 27 2024,Emergency,H05,168623
A00620,P00620,Sep 25 2023,Oct 10 2023,Emergency,H06,15917
A00621,P00621,24/08/2024,25/08/2024,Neurology,H01,57403
A00622,P00622,Apr 17 2024,Apr 24 2024,Oncology,H06,6331
A00623,P00623,2023/06/08,2023/06/18,Oncology,H01,168838
A00624,P00624,May 08 2023,May 11 2023,Oncology,H01,59191
A00625,P00625,14-05-2023,24-05-2023,Emergency,H07,177594
A00626,P00626,26/01/2024,30/01/2024,Emergency,H03,10591
A00627,P00627,Sep 09 2023,Sep 23 2023,Orthopedic,H05,109739
A00628,P00628,04/01/2023,05/01/2023,Emergency,H02,120387
A00629,P00629,Dec 28 2023,Jan 10 2024,Oncology,H01,213365
A00630,P00630,2023/07/04,2023/07/08,Neurology,H01,247323
A00631,P00631,01/05/2023,15/05/2023,Emergency,H06,169614
A00632,P00632,2023-08-09,2023-08-18,Orthopedic,H01,
A00633,P00633,Jan 23 2023,Jan 26 2023,Neurology,H02,999999
A00634,P00634,11-11-2024,14-11-2024,Cardiology,H07,188443
A00635,P00635,13/06/2024,26/06/2024,Cardiology,H05,243175
A00636,P00636,2024-06-25,2024-07-08,Cardiology,H04,186696
A00637,P00637,Feb 27 2023,Mar 04 2023,Orthopedic,H08,144116
A00638,P00638,11-08-2023,17-08-2023,Oncology,H08,121251
A00639,P00639,2024/09/06,2024/09/21,Emergency,H03,58627
A00640,P00640,Oct 05 2023,Oct 16 2023,Orthopedic,H04,183234
A00641,P00641,2024-06-22,2024-06-28,Cardiology,H03,229925
A00642,P00642,12/05/2024,26/05/2024,Neurology,H03,182862
A00643,P00643,Mar 23 2024,Apr 06 2024,Emergency,H06,39473
A00644,P00644,11-04-2023,17-04-2023,Oncology,H06,53409
A00645,P00645,2024/01/09,2024/01/20,Oncology,H02,114786
A00646,P00646,Dec 11 2023,Dec 21 2023,Neurology,H01,15752
A00647,P00647,2024-06-09,2024-06-19,Pediatrics,H06,115945
A00648,P00648,Nov 07 2023,Nov 19 2023,ICU,H07,136545
A00649,P00649,Apr 16 2023,Apr 17 2023,Pediatrics,H05,221152
A00650,P00650,08-06-2024,13-06-2024,Pediatrics,H02,158407
A00651,P00651,2023-11-30,2023-12-09,Neurology,H05,154974
A00652,P00652,2023/10/23,2023/11/04,Cardiology,H04,81147
A00653,P00653,2023-12-07,2023-12-15,Oncology,H07,249521
A00654,P00654,Sep 01 2024,Sep 07 2024,Orthopedic,H04,210482
A00655,P00655,Jan 13 2024,Jan 22 2024,Cardiology,H01,138897
A00656,P00656,03/06/2024,14/06/2024,ICU,H08,44988
A00657,P00657,Dec 04 2023,Dec 12 2023,Oncology,H08,206231
A00658,P00658,2024/10/04,2024/10/19,Orthopedic,H06,134278
A00659,P00659,11/08/2024,17/08/2024,Pediatrics,H02,79415
A00660,P00660,10/05/2023,19/05/2023,Neurology,H05,122277
A00661,P00661,23/08/2024,31/08/2024,ICU,H01,161273
A00662,P00662,2023/01/18,2023/01/19,Orthopedic,H06,191304
A00663,P00663,08-01-2024,13-01-2024,Oncology,H05,148502
A00664,P00664,2024/08/05,,Orthopedic,H02,239982
A00665,P00665,2024/03/22,2024/03/25,Pediatrics,H06,56767
A00666,P00666,2024/03/07,2024/03/09,Orthopedic,H06,45380
A00667,P00667,23/08/2024,29/08/2024,Cardiology,H03,241358
A00668,P00668,2024/04/06,2024/04/14,Emergency,H01,74076
A00669,P00669,Jan 20 2024,Jan 22 2024,Neurology,H03,210059
A00670,P00670,17/05/2024,28/05/2024,ICU,H06,131530
A00671,P00671,2023-07-22,2023-07-27,Orthopedic,H02,219181
A00672,P00672,04/10/2024,09/10/2024,ICU,H01,32058
A00673,P00673,Feb 27 2023,Mar 04 2023,Orthopedic,H04,100561
A00674,P00674,Oct 24 2023,Oct 30 2023,Orthopedic,H06,168181
A00675,P00675,21/03/2024,23/03/2024,Emergency,H04,116139
A00676,P00676,Jul 28 2023,Aug 10 2023,Pediatrics,H08,248215
A00677,P00677,2024/02/29,2024/03/09,Emergency,H06,19147
A00678,P00678,Jan 08 2023,Jan 21 2023,Emergency,H02,199987
A00679,P00679,31-01-2023,30-01-2023,Pediatrics,H01,204001
A00680,P00680,28/10/2023,30/10/2023,Cardiology,H06,129164
A00681,P00681,2023/12/04,2023/12/13,Oncology,H03,89163
A00682,P00682,06-04-2023,14-04-2023,Neurology,H04,157848
A00683,P00683,05-02-2024,12-02-2024,Cardiology,H04,237565
A00684,P00684,2023/03/12,2023/03/13,Emergency,H06,142235
A00685,P00685,2024-10-23,2024-10-25,Orthopedic,H06,13758
A00686,P00686,19/07/2024,29/07/2024,Cardiology,H02,25520
A00687,P00687,14/01/2024,17/01/2024,Neurology,H07,16458
A00688,P00688,2023-10-19,2023-10-20,Pediatrics,H04,165193
A00689,P00689,25/11/2024,07/12/2024,Emergency,H07,61920
A00690,P00690,2023/09/06,2023/09/16,Neurology,H01,16158
A00691,P00691,12/11/2024,21/11/2024,Pediatrics,H08,151935
A00692,P00692,15/06/2024,26/06/2024,Emergency,H04,21458
A00693,P00693,Jun 24 2024,Jun 29 2024,Emergency,H02,122910
A00694,P00694,2024/02/27,2024/03/05,Neurology,H05,110953
A00695,P00695,2023-05-19,2023-05-28,Orthopedic,H02,65970
A00696,P00696,Jul 10 2023,Jul 13 2023,Oncology,H07,199735
A00697,P00697,Mar 21 2024,Mar 29 2024,Neurology,H07,77900
A00698,P00698,Nov 11 2023,Nov 25 2023,Orthopedic,H08,12860
A00699,P00699,25-10-2024,29-10-2024,Pediatrics,H03,205932
A00700,P00700,21-05-2024,04-06-2024,ICU,H04,118795
A00701,P00701,28-03-2024,10-04-2024,Orthopedic,H02,175709
A00702,P00702,30-11-2024,08-12-2024,Oncology,H05,121294
A00703,P00703,07-10-2023,17-10-2023,Orthopedic,H07,49240
A00704,P00704,2024/06/23,2024/07/04,Orthopedic,H05,28150
A00705,P00705,29-01-2024,02-02-2024,Emergency,H06,212924
A00706,P00706,2023-09-13,2023-09-26,Orthopedic,H07,90730
A00707,P00707,Feb 18 2024,Feb 29 2024,Neurology,H05,42794
A00708,P00708,11/01/2023,22/01/2023,Oncology,H01,104314
A00709,P00709,22-07-2024,04-08-2024,Orthopedic,H07,103312
A00710,P00710,2024/02/04,2024/02/15,Emergency,H02,216765
A00711,P00711,05-05-2023,08-05-2023,Oncology,H03,
A00712,P00712,13/08/2024,17/08/2024,Oncology,H03,179322
A00713,P00713,2023/09/30,2023/10/09,Neurology,H03,133619
A00714,P00714,23/02/2023,03/03/2023,Neurology,H08,59470
A00715,P00715,Jul 25 2024,Jul 26 2024,Pediatrics,H02,106398
A00716,P00716,28-07-2023,04-08-2023,Orthopedic,H06,133959
A00717,P00717,22-05-2024,26-05-2024,Orthopedic,H06,18489
A00718,P00718,02-12-2023,09-12-2023,Oncology,H06,184958
A00719,P00719,2024/11/22,2024/12/03,Pediatrics,H06,109698
A00720,P00720,16-04-2024,23-04-2024,Pediatrics,H01,152225
A00721,P00721,Feb 25 2023,Mar 03 2023,Oncology,H03,22590
A00722,P00722,2024/02/10,2024/02/21,Orthopedic,H05,116240
A00723,P00723,Sep 08 2024,Sep 12 2024,Neurology,H03,113588
A00724,P00724,2024-04-23,2024-04-29,Cardiology,H05,112763
A00725,P00725,Mar 20 2024,Mar 24 2024,Orthopedic,H05,236423
A00726,P00726,2023-07-01,2023-07-02,Neurology,H02,81503
A00727,P00727,2024/06/06,2024/06/14,ICU,H02,70551
A00728,P00728,13/01/2024,14/01/2024,Orthopedic,H02,70420
A00729,P00729,08-10-2024,10-10-2024,Emergency,H06,154854
A00730,P00730,2024-11-17,2024-11-30,ICU,H06,94215
A00731,P00731,2024-10-04,2024-10-08,Orthopedic,H06,63667
A00732,P00732,20-02-2023,22-02-2023,Orthopedic,H04,169078
A00733,P00733,10/07/2023,22/07/2023,Emergency,H08,152496
A00734,P00734,2024/03/09,2024/03/21,Neurology,H08,58690
A00735,P00735,18-11-2024,30-11-2024,Cardiology,H05,192869
A00736,P00736,12/05/2023,16/05/2023,Cardiology,H01,148646
A00737,P00737,2024-02-16,2024-03-02,Oncology,H02,200031
A00738,P00738,2024-05-17,2024-05-18,Neurology,H03,100323
A00739,P00739,2024-09-09,2024-09-18,Orthopedic,H08,75063
A00740,P00740,Nov 01 2024,Nov 11 2024,Oncology,H07,223073
A00741,P00741,06-01-2024,16-01-2024,Orthopedic,H03,10486
A00742,P00742,2024-04-29,2024-05-11,Orthopedic,H07,52235
A00743,P00743,2023-04-08,2023-04-21,Neurology,H06,81003
A00744,P00744,30/05/2024,31/05/2024,Oncology,H01,86818
A00745,P00745,2024/10/04,2024/10/12,Pediatrics,H06,196777
A00746,P00746,07/05/2023,08/05/2023,Cardiology,H01,117225
A00747,P00747,01/09/2024,,Neurology,H02,238162
A00748,P00748,16-02-2024,26-02-2024,Orthopedic,H06,124478
A00749,P00749,2023/07/25,2023/07/27,ICU,H04,79059
A00750,P00750,2023-06-08,2023-06-13,Cardiology,H03,69442
A00751,P00751,Mar 30 2024,Apr 03 2024,Cardiology,H03,214675
A00752,P00752,2024/02/28,2024/03/06,ICU,H01,97114
A00753,P00753,29/06/2023,03/07/2023,Cardiology,H07,110304
A00754,P00754,Dec 31 2023,Jan 09 2024,ICU,H03,10811
A00755,P00755,2023/09/14,2023/09/20,Orthopedic,H03,91968
A00756,P00756,2024/03/07,2024/03/10,Cardiology,H04,239421
A00757,P00757,2024/02/19,2024/03/02,Neurology,H08,20058
A00758,P00758,2023-11-18,2023-11-19,Orthopedic,H07,7019
A00759,P00759,2024/07/17,2024/07/18,Emergency,H01,116743
A00760,P00760,2023/11/23,2023/11/25,Cardiology,H03,207532
A00761,P00761,27-03-2023,29-03-2023,ICU,H08,227663
A00762,P00762,05/09/2024,18/09/2024,Neurology,H06,52245
A00763,P00763,12-07-2023,25-07-2023,Oncology,H04,65197
A00764,P00764,Jan 18 2023,Jan 23 2023,Orthopedic,H06,143864
A00765,P00765,2023/03/25,2023/03/31,Oncology,H01,129015
A00766,P00766,28-03-2024,02-04-2024,Neurology,H02,54373
A00767,P00767,24/06/2024,25/06/2024,Orthopedic,H03,43772
A00768,P00768,Feb 10 2024,Feb 17 2024,Emergency,H06,201575
A00769,P00769,Oct 05 2024,Oct 17 2024,Emergency,H01,33932
A00770,P00770,2023-05-27,2023-06-01,Oncology,H02,23041
A00771,P00771,Nov 27 2023,Dec 06 2023,Cardiology,H06,137231
A00772,P00772,2023-04-11,2023-04-21,Neurology,H05,63027
A00773,P00773,Feb 05 2024,Feb 17 2024,Neurology,H07,69962
A00774,P00774,27/07/2023,28/07/2023,ICU,H06,87761
A00775,P00775,06/11/2023,14/11/2023,Oncology,H01,188646
A00776,P00776,03-01-2023,02-01-2023,Orthopedic,H02,146625
A00777,P00777,Feb 20 2024,Feb 24 2024,ICU,H01,123184
A00778,P00778,17/10/2024,19/10/2024,ICU,H01,211121
A00779,P00779,2023/10/04,2023/10/05,Oncology,H03,34181
A00780,P00780,16-12-2023,19-12-2023,Pediatrics,H04,149650
A00781,P00781,06-08-2023,18-08-2023,Cardiology,H08,128391
A00782,P00782,19-10-2024,25-10-2024,Emergency,H02,104793
A00783,P00783,2024/04/09,2024/04/19,Orthopedic,H01,121509
A00784,P00784,30-12-2023,01-01-2024,Pediatrics,H04,134389
A00785,P00785,30/07/2024,31/07/2024,Pediatrics,H02,205140
A00786,P00786,Feb 28 2023,Mar 12 2023,Oncology,H02,100180
A00787,P00787,23-01-2024,05-02-2024,Neurology,H04,148706
A00788,P00788,2024-10-28,2024-11-05,Neurology,H07,159365
A00789,P00789,2023/10/22,2023/10/23,Emergency,H05,141087
A00790,P00790,2023-11-04,2023-11-11,Orthopedic,H05,
A00791,P00791,30/12/2023,11/01/2024,Emergency,H04,92568
A00792,P00792,2024/01/13,2024/01/14,ICU,H07,179049
A00793,P00793,2024-01-13,2024-01-23,ICU,H03,73409
A00794,P00794,2023/01/13,2023/01/22,Pediatrics,H06,235879
A00795,P00795,11/03/2024,22/03/2024,Neurology,H08,194068
A00796,P00796,24-04-2023,05-05-2023,Neurology,H07,219637
A00797,P00797,27/01/2023,11/02/2023,Pediatrics,H07,222630
A00798,P00798,2023-03-08,2023-03-17,Emergency,H01,119323
A00799,P00799,2023-05-01,2023-05-11,Oncology,H04,237299
A00800,P00800,2024-03-22,2024-04-01,Cardiology,H05,175224
A00801,P00801,2024-08-08,2024-08-22,Cardiology,H08,150685
A00802,P00802,2023-02-20,2023-03-06,Neurology,H08,56460
A00803,P00803,20/02/2024,29/02/2024,Orthopedic,H08,11323
A00804,P00804,2024/04/21,2024/05/05,Oncology,H01,134961
A00805,P00805,Mar 28 2023,Apr 08 2023,ICU,H03,159316
A00806,P00806,30-01-2024,02-02-2024,Cardiology,H02,235933
A00807,P00807,Jul 30 2024,Aug 06 2024,Pediatrics,H07,174732
A00808,P00808,2023/11/10,2023/11/11,ICU,H04,133675
A00809,P00809,Oct 12 2024,Oct 22 2024,ICU,H02,99900
A00810,P00810,30/08/2024,02/09/2024,Orthopedic,H02,14678
A00811,P00811,Jul 29 2023,Aug 05 2023,Oncology,H08,67956
A00812,P00812,17-10-2023,30-10-2023,Emergency,H03,180693
A00813,P00813,2023-12-27,2023-12-28,Orthopedic,H02,135020
A00814,P00814,2024/03/10,2024/03/22,Oncology,H07,74647
A00815,P00815,2024/10/16,2024/10/20,Emergency,H02,100186
A00816,P00816,18/07/2024,30/07/2024,ICU,H08,34623
A00817,P00817,26-09-2023,04-10-2023,ICU,H08,78964
A00818,P00818,13/09/2024,19/09/2024,Emergency,H06,231313
A00819,P00819,01-11-2024,06-11-2024,Emergency,H04,61665
A00820,P00820,2024/01/17,2024/01/27,Emergency,H08,156699
A00821,P00821,08/05/2023,14/05/2023,Oncology,H01,42904
A00822,P00822,24-03-2023,28-03-2023,Pediatrics,H07,21143
A00823,P00823,2023/09/18,2023/09/29,Cardiology,H03,156500
A00824,P00824,2024/01/26,2024/01/28,Cardiology,H07,156343
A00825,P00825,22-08-2024,26-08-2024,Orthopedic,H04,60264
A00826,P00826,2024-11-25,2024-11-29,Cardiology,H04,169394
A00827,P00827,2024/07/22,2024/07/31,Cardiology,H06,61819
A00828,P00828,2024/10/18,2024/10/27,Emergency,H08,39761
A00829,P00829,18/01/2024,22/01/2024,Oncology,H06,91356
A00830,P00830,2023/07/02,,Cardiology,H03,50000
A00831,P00831,Sep 04 2024,Sep 17 2024,ICU,H05,148880
A00832,P00832,06-05-2024,08-05-2024,Neurology,H03,34815
A00833,P00833,17-02-2024,02-03-2024,Emergency,H04,179182
A00834,P00834,Oct 25 2023,Oct 27 2023,Neurology,H03,123504
A00835,P00835,11/05/2023,21/05/2023,Cardiology,H08,62941
A00836,P00836,2024/10/22,2024/10/31,Orthopedic,H01,118115
A00837,P00837,08-09-2023,19-09-2023,Pediatrics,H08,77588
A00838,P00838,2024-01-18,2024-01-24,ICU,H08,90368
A00839,P00839,09-05-2024,11-05-2024,Orthopedic,H04,125240
A00840,P00840,17/03/2023,28/03/2023,Neurology,H05,83975
A00841,P00841,Oct 18 2024,Oct 22 2024,Neurology,H02,96682
A00842,P00842,Mar 12 2023,Mar 20 2023,Cardiology,H03,97200
A00843,P00843,15/04/2024,16/04/2024,Orthopedic,H01,167241
A00844,P00844,2023/07/12,2023/07/22,Pediatrics,H06,999999
A00845,P00845,Apr 06 2024,Apr 13 2024,Emergency,H05,53877
A00846,P00846,21/07/2023,31/07/2023,ICU,H07,31324
A00847,P00847,2024-04-16,2024-04-29,Emergency,H06,141538
A00848,P00848,2023-11-29,2023-12-06,Oncology,H05,155111
A00849,P00849,22-08-2023,02-09-2023,Orthopedic,H05,245089
A00850,P00850,2023-04-19,2023-05-02,Cardiology,H01,192918
A00851,P00851,04/11/2023,18/11/2023,Oncology,H08,132607
A00852,P00852,24-09-2023,28-09-2023,Orthopedic,H03,96437
A00853,P00853,2023-04-28,2023-04-30,Emergency,H02,228032
A00854,P00854,01-06-2024,16-06-2024,Emergency,H07,172870
A00855,P00855,17-09-2024,28-09-2024,Neurology,H03,34785
A00856,P00856,04-10-2024,08-10-2024,ICU,H06,101917
A00857,P00857,04-08-2023,09-08-2023,Emergency,H02,213817
A00858,P00858,2023-04-14,2023-04-20,ICU,H01,192862
A00859,P00859,Jul 13 2023,Jul 21 2023,ICU,H01,101844
A00860,P00860,2024-10-20,2024-11-03,ICU,H05,224444
A00861,P00861,2023/06/15,2023/06/18,Oncology,H06,84138
A00862,P00862,Nov 28 2023,Dec 05 2023,Cardiology,H03,47642
A00863,P00863,07/05/2023,13/05/2023,Orthopedic,H07,190872
A00864,P00864,29/09/2024,02/10/2024,Neurology,H05,178961
A00865,P00865,2023/01/05,2023/01/19,Cardiology,H08,230469
A00866,P00866,Sep 10 2023,Sep 14 2023,ICU,H07,77402
A00867,P00867,05-03-2023,20-03-2023,Oncology,H05,94265
A00868,P00868,2024-04-28,2024-05-10,Cardiology,H07,178537
A00869,P00869,21/02/2023,08/03/2023,Emergency,H02,
A00870,P00870,2023/02/22,2023/03/04,Orthopedic,H02,207844
A00871,P00871,05/02/2024,11/02/2024,Cardiology,H05,39986
A00872,P00872,2024-10-09,2024-10-21,Cardiology,H03,51483
A00873,P00873,Jun 19 2023,Jun 18 2023,ICU,H06,32969
A00874,P00874,2024-02-13,2024-02-20,Cardiology,H06,139898
A00875,P00875,Mar 22 2024,Apr 02 2024,Cardiology,H06,222579
A00876,P00876,2023-10-04,2023-10-08,Pediatrics,H04,62234
A00877,P00877,2024/03/21,2024/03/27,Oncology,H01,196579
A00878,P00878,24-05-2023,30-05-2023,Oncology,H02,161573
A00879,P00879,2023/12/03,2023/12/15,Orthopedic,H02,203971
A00880,P00880,25-03-2024,27-03-2024,Orthopedic,H08,179845
A00881,P00881,15/07/2024,25/07/2024,Pediatrics,H06,20609
A00882,P00882,Jul 01 2023,Jul 11 2023,Neurology,H02,51735
A00883,P00883,2024-08-21,2024-09-01,Cardiology,H05,184719
A00884,P00884,13-06-2023,23-06-2023,Emergency,H05,243679
A00885,P00885,2024-05-30,2024-06-04,Orthopedic,H01,33877
A00886,P00886,28/03/2023,11/04/2023,Orthopedic,H07,139540
A00887,P00887,14-08-2024,18-08-2024,Cardiology,H05,157171
A00888,P00888,2023/06/22,2023/06/28,Cardiology,H02,45327
A00889,P00889,2023-06-16,2023-06-18,Orthopedic,H01,123023
A00890,P00890,2023-06-05,2023-06-15,Emergency,H05,241498
A00891,P00891,2023/11/11,2023/11/21,Emergency,H07,136909
A00892,P00892,Feb 17 2024,Feb 27 2024,Emergency,H02,82934
A00893,P00893,09/07/2024,17/07/2024,Oncology,H02,53920
A00894,P00894,2023/09/11,2023/09/19,Pediatrics,H06,237499
A00895,P00895,2024-09-13,2024-09-28,Orthopedic,H05,114141
A00896,P00896,16-10-2024,18-10-2024,Orthopedic,H04,243251
A00897,P00897,2023-06-03,2023-06-12,Cardiology,H02,176607
A00898,P00898,11/04/2023,12/04/2023,Orthopedic,H03,140628
A00899,P00899,2023-08-11,2023-08-17,Oncology,H03,110550
A00900,P00900,Aug 30 2023,Sep 02 2023,Orthopedic,H01,147382
A00901,P00901,09/05/2023,24/05/2023,Pediatrics,H05,195454
A00902,P00902,09/02/2024,16/02/2024,Oncology,H02,129941
A00903,P00903,06/10/2024,19/10/2024,Cardiology,H03,46444
A00904,P00904,17/11/2023,02/12/2023,Oncology,H05,223898
A00905,P00905,12/06/2023,21/06/2023,ICU,H01,116125
A00906,P00906,2024/04/03,2024/04/10,Orthopedic,H03,12769
A00907,P00907,25/09/2024,06/10/2024,Pediatrics,H08,171325
A00908,P00908,2024/10/17,2024/10/29,ICU,H05,108583
A00909,P00909,23-02-2023,07-03-2023,Oncology,H08,234772
A00910,P00910,13/05/2024,15/05/2024,ICU,H06,15411
A00911,P00911,Jul 02 2023,Jul 16 2023,Cardiology,H01,185394
A00912,P00912,04/09/2023,16/09/2023,Oncology,H06,14383
A00913,P00913,2023-03-16,,Oncology,H08,181479
A00914,P00914,May 29 2023,Jun 11 2023,Oncology,H03,126097
A00915,P00915,Dec 19 2023,Dec 22 2023,Orthopedic,H05,118314
A00916,P00916,2023/03/08,2023/03/20,Pediatrics,H04,217552
A00917,P00917,30/08/2024,07/09/2024,ICU,H04,226250
A00918,P00918,17-08-2024,23-08-2024,Neurology,H04,188321
A00919,P00919,2024-07-22,2024-08-04,Neurology,H04,149528
A00920,P00920,26/01/2024,06/02/2024,Neurology,H08,169248
A00921,P00921,2024/07/16,2024/07/25,ICU,H01,10594
A00922,P00922,08/10/2023,19/10/2023,Neurology,H06,234743
A00923,P00923,12/04/2024,14/04/2024,Emergency,H06,141593
A00924,P00924,15/08/2024,17/08/2024,Cardiology,H07,220120
A00925,P00925,29-11-2024,09-12-2024,Pediatrics,H02,54043
A00926,P00926,28/10/2024,03/11/2024,Orthopedic,H08,70390
A00927,P00927,Feb 28 2023,Mar 01 2023,ICU,H01,218672
A00928,P00928,2024/05/22,2024/05/28,Pediatrics,H05,6606
A00929,P00929,Aug 02 2024,Aug 13 2024,Emergency,H07,156484
A00930,P00930,Jul 22 2023,Jul 30 2023,Emergency,H07,104060
A00931,P00931,29/02/2024,13/03/2024,Neurology,H01,23531
A00932,P00932,30-11-2023,06-12-2023,Emergency,H05,24125
A00933,P00933,Jul 19 2024,Jul 31 2024,Orthopedic,H03,99108
A00934,P00934,Jun 16 2023,Jun 26 2023,Orthopedic,H02,92244
A00935,P00935,20/07/2023,01/08/2023,Pediatrics,H06,14062
A00936,P00936,2024-09-19,2024-09-25,Cardiology,H07,82108
A00937,P00937,Aug 02 2023,Aug 04 2023,Pediatrics,H02,246360
A00938,P00938,27-01-2023,03-02-2023,Orthopedic,H06,135517
A00939,P00939,20/04/2023,04/05/2023,ICU,H04,216468
A00940,P00940,Feb 16 2024,Feb 28 2024,Cardiology,H06,163703
A00941,P00941,Feb 01 2023,Feb 03 2023,Neurology,H08,133774
A00942,P00942,26/05/2023,30/05/2023,Neurology,H07,73371
A00943,P00943,13-05-2024,26-05-2024,ICU,H01,217294
A00944,P00944,23/07/2023,27/07/2023,Oncology,H02,171016
A00945,P00945,24-05-2023,26-05-2023,Cardiology,H04,120696
A00946,P00946,Dec 28 2023,Jan 08 2024,Pediatrics,H06,121161
A00947,P00947,2023-05-23,2023-05-25,Neurology,H08,241757
A00948,P00948,21-11-2023,28-11-2023,Neurology,H08,
A00949,P00949,2023-08-11,2023-08-13,Emergency,H04,85167
A00950,P00950,2023-09-02,2023-09-17,Emergency,H07,9233
A00951,P00951,15/06/2023,16/06/2023,ICU,H06,219017
A00952,P00952,Aug 18 2024,Aug 29 2024,Cardiology,H01,222716
A00953,P00953,29-08-2023,31-08-2023,Oncology,H01,138544
A00954,P00954,2023/09/07,2023/09/12,Orthopedic,H02,148429
A00955,P00955,2024-11-24,2024-12-09,Neurology,H02,16673
A00956,P00956,27/05/2024,01/06/2024,Pediatrics,H05,24871
A00957,P00957,25-01-2023,27-01-2023,Cardiology,H03,122372
A00958,P00958,Jun 14 2024,Jun 21 2024,ICU,H08,21431
A00959,P00959,2024/06/29,2024/07/10,Pediatrics,H04,212759
A00960,P00960,2023-07-08,2023-07-13,Emergency,H08,153864
A00961,P00961,12/01/2023,23/01/2023,Cardiology,H05,38648
A00962,P00962,Jul 12 2023,Jul 23 2023,Orthopedic,H04,134912
A00963,P00963,Jul 29 2023,Aug 03 2023,Cardiology,H01,39002
A00964,P00964,Feb 26 2024,Feb 28 2024,Cardiology,H01,233272
A00965,P00965,2023/10/29,2023/10/30,Cardiology,H05,22206
A00966,P00966,24/04/2023,26/04/2023,Orthopedic,H06,66449
A00967,P00967,2023/12/08,2023/12/18,Neurology,H01,84550
A00968,P00968,28/04/2024,09/05/2024,Neurology,H04,183509
A00969,P00969,Sep 03 2024,Sep 10 2024,Oncology,H08,202924
A00970,P00970,2023-05-14,2023-05-13,Oncology,H02,104030
A00971,P00971,19-06-2024,04-07-2024,Emergency,H08,203837
A00972,P00972,2024/07/21,2024/07/29,ICU,H08,116023
A00973,P00973,2024-01-15,2024-01-19,ICU,H08,136098
A00974,P00974,2024-11-03,2024-11-06,Neurology,H02,212050
A00975,P00975,29-06-2024,03-07-2024,ICU,H03,166146
A00976,P00976,Feb 12 2023,Feb 21 2023,Neurology,H01,129925
A00977,P00977,Oct 09 2023,Oct 11 2023,Orthopedic,H06,158859
A00978,P00978,16-12-2023,23-12-2023,Emergency,H02,248634
A00979,P00979,2024/10/22,2024/11/05,Neurology,H05,194842
A00980,P00980,27-04-2023,06-05-2023,Pediatrics,H01,240622
A00981,P00981,25-05-2024,05-06-2024,Oncology,H05,110575
A00982,P00982,2024-11-24,2024-11-28,Pediatrics,H02,169201
A00983,P00983,2023/12/23,2024/01/05,Emergency,H06,88623
A00984,P00984,26/09/2024,11/10/2024,Cardiology,H06,154088
A00985,P00985,2023/09/02,2023/09/14,Cardiology,H06,41754
A00986,P00986,Oct 13 2023,Oct 23 2023,Oncology,H04,55125
A00987,P00987,20/08/2024,28/08/2024,Pediatrics,H06,26273
A00988,P00988,2023-09-15,2023-09-22,Emergency,H06,64743
A00989,P00989,2024/03/06,2024/03/07,Cardiology,H08,41771
A00990,P00990,2024-10-12,2024-10-25,Neurology,H08,98091
A00991,P00991,Jul 26 2024,Jul 29 2024,Pediatrics,H06,19462
A00992,P00992,Jan 03 2024,Jan 15 2024,Oncology,H04,93231
A00993,P00993,Nov 20 2024,Nov 25 2024,Oncology,H01,79033
A00994,P00994,05-04-2024,17-04-2024,Pediatrics,H07,160577
A00995,P00995,2024/04/11,2024/04/23,Oncology,H03,136946
A00996,P00996,21/10/2024,,Oncology,H01,32748
A00997,P00997,2023/02/09,2023/02/22,Pediatrics,H01,41657
A00998,P00998,2023-10-11,2023-10-24,Emergency,H05,203206
A00999,P00999,2024-05-21,2024-05-23,Neurology,H05,210072
A01000,P01000,2024-02-17,2024-02-29,Orthopedic,H08,121285
A01001,P01001,2024-07-04,2024-07-19,Cardiology,H01,78266
A01002,P01002,15-11-2023,22-11-2023,ICU,H02,112178
A01003,P01003,2024/06/18,2024/06/23,Neurology,H07,76675
A01004,P01004,May 10 2023,May 15 2023,ICU,H01,220934
A01005,P01005,22-09-2023,01-10-2023,ICU,H02,113639
A01006,P01006,2023-04-28,2023-04-30,ICU,H08,136617
A01007,P01007,15/01/2023,19/01/2023,Orthopedic,H08,46164
A01008,P01008,Feb 18 2023,Mar 01 2023,Neurology,H01,82006
A01009,P01009,19/04/2024,22/04/2024,Oncology,H07,85729
A01010,P01010,2024/11/06,2024/11/19,Emergency,H08,143965
A01011,P01011,Nov 04 2024,Nov 14 2024,Oncology,H01,217673
A01012,P01012,2023-08-07,2023-08-12,Neurology,H02,214215
A01013,P01013,2024/04/20,2024/04/30,Pediatrics,H03,160923
A01014,P01014,2023/09/25,2023/10/09,Neurology,H05,155368
A01015,P01015,2024-04-23,2024-04-28,Emergency,H02,229152
A01016,P01016,18/04/2023,19/04/2023,Emergency,H07,29443
A01017,P01017,23/10/2023,26/10/2023,Cardiology,H05,69870
A01018,P01018,2024/01/01,2024/01/15,Cardiology,H02,102408
A01019,P01019,2023/06/20,2023/06/26,Cardiology,H08,160891
A01020,P01020,2023-02-28,2023-03-04,Neurology,H08,76100
A01021,P01021,05/10/2023,17/10/2023,Neurology,H06,225954
A01022,P01022,2024/01/26,2024/01/31,Oncology,H06,12427
A01023,P01023,2023/08/04,2023/08/07,Cardiology,H03,87628
A01024,P01024,2023-07-30,2023-08-01,Orthopedic,H05,220382
A01025,P01025,2023-04-22,2023-04-24,Oncology,H01,160155
A01026,P01026,17/10/2024,18/10/2024,Cardiology,H08,104399
A01027,P01027,15/04/2023,27/04/2023,ICU,H04,
A01028,P01028,2023-02-24,2023-03-02,Neurology,H03,233364
A01029,P01029,Mar 19 2023,Mar 24 2023,Pediatrics,H07,47978
A01030,P01030,24/03/2024,05/04/2024,Orthopedic,H04,202688
A01031,P01031,Jul 27 2024,Aug 07 2024,Orthopedic,H07,40674
A01032,P01032,2023-05-03,2023-05-17,Cardiology,H06,112310
A01033,P01033,15-11-2024,25-11-2024,Emergency,H05,192543
A01034,P01034,04/10/2023,11/10/2023,Pediatrics,H02,212645
A01035,P01035,Jun 30 2024,Jul 14 2024,Orthopedic,H06,221801
A01036,P01036,2023/08/03,2023/08/16,Orthopedic,H03,207893
A01037,P01037,16-02-2024,19-02-2024,Pediatrics,H06,193700
A01038,P01038,03-03-2023,05-03-2023,Oncology,H05,75703
A01039,P01039,02/02/2023,15/02/2023,Neurology,H04,55201
A01040,P01040,22-12-2023,28-12-2023,Neurology,H06,160493
A01041,P01041,2024-06-07,2024-06-19,Pediatrics,H06,59068
A01042,P01042,22/10/2024,31/10/2024,Cardiology,H06,140756
A01043,P01043,2023/01/29,2023/02/04,Oncology,H08,16946
A01044,P01044,12-11-2024,14-11-2024,Pediatrics,H08,158592
A01045,P01045,Aug 05 2023,Aug 10 2023,Oncology,H05,211664
A01046,P01046,May 15 2023,May 18 2023,Pediatrics,H08,78531
A01047,P01047,2024/05/19,2024/05/27,Orthopedic,H05,71351
A01048,P01048,2024/08/02,2024/08/07,Emergency,H04,213227
A01049,P01049,Feb 04 2023,Feb 11 2023,Oncology,H01,79006
A01050,P01050,2023/02/19,2023/02/20,Emergency,H03,106327
A01051,P01051,Feb 04 2024,Feb 13 2024,Neurology,H08,118872
A01052,P01052,Jan 08 2024,Jan 21 2024,ICU,H08,59497
A01053,P01053,30/08/2024,12/09/2024,Oncology,H06,237251
A01054,P01054,Oct 29 2024,Nov 09 2024,ICU,H01,215884
A01055,P01055,2024-08-19,2024-08-22,Cardiology,H01,999999
A01056,P01056,2023-09-18,2023-09-26,Oncology,H06,46198
A01057,P01057,Sep 17 2023,Sep 29 2023,Emergency,H07,56934
A01058,P01058,2023-02-14,2023-02-27,Cardiology,H04,118807
A01059,P01059,May 25 2023,Jun 02 2023,ICU,H03,13147
A01060,P01060,11/02/2024,17/02/2024,Oncology,H02,180224
A01061,P01061,May 03 2024,May 07 2024,Pediatrics,H07,37604
A01062,P01062,28/02/2023,03/03/2023,Cardiology,H04,102447
A01063,P01063,27-11-2024,02-12-2024,Pediatrics,H05,69625
A01064,P01064,01/10/2023,09/10/2023,Emergency,H06,150964
A01065,P01065,09/06/2023,16/06/2023,Oncology,H08,28804
A01066,P01066,Aug 28 2024,Sep 07 2024,Pediatrics,H05,113564
A01067,P01067,Dec 11 2023,Dec 10 2023,Pediatrics,H06,188146
A01068,P01068,Sep 30 2024,Oct 14 2024,Pediatrics,H02,124647
A01069,P01069,2023/06/27,2023/07/09,Pediatrics,H02,55605
A01070,P01070,May 19 2024,May 30 2024,Oncology,H03,195809
A01071,P01071,2024-03-25,2024-04-03,Neurology,H03,64921
A01072,P01072,Nov 30 2024,Dec 15 2024,Neurology,H04,11204
A01073,P01073,06/09/2024,13/09/2024,Pediatrics,H03,231098
A01074,P01074,2024/05/02,2024/05/04,ICU,H05,126023
A01075,P01075,Feb 01 2023,Feb 02 2023,Pediatrics,H07,77919
A01076,P01076,Dec 11 2023,Dec 13 2023,Neurology,H07,26173
A01077,P01077,25-08-2023,27-08-2023,Cardiology,H06,37183
A01078,P01078,07/01/2023,19/01/2023,Oncology,H03,232920
A01079,P01079,28-06-2024,,ICU,H05,14925
A01080,P01080,Nov 26 2024,Dec 06 2024,Neurology,H03,98456
A01081,P01081,2024/03/28,2024/04/05,Oncology,H05,131227
A01082,P01082,06/07/2023,16/07/2023,Orthopedic,H05,60101
A01083,P01083,11/08/2023,25/08/2023,ICU,H04,172444
A01084,P01084,2023/05/17,2023/05/26,Emergency,H07,61609
A01085,P01085,15/08/2024,17/08/2024,Orthopedic,H02,221235
A01086,P01086,2023-02-12,2023-02-15,Cardiology,H08,104445
A01087,P01087,27/03/2024,29/03/2024,Neurology,H05,72491
A01088,P01088,2024/06/18,2024/07/03,Pediatrics,H07,154225
A01089,P01089,18/12/2023,01/01/2024,Cardiology,H06,135211
A01090,P01090,2024/01/01,2024/01/05,Cardiology,H06,34202
A01091,P01091,2023-07-05,2023-07-14,Emergency,H04,153843
A01092,P01092,09-03-2023,17-03-2023,Cardiology,H06,63191
A01093,P01093,2023/02/22,2023/03/04,Oncology,H04,59943
A01094,P01094,2024/04/23,2024/05/07,Neurology,H02,222475
A01095,P01095,14-05-2023,22-05-2023,Orthopedic,H02,55533
A01096,P01096,15-11-2023,21-11-2023,Oncology,H03,18545
A01097,P01097,2024/12/01,2024/12/12,Orthopedic,H01,244193
A01098,P01098,22/06/2024,29/06/2024,Pediatrics,H01,147635
A01099,P01099,01-01-2023,02-01-2023,Neurology,H03,128750
A01100,P01100,29-01-2023,09-02-2023,ICU,H02,169693
A01101,P01101,2023-06-10,2023-06-19,Oncology,H05,158182
A01102,P01102,22/12/2023,26/12/2023,Pediatrics,H06,161292
A01103,P01103,2024/08/06,2024/08/19,Neurology,H04,14909
A01104,P01104,2023-08-03,2023-08-17,Oncology,H08,90944
A01105,P01105,2023-12-26,2024-01-03,ICU,H01,99575
A01106,P01106,22/07/2023,26/07/2023,Cardiology,H01,
A01107,P01107,2024-03-20,2024-04-04,Orthopedic,H02,163599
A01108,P01108,Apr 21 2024,Apr 22 2024,Oncology,H05,49380
A01109,P01109,05/05/2023,20/05/2023,Cardiology,H08,11296
A01110,P01110,09-06-2024,16-06-2024,Pediatrics,H06,134400
A01111,P01111,2024/06/12,2024/06/18,Pediatrics,H06,94305
A01112,P01112,06-01-2023,12-01-2023,Oncology,H02,155743
A01113,P01113,Nov 07 2023,Nov 08 2023,Emergency,H08,82771
A01114,P01114,30/06/2023,07/07/2023,Emergency,H05,113082
A01115,P01115,2024/11/24,2024/11/27,Neurology,H07,121736
A01116,P01116,2023-12-14,2023-12-23,Cardiology,H05,243884
A01117,P01117,2023-05-18,2023-05-23,Neurology,H05,212940
A01118,P01118,Nov 09 2024,Nov 24 2024,Pediatrics,H05,17054
A01119,P01119,15/02/2024,17/02/2024,ICU,H05,132662
A01120,P01120,09/11/2024,24/11/2024,Emergency,H04,82566
A01121,P01121,Aug 10 2024,Aug 12 2024,Oncology,H07,116606
A01122,P01122,Apr 04 2024,Apr 05 2024,Emergency,H07,120767
A01123,P01123,31-07-2024,12-08-2024,Oncology,H06,223615
A01124,P01124,Jun 29 2024,Jul 07 2024,Emergency,H02,75971
A01125,P01125,2023-03-30,2023-04-06,Oncology,H07,174247
A01126,P01126,13/04/2024,20/04/2024,Cardiology,H08,80942
A01127,P01127,01/10/2024,12/10/2024,ICU,H06,156798
A01128,P01128,2023/08/10,2023/08/18,Cardiology,H03,18732
A01129,P01129,13-10-2023,17-10-2023,Oncology,H02,235375
A01130,P01130,Mar 17 2024,Mar 23 2024,Pediatrics,H03,182153
A01131,P01131,22/09/2023,07/10/2023,Emergency,H01,119960
A01132,P01132,2023/10/04,2023/10/05,Cardiology,H08,81736
A01133,P01133,05-10-2024,09-10-2024,Orthopedic,H02,106968
A01134,P01134,2024/06/05,2024/06/11,Oncology,H03,108261
A01135,P01135,18-03-2024,21-03-2024,Cardiology,H04,203404
A01136,P01136,15/11/2024,23/11/2024,Orthopedic,H08,59615
A01137,P01137,01/05/2023,07/05/2023,ICU,H03,107076
A01138,P01138,16/03/2023,30/03/2023,Cardiology,H01,70317
A01139,P01139,Jul 19 2024,Jul 27 2024,Emergency,H06,177944
A01140,P01140,2024-08-24,2024-08-30,Neurology,H05,66375
A01141,P01141,Jul 05 2023,Jul 18 2023,ICU,H01,106806
A01142,P01142,08-01-2023,17-01-2023,Pediatrics,H01,210646
A01143,P01143,2023/12/08,2023/12/21,Neurology,H07,145952
A01144,P01144,31-10-2024,01-11-2024,Neurology,H01,187919
A01145,P01145,Jul 27 2023,Jul 29 2023,Neurology,H07,220260
A01146,P01146,13/12/2023,16/12/2023,Emergency,H06,159221
A01147,P01147,20-03-2024,25-03-2024,Pediatrics,H08,166620
A01148,P01148,2024-03-27,2024-04-08,Oncology,H01,135635
A01149,P01149,2024-03-12,2024-03-13,Orthopedic,H07,135736
A01150,P01150,Apr 12 2023,Apr 25 2023,Neurology,H08,67813
A01151,P01151,2023-02-02,2023-02-15,Pediatrics,H02,77817
A01152,P01152,2024/11/07,2024/11/12,Orthopedic,H04,238763
A01153,P01153,01-02-2024,09-02-2024,Pediatrics,H07,26613
A01154,P01154,02-09-2023,17-09-2023,ICU,H07,189165
A01155,P01155,2023-07-10,2023-07-25,ICU,H08,98791
A01156,P01156,2023-11-05,2023-11-17,Orthopedic,H06,90205
A01157,P01157,2024/05/28,2024/06/04,Emergency,H03,36965
A01158,P01158,25-10-2023,06-11-2023,Orthopedic,H02,135933
A01159,P01159,08/10/2023,16/10/2023,Orthopedic,H04,137619
A01160,P01160,2024-10-04,2024-10-09,Pediatrics,H08,33528
A01161,P01161,2023/06/27,2023/07/01,Orthopedic,H03,190808
A01162,P01162,26/03/2023,,Pediatrics,H04,58727
A01163,P01163,13-08-2024,27-08-2024,Emergency,H03,214978
A01164,P01164,May 06 2023,May 05 2023,Cardiology,H01,210908
A01165,P01165,2024-04-17,2024-04-21,Neurology,H01,230749
A01166,P01166,Oct 24 2023,Nov 02 2023,Oncology,H06,72781
A01167,P01167,2024/03/05,2024/03/20,ICU,H02,213422
A01168,P01168,Jan 08 2024,Jan 10 2024,ICU,H07,197436
A01169,P01169,2024-02-04,2024-02-09,ICU,H04,87745
A01170,P01170,2024-08-13,2024-08-28,ICU,H05,30881
A01171,P01171,2024/01/15,2024/01/26,ICU,H08,110033
A01172,P01172,Feb 14 2024,Feb 28 2024,Pediatrics,H07,129212
A01173,P01173,2024/01/30,2024/02/13,ICU,H07,70983
A01174,P01174,17-02-2023,23-02-2023,Cardiology,H06,37957
A01175,P01175,18/10/2024,28/10/2024,Orthopedic,H06,119239
A01176,P01176,25/11/2023,27/11/2023,Orthopedic,H01,133715
A01177,P01177,22-10-2023,01-11-2023,Emergency,H08,145846
A01178,P01178,25/06/2024,05/07/2024,Emergency,H08,151358
A01179,P01179,2023/05/28,2023/06/03,Pediatrics,H05,83403
A01180,P01180,26/05/2023,27/05/2023,Cardiology,H06,118016
A01181,P01181,2023/02/11,2023/02/26,Neurology,H08,164206
A01182,P01182,26/11/2024,07/12/2024,ICU,H05,142936
A01183,P01183,2023-02-05,2023-02-12,ICU,H03,214821
A01184,P01184,2023/11/09,2023/11/23,Neurology,H01,118191
A01185,P01185,09/09/2023,22/09/2023,Oncology,H02,
A01186,P01186,21/09/2023,22/09/2023,Cardiology,H04,55850
A01187,P01187,03/08/2024,07/08/2024,Cardiology,H02,220167
A01188,P01188,2023-04-22,2023-05-05,Emergency,H05,232765
A01189,P01189,2024-11-15,2024-11-22,Orthopedic,H06,97705
A01190,P01190,18-12-2023,26-12-2023,Orthopedic,H03,88829
A01191,P01191,Oct 24 2023,Oct 27 2023,ICU,H02,154294
A01192,P01192,2023-12-18,2023-12-23,ICU,H08,55556
A01193,P01193,Sep 17 2023,Sep 25 2023,Emergency,H04,190469
A01194,P01194,2023-11-21,2023-12-06,Emergency,H04,123768
A01195,P01195,27-10-2024,04-11-2024,Cardiology,H04,191808
A01196,P01196,Dec 03 2023,Dec 10 2023,Emergency,H07,116205
A01197,P01197,11/09/2023,24/09/2023,Emergency,H06,225455
A01198,P01198,2024/07/04,2024/07/15,Cardiology,H08,70624
A01199,P01199,31-10-2024,15-11-2024,Orthopedic,H07,41927
A01200,P01200,2023-02-17,2023-02-27,Pediatrics,H02,166147
A01201,P01201,18/03/2024,23/03/2024,ICU,H05,230630
A01202,P01202,2024/10/11,2024/10/18,Neurology,H04,189465
A01203,P01203,07-02-2024,12-02-2024,ICU,H06,41015
A01204,P01204,2023/04/30,2023/05/10,Neurology,H07,124950
A01205,P01205,07-05-2024,19-05-2024,Emergency,H01,224796
A01206,P01206,2023-04-03,2023-04-06,Oncology,H08,176698
A01207,P01207,20-03-2023,02-04-2023,Pediatrics,H06,20237
A01208,P01208,23/11/2024,07/12/2024,Neurology,H08,7366
A01209,P01209,2023-06-12,2023-06-27,Cardiology,H06,38713
A01210,P01210,2024-10-14,2024-10-24,Pediatrics,H05,15869
A01211,P01211,2023/12/27,2023/12/30,Orthopedic,H05,221599
A01212,P01212,03/03/2024,06/03/2024,Cardiology,H07,14345
A01213,P01213,2023/12/11,2023/12/18,Pediatrics,H04,61902
A01214,P01214,08/09/2024,19/09/2024,Cardiology,H03,97486
A01215,P01215,22/10/2023,03/11/2023,ICU,H03,39465
A01216,P01216,27/11/2023,08/12/2023,Cardiology,H05,146154
A01217,P01217,15/01/2023,16/01/2023,ICU,H06,173612
A01218,P01218,17-11-2023,30-11-2023,Oncology,H05,143163
A01219,P01219,Mar 09 2023,Mar 24 2023,Cardiology,H03,46844
A01220,P01220,17-10-2023,22-10-2023,Oncology,H06,54709
A01221,P01221,2023/02/20,2023/02/25,Cardiology,H04,101750
A01222,P01222,10/09/2023,19/09/2023,Oncology,H08,19184
A01223,P01223,26/01/2023,31/01/2023,Cardiology,H05,75734
A01224,P01224,2023-07-27,2023-07-28,Emergency,H01,242842
A01225,P01225,2024/04/24,2024/04/26,Emergency,H03,180446
A01226,P01226,Aug 30 2023,Sep 11 2023,Neurology,H03,185737
A01227,P01227,2024/05/15,2024/05/26,Neurology,H08,173576
A01228,P01228,Mar 22 2024,Mar 28 2024,ICU,H07,72437
A01229,P01229,2023/03/08,2023/03/11,Orthopedic,H08,121342
A01230,P01230,Aug 19 2023,Aug 25 2023,Emergency,H02,86260
A01231,P01231,2023/10/23,2023/10/25,ICU,H07,52113
A01232,P01232,2024-03-14,2024-03-20,Pediatrics,H04,238652
A01233,P01233,17/08/2024,30/08/2024,Emergency,H03,207348
A01234,P01234,Sep 13 2024,Sep 16 2024,Pediatrics,H01,126286
A01235,P01235,2023-05-23,2023-05-29,Pediatrics,H02,20432
A01236,P01236,Aug 01 2023,Aug 15 2023,Neurology,H04,228873
A01237,P01237,2024-08-06,2024-08-13,ICU,H06,46313
A01238,P01238,31/05/2024,15/06/2024,Oncology,H08,80503
A01239,P01239,29/04/2024,03/05/2024,Oncology,H02,189773
A01240,P01240,15-05-2023,29-05-2023,Oncology,H01,163249
A01241,P01241,2023/08/15,2023/08/30,Pediatrics,H02,34339
A01242,P01242,2023/06/01,2023/06/07,Neurology,H06,162143
A01243,P01243,2023/11/19,2023/11/30,Cardiology,H05,246194
A01244,P01244,2023-07-05,2023-07-18,Cardiology,H07,198828
A01245,P01245,20/11/2024,,Oncology,H07,13807
A01246,P01246,Oct 31 2024,Nov 10 2024,Cardiology,H01,28289
A01247,P01247,Oct 10 2023,Oct 14 2023,Orthopedic,H04,108251
A01248,P01248,Feb 06 2024,Feb 11 2024,Neurology,H03,70792
A01249,P01249,2024/07/30,2024/08/09,Orthopedic,H03,29354
A01250,P01250,2023-06-10,2023-06-21,ICU,H03,19778
A01251,P01251,2023/06/19,2023/06/26,Emergency,H04,193167
A01252,P01252,23/11/2023,01/12/2023,Cardiology,H08,138329
A01253,P01253,Jul 12 2024,Jul 23 2024,Cardiology,H01,131459
A01254,P01254,08/09/2024,12/09/2024,Oncology,H06,146664
A01255,P01255,2023-08-12,2023-08-13,Emergency,H01,16428
A01256,P01256,2023/03/03,2023/03/07,Neurology,H06,171235
A01257,P01257,2024/06/10,2024/06/21,ICU,H06,129739
A01258,P01258,2023/10/18,2023/10/24,ICU,H02,149579
A01259,P01259,05/05/2024,14/05/2024,Orthopedic,H08,177509
A01260,P01260,2024-10-31,2024-11-04,Orthopedic,H07,80836
A01261,P01261,15/10/2024,14/10/2024,Pediatrics,H05,53184
A01262,P01262,Jan 23 2024,Feb 03 2024,Oncology,H07,211819
A01263,P01263,Jun 25 2024,Jul 09 2024,Cardiology,H06,207171
A01264,P01264,2023/10/31,2023/11/12,Neurology,H06,
A01265,P01265,2023/05/04,2023/05/10,Neurology,H06,134782
A01266,P01266,11-03-2023,17-03-2023,Cardiology,H08,999999
A01267,P01267,10-02-2024,21-02-2024,Orthopedic,H06,106346
A01268,P01268,2024/08/16,2024/08/22,ICU,H01,211849
A01269,P01269,12/02/2023,24/02/2023,ICU,H06,62390
A01270,P01270,07/06/2023,17/06/2023,ICU,H05,225989
A01271,P01271,Jun 12 2024,Jun 23 2024,Cardiology,H01,41614
A01272,P01272,31/07/2024,03/08/2024,Neurology,H06,237600
A01273,P01273,Apr 05 2023,Apr 11 2023,ICU,H06,97570
A01274,P01274,2023/07/22,2023/08/02,Neurology,H08,39199
A01275,P01275,2024/02/11,2024/02/12,Cardiology,H05,76569
A01276,P01276,2023/05/28,2023/06/02,Cardiology,H03,61099
A01277,P01277,2024/09/25,2024/09/26,Cardiology,H04,147900
A01278,P01278,13/05/2024,16/05/2024,Emergency,H03,159753
A01279,P01279,2023-05-05,2023-05-15,Neurology,H06,209252
A01280,P01280,15/10/2024,20/10/2024,Pediatrics,H04,238961
A01281,P01281,12/09/2024,15/09/2024,Pediatrics,H06,164214
A01282,P01282,2023-02-03,2023-02-15,Pediatrics,H05,181608
A01283,P01283,2024/08/04,2024/08/19,Emergency,H05,39887
A01284,P01284,2023/01/27,2023/02/09,Pediatrics,H06,118381
A01285,P01285,22-07-2023,23-07-2023,Emergency,H08,246473
A01286,P01286,05/07/2024,16/07/2024,Orthopedic,H08,177037
A01287,P01287,2024/02/17,2024/02/28,Cardiology,H01,168499
A01288,P01288,24-03-2024,27-03-2024,Orthopedic,H07,86449
A01289,P01289,2024/03/17,2024/03/24,Orthopedic,H04,164269
A01290,P01290,2024-03-17,2024-03-28,Pediatrics,H05,153129
A01291,P01291,04-08-2023,11-08-2023,Neurology,H06,137529
A01292,P01292,17-01-2023,23-01-2023,Emergency,H03,92920
A01293,P01293,2023/12/09,2023/12/12,ICU,H03,154648
A01294,P01294,2024/01/22,2024/02/01,Oncology,H03,201812
A01295,P01295,04/08/2023,10/08/2023,Pediatrics,H03,122421
A01296,P01296,14/05/2024,25/05/2024,Pediatrics,H07,84736
A01297,P01297,07-07-2024,19-07-2024,ICU,H01,48423
A01298,P01298,Nov 29 2024,Dec 07 2024,Neurology,H04,51356
A01299,P01299,Sep 17 2023,Oct 02 2023,ICU,H07,235110
A01300,P01300,2024-02-12,2024-02-13,Cardiology,H05,97651
A01301,P01301,2024/09/05,2024/09/07,Cardiology,H07,148352
A01302,P01302,2024/06/09,2024/06/12,Oncology,H07,136636
A01303,P01303,16-06-2024,24-06-2024,Neurology,H05,166500
A01304,P01304,14-09-2023,29-09-2023,Cardiology,H04,71799
A01305,P01305,27-11-2024,03-12-2024,Emergency,H07,26858
A01306,P01306,Sep 28 2024,Oct 05 2024,Cardiology,H04,214715
A01307,P01307,Nov 14 2024,Nov 19 2024,Oncology,H04,17333
A01308,P01308,02/11/2024,16/11/2024,Emergency,H04,31606
A01309,P01309,2024-07-11,2024-07-13,Emergency,H04,108557
A01310,P01310,2023/10/02,2023/10/09,Cardiology,H03,158515
A01311,P01311,22/10/2024,30/10/2024,Emergency,H04,134455
A01312,P01312,08-10-2024,17-10-2024,Cardiology,H02,216564
A01313,P01313,20/11/2024,23/11/2024,Oncology,H01,248893
A01314,P01314,2023/03/20,2023/03/24,Emergency,H06,30113
A01315,P01315,2023-07-04,2023-07-05,Neurology,H04,169412
A01316,P01316,2024-08-16,2024-08-22,Neurology,H02,44820
A01317,P01317,19/07/2023,02/08/2023,ICU,H04,221523
A01318,P01318,2024-11-26,2024-12-01,Cardiology,H03,206332
A01319,P01319,23/03/2023,31/03/2023,Neurology,H04,16927
A01320,P01320,06-05-2023,16-05-2023,ICU,H08,244898
A01321,P01321,2023-07-11,2023-07-25,Neurology,H06,34464
A01322,P01322,2024-09-10,2024-09-25,Neurology,H02,227342
A01323,P01323,2024/11/10,2024/11/18,Orthopedic,H07,171619
A01324,P01324,2024-08-12,2024-08-13,Cardiology,H02,188279
A01325,P01325,02-11-2024,13-11-2024,Pediatrics,H02,202084
A01326,P01326,2024/04/19,2024/05/03,Oncology,H04,94850
A01327,P01327,Jun 28 2023,Jul 12 2023,Emergency,H04,85978
A01328,P01328,21/09/2023,,Emergency,H08,231457
A01329,P01329,Apr 27 2023,May 12 2023,Orthopedic,H05,24065
A01330,P01330,May 19 2024,May 26 2024,Cardiology,H02,167216
A01331,P01331,2024-04-21,2024-05-06,Pediatrics,H08,192572
A01332,P01332,12/01/2023,20/01/2023,Emergency,H03,41865
A01333,P01333,Feb 03 2023,Feb 04 2023,Emergency,H04,17212
A01334,P01334,03-11-2024,04-11-2024,Oncology,H04,230718
A01335,P01335,17-10-2023,28-10-2023,Neurology,H04,34892
A01336,P01336,2023-06-21,2023-06-28,Pediatrics,H01,179605
A01337,P01337,Jan 26 2023,Feb 09 2023,Oncology,H04,162365
A01338,P01338,Jul 02 2023,Jul 14 2023,Emergency,H04,24943
A01339,P01339,May 23 2023,May 26 2023,ICU,H07,191488
A01340,P01340,Jun 14 2023,Jun 17 2023,Oncology,H01,176846
A01341,P01341,2023-06-17,2023-06-21,Cardiology,H07,34282
A01342,P01342,23-04-2024,29-04-2024,Orthopedic,H03,195197
A01343,P01343,25/06/2024,28/06/2024,ICU,H08,
A01344,P01344,2024-11-26,2024-11-28,Oncology,H02,201424
A01345,P01345,2024/02/15,2024/02/24,Cardiology,H07,34049
A01346,P01346,24-04-2024,01-05-2024,Neurology,H01,198162
A01347,P01347,Jul 03 2023,Jul 05 2023,Neurology,H07,92318
A01348,P01348,20/09/2023,27/09/2023,Neurology,H01,120978
A01349,P01349,24/06/2023,25/06/2023,Emergency,H05,166163
A01350,P01350,2023/03/27,2023/04/07,Orthopedic,H04,216529
A01351,P01351,2024-10-18,2024-10-23,Cardiology,H06,181608
A01352,P01352,2023-07-22,2023-08-01,Orthopedic,H02,141814
A01353,P01353,Mar 04 2023,Mar 05 2023,Orthopedic,H06,122272
A01354,P01354,03-01-2023,08-01-2023,Orthopedic,H03,136544
A01355,P01355,Jul 14 2024,Jul 21 2024,ICU,H08,248554
A01356,P01356,05/03/2023,18/03/2023,Emergency,H05,135173
A01357,P01357,2024/03/22,2024/04/01,Cardiology,H01,134010
A01358,P01358,26/07/2024,25/07/2024,ICU,H07,175501
A01359,P01359,Oct 07 2023,Oct 21 2023,Orthopedic,H04,15574
A01360,P01360,Nov 26 2023,Dec 08 2023,Cardiology,H02,239828
A01361,P01361,24/05/2024,01/06/2024,ICU,H08,48777
A01362,P01362,06/09/2023,15/09/2023,Emergency,H01,54125
A01363,P01363,01-05-2023,16-05-2023,Neurology,H01,66933
A01364,P01364,2024-01-05,2024-01-07,Neurology,H02,201976
A01365,P01365,Jul 17 2023,Jul 18 2023,Neurology,H07,116982
A01366,P01366,2024-06-30,2024-07-02,Emergency,H01,237205
A01367,P01367,2024-01-08,2024-01-11,Cardiology,H07,84390
A01368,P01368,2023-11-19,2023-11-21,ICU,H05,181792
A01369,P01369,2024-05-01,2024-05-13,ICU,H01,28256
A01370,P01370,2024/11/15,2024/11/20,Orthopedic,H08,146759
A01371,P01371,2024/08/03,2024/08/18,Emergency,H07,138749
A01372,P01372,2023-07-19,2023-07-22,Oncology,H05,239418
A01373,P01373,2023/02/27,2023/03/11,Emergency,H01,178079
A01374,P01374,Nov 12 2023,Nov 21 2023,Cardiology,H04,184500
A01375,P01375,09-07-2024,11-07-2024,Cardiology,H02,156401
A01376,P01376,Apr 13 2023,Apr 27 2023,Orthopedic,H07,243232
A01377,P01377,2024/05/26,2024/06/03,ICU,H02,120075
A01378,P01378,Aug 21 2024,Aug 24 2024,Emergency,H07,75247
A01379,P01379,2023-01-30,2023-02-07,Emergency,H03,15226
A01380,P01380,2023/04/07,2023/04/14,Orthopedic,H02,85327
A01381,P01381,2024/05/09,2024/05/22,Cardiology,H03,214330
A01382,P01382,06/06/2023,15/06/2023,Orthopedic,H06,6100
A01383,P01383,Aug 24 2023,Sep 01 2023,Oncology,H03,137330
A01384,P01384,2024/03/26,2024/04/06,Orthopedic,H04,40647
A01385,P01385,2023-06-02,2023-06-12,Orthopedic,H03,245492
A01386,P01386,Jun 28 2024,Jul 07 2024,Emergency,H08,152856
A01387,P01387,Aug 30 2023,Sep 11 2023,ICU,H03,136604
A01388,P01388,14/04/2024,24/04/2024,Neurology,H04,164300
A01389,P01389,Oct 05 2024,Oct 17 2024,Pediatrics,H01,128888
A01390,P01390,Jun 17 2023,Jun 18 2023,Oncology,H04,239430
A01391,P01391,12-08-2024,19-08-2024,ICU,H04,179582
A01392,P01392,12-09-2024,17-09-2024,ICU,H05,205747
A01393,P01393,Jun 30 2024,Jul 05 2024,Pediatrics,H08,40472
A01394,P01394,12-09-2023,21-09-2023,Orthopedic,H07,65953
A01395,P01395,Nov 24 2024,Nov 27 2024,Neurology,H02,191151
A01396,P01396,20-07-2024,27-07-2024,ICU,H07,178411
A01397,P01397,20/06/2023,28/06/2023,Orthopedic,H04,70255
A01398,P01398,Aug 29 2023,Sep 13 2023,ICU,H03,5779
A01399,P01399,2023-02-27,2023-03-06,Neurology,H04,116182
A01400,P01400,2023-10-04,2023-10-06,Pediatrics,H03,73630
A01401,P01401,Apr 05 2023,Apr 12 2023,Neurology,H05,185804
A01402,P01402,18/12/2023,01/01/2024,Neurology,H07,113947
A01403,P01403,25-06-2023,04-07-2023,Neurology,H04,114993
A01404,P01404,Jul 19 2023,Jul 27 2023,Orthopedic,H05,13429
A01405,P01405,Sep 30 2023,Oct 06 2023,Pediatrics,H02,214508
A01406,P01406,Oct 30 2024,Nov 03 2024,Oncology,H05,76013
A01407,P01407,2023-05-31,2023-06-02,ICU,H06,32591
A01408,P01408,29-09-2023,04-10-2023,Emergency,H06,81815
A01409,P01409,May 04 2024,May 07 2024,Oncology,H02,205621
A01410,P01410,08-10-2024,17-10-2024,Orthopedic,H03,193374
A01411,P01411,Oct 02 2024,,Emergency,H02,67295
A01412,P01412,2024-01-11,2024-01-14,Cardiology,H02,168588
A01413,P01413,Feb 22 2024,Mar 06 2024,Pediatrics,H03,133743
A01414,P01414,2023/09/15,2023/09/20,Emergency,H08,51670
A01415,P01415,Jun 27 2023,Jul 05 2023,Neurology,H06,195956
A01416,P01416,08-08-2023,18-08-2023,ICU,H06,143493
A01417,P01417,22-10-2024,04-11-2024,Orthopedic,H04,35999
A01418,P01418,2023-01-03,2023-01-11,Oncology,H02,87859
A01419,P01419,Sep 25 2023,Oct 06 2023,Oncology,H04,24737
A01420,P01420,2023/10/12,2023/10/27,Neurology,H04,154116
A01421,P01421,Feb 19 2023,Feb 27 2023,Emergency,H03,218061
A01422,P01422,Sep 24 2023,Oct 06 2023,Neurology,H02,
A01423,P01423,27-01-2023,29-01-2023,Orthopedic,H07,41782
A01424,P01424,04/11/2023,16/11/2023,Emergency,H07,130409
A01425,P01425,Jun 22 2023,Jun 26 2023,Cardiology,H02,200238
A01426,P01426,2023/10/03,2023/10/04,ICU,H07,116614
A01427,P01427,2023-04-27,2023-05-04,Oncology,H07,217075
A01428,P01428,2023/09/06,2023/09/21,Emergency,H02,86136
A01429,P01429,2023-05-31,2023-06-09,ICU,H01,244301
A01430,P01430,Jan 31 2024,Feb 01 2024,Cardiology,H05,116343
A01431,P01431,2024-03-24,2024-03-30,Cardiology,H02,157386
A01432,P01432,21/04/2023,27/04/2023,Neurology,H04,5583
A01433,P01433,2023/03/25,2023/03/26,Orthopedic,H01,5431
A01434,P01434,2023/07/11,2023/07/14,Oncology,H07,151255
A01435,P01435,07/06/2024,18/06/2024,Cardiology,H03,40039
A01436,P01436,03-03-2023,10-03-2023,Cardiology,H05,237931
A01437,P01437,23-09-2024,28-09-2024,Orthopedic,H01,41964
A01438,P01438,18-04-2024,25-04-2024,ICU,H08,204979
A01439,P01439,Jun 01 2024,Jun 04 2024,Cardiology,H02,13498
A01440,P01440,2023-10-20,2023-10-25,Orthopedic,H03,224715
A01441,P01441,2023/09/21,2023/09/22,ICU,H04,173201
A01442,P01442,15/05/2024,19/05/2024,Oncology,H07,189957
A01443,P01443,Mar 11 2023,Mar 21 2023,Neurology,H06,101525
A01444,P01444,05-09-2024,10-09-2024,Orthopedic,H08,124788
A01445,P01445,23/03/2024,07/04/2024,ICU,H03,202531
A01446,P01446,30/08/2024,31/08/2024,Orthopedic,H08,94132
A01447,P01447,04-05-2024,12-05-2024,Oncology,H04,178035
A01448,P01448,2024/02/04,2024/02/11,ICU,H05,9159
A01449,P01449,2024-10-02,2024-10-03,Emergency,H04,101723
A01450,P01450,Sep 11 2024,Sep 23 2024,Emergency,H02,181331
A01451,P01451,2023-11-21,2023-12-04,Oncology,H04,78594
A01452,P01452,2024-08-06,2024-08-10,Oncology,H07,94391
A01453,P01453,27/01/2023,05/02/2023,Oncology,H07,98209
A01454,P01454,2024/09/25,2024/10/02,Cardiology,H07,192875
A01455,P01455,Aug 05 2023,Aug 04 2023,ICU,H07,182343
A01456,P01456,2023/01/18,2023/01/24,Cardiology,H03,226579
A01457,P01457,2023-03-31,2023-04-02,Orthopedic,H03,136179
A01458,P01458,03/02/2024,14/02/2024,ICU,H05,40855
A01459,P01459,Nov 02 2024,Nov 17 2024,Emergency,H01,32206
A01460,P01460,May 14 2023,May 20 2023,Orthopedic,H01,157679
A01461,P01461,May 28 2024,Jun 10 2024,Pediatrics,H04,164001
A01462,P01462,2023/11/26,2023/12/02,Orthopedic,H03,68020
A01463,P01463,11/10/2023,19/10/2023,ICU,H06,207606
A01464,P01464,2023/02/08,2023/02/20,ICU,H06,239490
A01465,P01465,2023/11/27,2023/12/12,ICU,H05,63591
A01466,P01466,Jul 27 2024,Aug 08 2024,Pediatrics,H03,246299
A01467,P01467,2023-12-05,2023-12-08,Orthopedic,H05,49704
A01468,P01468,2024/03/05,2024/03/18,Oncology,H01,160340
A01469,P01469,2023/03/26,2023/04/08,Oncology,H03,90097
A01470,P01470,2023/06/11,2023/06/21,Pediatrics,H03,202004
A01471,P01471,Sep 28 2024,Oct 08 2024,Oncology,H07,184739
A01472,P01472,02/12/2023,06/12/2023,Emergency,H07,211186
A01473,P01473,May 23 2024,Jun 03 2024,Emergency,H01,233963
A01474,P01474,2023-05-26,2023-06-09,Pediatrics,H06,63738
A01475,P01475,2023-10-03,2023-10-11,Cardiology,H05,5241
A01476,P01476,Apr 02 2023,Apr 12 2023,Cardiology,H03,192301
A01477,P01477,17/10/2023,24/10/2023,Emergency,H06,999999
A01478,P01478,Apr 26 2024,Apr 30 2024,Pediatrics,H06,224455
A01479,P01479,12/03/2023,23/03/2023,Oncology,H08,164454
A01480,P01480,20/01/2024,26/01/2024,Emergency,H05,47211
A01481,P01481,2024-03-03,2024-03-08,Pediatrics,H07,39299
A01482,P01482,2023-06-21,2023-06-26,Emergency,H06,20610
A01483,P01483,2023-05-25,2023-06-01,Neurology,H04,212251
A01484,P01484,2023/09/27,2023/09/29,Emergency,H08,23074
A01485,P01485,2024/06/22,2024/06/26,Neurology,H03,122656
A01486,P01486,2024/10/28,2024/11/12,Emergency,H04,96574
A01487,P01487,05/11/2024,17/11/2024,Cardiology,H05,138061
A01488,P01488,15-04-2023,17-04-2023,Cardiology,H07,131081
A01489,P01489,19/02/2023,23/02/2023,Pediatrics,H04,222126
A01490,P01490,04-03-2023,18-03-2023,Orthopedic,H05,102964
A01491,P01491,30-03-2023,10-04-2023,Neurology,H07,84000
A01492,P01492,2024/10/30,2024/10/31,Neurology,H01,179317
A01493,P01493,07-10-2024,22-10-2024,Cardiology,H04,57223
A01494,P01494,27-04-2024,,Pediatrics,H03,17656
A01495,P01495,2024-12-01,2024-12-02,Neurology,H07,157135
A01496,P01496,2024/05/12,2024/05/20,Oncology,H08,124979
A01497,P01497,10/04/2024,24/04/2024,Orthopedic,H08,114061
A01498,P01498,Jan 22 2024,Jan 28 2024,Orthopedic,H06,96381
A01499,P01499,2024-09-24,2024-09-28,Emergency,H02,70586
A01500,P01500,Sep 20 2024,Oct 03 2024,Pediatrics,H05,230671
A01501,P01501,Jul 26 2023,Aug 08 2023,Pediatrics,H02,
A01502,P01502,2023-04-21,2023-04-24,Emergency,H04,105091
A01503,P01503,Aug 10 2024,Aug 16 2024,Neurology,H01,58850
A01504,P01504,04-07-2024,16-07-2024,Neurology,H04,201898
A01505,P01505,13/09/2023,24/09/2023,Cardiology,H04,235366
A01506,P01506,2024-01-09,2024-01-14,Emergency,H06,176658
A01507,P01507,2023-12-11,2023-12-19,Neurology,H07,10986
A01508,P01508,2023-09-14,2023-09-21,Oncology,H07,41336
A01509,P01509,2023/01/15,2023/01/23,Pediatrics,H02,78778
A01510,P01510,2023-11-24,2023-12-06,Orthopedic,H05,221242
A01511,P01511,2024/06/03,2024/06/10,Cardiology,H07,46205
A01512,P01512,20-10-2023,24-10-2023,Orthopedic,H03,197613
A01513,P01513,09-04-2024,17-04-2024,Cardiology,H03,70338
A01514,P01514,Aug 20 2024,Aug 21 2024,Emergency,H06,119499
A01515,P01515,04/05/2024,10/05/2024,Pediatrics,H01,48969
A01516,P01516,11/06/2023,23/06/2023,Oncology,H06,214087
A01517,P01517,03-06-2024,07-06-2024,ICU,H02,124000
A01518,P01518,Jun 14 2023,Jun 23 2023,Emergency,H05,52379
A01519,P01519,27-06-2024,07-07-2024,Cardiology,H05,239359
A01520,P01520,Sep 09 2024,Sep 11 2024,Pediatrics,H06,105687
A01521,P01521,01-10-2024,03-10-2024,Pediatrics,H05,201382
A01522,P01522,2023/11/18,2023/11/29,Orthopedic,H07,81862
A01523,P01523,Sep 15 2023,Sep 18 2023,Oncology,H01,67457
A01524,P01524,Jan 31 2023,Feb 02 2023,Neurology,H05,102098
A01525,P01525,09-06-2023,16-06-2023,Emergency,H06,134896
A01526,P01526,Dec 05 2023,Dec 13 2023,Cardiology,H02,238460
A01527,P01527,29-05-2024,06-06-2024,ICU,H06,204777
A01528,P01528,2023-02-16,2023-03-03,Orthopedic,H07,184530
A01529,P01529,2024-04-07,2024-04-19,Emergency,H04,249663
A01530,P01530,2024/03/09,2024/03/12,Pediatrics,H06,203907
A01531,P01531,15/02/2023,02/03/2023,Pediatrics,H01,136991
A01532,P01532,Feb 28 2023,Mar 11 2023,ICU,H08,25111
A01533,P01533,2023/02/03,2023/02/07,Pediatrics,H07,75739
A01534,P01534,13/02/2023,15/02/2023,Cardiology,H04,113424
A01535,P01535,Nov 10 2024,Nov 11 2024,ICU,H03,200697
A01536,P01536,2023/03/31,2023/04/15,Orthopedic,H08,75305
A01537,P01537,28/11/2023,06/12/2023,Orthopedic,H03,95521
A01538,P01538,29/05/2024,12/06/2024,Oncology,H07,37899
A01539,P01539,16-05-2024,22-05-2024,Cardiology,H06,246284
A01540,P01540,2024-11-27,2024-12-04,ICU,H02,242835
A01541,P01541,Dec 22 2023,Jan 03 2024,Cardiology,H06,127708
A01542,P01542,2024/01/09,2024/01/20,Cardiology,H07,114156
A01543,P01543,29-02-2024,10-03-2024,Orthopedic,H01,238697
A01544,P01544,02/08/2024,09/08/2024,Pediatrics,H04,249900
A01545,P01545,Feb 02 2024,Feb 09 2024,Cardiology,H06,172569
A01546,P01546,Aug 05 2024,Aug 11 2024,Pediatrics,H07,36304
A01547,P01547,2023-04-30,2023-05-04,Emergency,H06,59276
A01548,P01548,01/03/2024,04/03/2024,Orthopedic,H06,39524
A01549,P01549,18-03-2023,21-03-2023,ICU,H07,102830
A01550,P01550,10-03-2023,13-03-2023,Neurology,H07,26371
A01551,P01551,2024/08/04,2024/08/18,Orthopedic,H07,198744
A01552,P01552,2024/08/16,2024/08/15,Emergency,H08,84737
A01553,P01553,07-08-2024,18-08-2024,ICU,H04,163994
A01554,P01554,29-03-2023,05-04-2023,Neurology,H01,248719
A01555,P01555,22/12/2023,30/12/2023,Cardiology,H05,169357
A01556,P01556,2023/07/29,2023/08/08,Oncology,H03,234390
A01557,P01557,Jul 04 2023,Jul 18 2023,Pediatrics,H02,152691
A01558,P01558,Mar 08 2024,Mar 11 2024,Cardiology,H02,66619
A01559,P01559,2023/05/18,2023/05/23,Emergency,H01,111264
A01560,P01560,2023/04/24,2023/05/01,Cardiology,H02,58424
A01561,P01561,07-08-2024,21-08-2024,Neurology,H08,116476
A01562,P01562,2024-11-29,2024-12-13,Orthopedic,H06,142406
A01563,P01563,2023/08/20,2023/08/21,Oncology,H03,115116
A01564,P01564,27/06/2023,28/06/2023,Neurology,H06,113325
A01565,P01565,2024/03/03,2024/03/07,Pediatrics,H06,173079
A01566,P01566,2024/05/17,2024/05/23,Emergency,H05,107653
A01567,P01567,20-06-2023,29-06-2023,Oncology,H02,86104
A01568,P01568,Jan 02 2023,Jan 17 2023,Oncology,H01,7201
A01569,P01569,11/08/2023,19/08/2023,Cardiology,H04,58277
A01570,P01570,May 11 2023,May 24 2023,Neurology,H08,142300
A01571,P01571,2023/11/08,2023/11/12,Oncology,H06,201122
A01572,P01572,11/05/2023,24/05/2023,Oncology,H07,94532
A01573,P01573,2023-03-24,2023-04-02,Pediatrics,H03,139965
A01574,P01574,14/01/2023,28/01/2023,Cardiology,H07,146568
A01575,P01575,19-11-2024,25-11-2024,Pediatrics,H07,137533
A01576,P01576,2023-05-23,2023-06-01,Neurology,H02,92776
A01577,P01577,2023-04-16,,Neurology,H02,248824
A01578,P01578,2024/04/22,2024/05/05,Cardiology,H04,163045
A01579,P01579,2024/10/14,2024/10/21,ICU,H04,105909
A01580,P01580,06-02-2024,11-02-2024,ICU,H03,
A01581,P01581,2024-06-03,2024-06-14,Neurology,H07,69556
A01582,P01582,01-12-2023,10-12-2023,Orthopedic,H01,78369
A01583,P01583,17/07/2023,28/07/2023,Emergency,H01,133800
A01584,P01584,27-06-2023,02-07-2023,Oncology,H04,13091
A01585,P01585,May 17 2024,May 21 2024,Pediatrics,H04,95449
A01586,P01586,2024-11-13,2024-11-24,Neurology,H05,57656
A01587,P01587,18/12/2023,01/01/2024,ICU,H06,185688
A01588,P01588,2024/02/29,2024/03/14,Emergency,H06,30727
A01589,P01589,18/02/2023,19/02/2023,ICU,H08,101771
A01590,P01590,2024-07-22,2024-07-30,Cardiology,H03,212011
A01591,P01591,Feb 12 2024,Feb 15 2024,Oncology,H05,79459
A01592,P01592,08-07-2024,10-07-2024,Orthopedic,H03,136202
A01593,P01593,05-09-2024,09-09-2024,Emergency,H03,138084
A01594,P01594,2023-01-05,2023-01-11,Orthopedic,H08,36668
A01595,P01595,2024/03/28,2024/04/04,Emergency,H02,75319
A01596,P01596,2023/09/09,2023/09/21,ICU,H06,27255
A01597,P01597,2024/03/27,2024/04/10,Neurology,H03,95801
A01598,P01598,2023/05/18,2023/05/20,Emergency,H06,225117
A01599,P01599,Nov 03 2024,Nov 15 2024,Emergency,H01,248522
A01600,P01600,15-05-2023,20-05-2023,Oncology,H05,152298
A01601,P01601,Aug 17 2024,Aug 21 2024,Oncology,H05,180873
A01602,P01602,2023/11/24,2023/12/02,Oncology,H07,223537
A01603,P01603,2024-02-09,2024-02-21,Neurology,H07,236056
A01604,P01604,Dec 18 2023,Dec 19 2023,Pediatrics,H01,208671
A01605,P01605,2024-08-19,2024-08-31,Emergency,H06,101338
A01606,P01606,2024/02/14,2024/02/23,Neurology,H04,54154
A01607,P01607,Jul 31 2024,Aug 15 2024,Emergency,H04,203388
A01608,P01608,2024-01-28,2024-02-12,Emergency,H05,35676
A01609,P01609,31/03/2023,11/04/2023,Cardiology,H07,125500
A01610,P01610,2024-01-28,2024-02-06,Orthopedic,H04,208161
A01611,P01611,2024-02-24,2024-03-07,ICU,H01,144212
A01612,P01612,24/03/2024,25/03/2024,Neurology,H01,180358
A01613,P01613,17/08/2023,26/08/2023,Cardiology,H02,148951
A01614,P01614,2023-06-11,2023-06-24,Emergency,H07,244326
A01615,P01615,2024/02/10,2024/02/17,ICU,H03,62629
A01616,P01616,18/01/2023,29/01/2023,Neurology,H05,121339
A01617,P01617,14-09-2023,18-09-2023,ICU,H06,239833
A01618,P01618,2024/03/06,2024/03/07,Pediatrics,H02,125586
A01619,P01619,2024-08-16,2024-08-22,Pediatrics,H06,111333
A01620,P01620,May 17 2024,May 31 2024,Oncology,H04,230963
A01621,P01621,2024/08/26,2024/09/03,Cardiology,H06,130387
A01622,P01622,2023/09/24,2023/10/08,Neurology,H04,123119
A01623,P01623,2023/03/19,2023/03/24,Emergency,H01,195264
A01624,P01624,Aug 27 2024,Sep 01 2024,Emergency,H08,116596
A01625,P01625,2023-09-04,2023-09-17,Emergency,H07,97743
A01626,P01626,2024-06-30,2024-07-01,Neurology,H06,227779
A01627,P01627,2023-08-06,2023-08-09,Oncology,H03,159611
A01628,P01628,2024/03/08,2024/03/11,Orthopedic,H08,87899
A01629,P01629,2024-06-04,2024-06-15,Emergency,H06,13563
A01630,P01630,2024-06-12,2024-06-17,Oncology,H02,8703
A01631,P01631,2023/10/28,2023/10/30,Orthopedic,H08,223099
A01632,P01632,2023-01-14,2023-01-15,Emergency,H01,23439
A01633,P01633,2023/02/05,2023/02/09,Emergency,H06,141066
A01634,P01634,2023/09/21,2023/09/29,Oncology,H04,245562
A01635,P01635,Oct 07 2024,Oct 19 2024,Orthopedic,H04,135061
A01636,P01636,16-02-2024,20-02-2024,Emergency,H01,220031
A01637,P01637,21-07-2024,26-07-2024,Neurology,H02,32429
A01638,P01638,11-08-2024,17-08-2024,ICU,H08,155795
A01639,P01639,11-03-2023,15-03-2023,Cardiology,H04,42604
A01640,P01640,Jan 14 2023,Jan 19 2023,Pediatrics,H05,37991
A01641,P01641,01/11/2024,07/11/2024,Cardiology,H02,170218
A01642,P01642,30-03-2023,10-04-2023,Neurology,H06,15970
A01643,P01643,Sep 07 2024,Sep 21 2024,Cardiology,H05,201080
A01644,P01644,20-06-2023,25-06-2023,Oncology,H03,21529
A01645,P01645,18-11-2023,26-11-2023,Emergency,H01,167908
A01646,P01646,30/11/2024,13/12/2024,Neurology,H04,207270
A01647,P01647,25-07-2024,06-08-2024,Pediatrics,H07,122350
A01648,P01648,2024/04/24,2024/05/08,Cardiology,H07,117775
A01649,P01649,19-06-2023,18-06-2023,Oncology,H02,88933
A01650,P01650,Jul 26 2023,Jul 27 2023,Neurology,H08,174781
A01651,P01651,17/07/2024,26/07/2024,Orthopedic,H05,125883
A01652,P01652,16/11/2024,17/11/2024,Cardiology,H04,143424
A01653,P01653,22/02/2024,25/02/2024,Oncology,H04,186031
A01654,P01654,10-10-2024,24-10-2024,Oncology,H08,184328
A01655,P01655,09/01/2023,16/01/2023,ICU,H04,202161
A01656,P01656,06/06/2024,21/06/2024,ICU,H02,6157
A01657,P01657,Dec 23 2023,Jan 01 2024,Emergency,H06,25930
A01658,P01658,01/05/2023,05/05/2023,Oncology,H02,221243
A01659,P01659,2023/03/21,2023/03/30,ICU,H01,
A01660,P01660,2023/12/16,,ICU,H08,122722
A01661,P01661,2024-05-20,2024-05-30,Pediatrics,H03,40807
A01662,P01662,04/02/2023,05/02/2023,Neurology,H08,246661
A01663,P01663,2023/11/24,2023/11/29,Orthopedic,H03,13780
A01664,P01664,2023-09-01,2023-09-05,Cardiology,H07,114483
A01665,P01665,2024/03/24,2024/04/02,Cardiology,H03,131399
A01666,P01666,30-09-2023,08-10-2023,Neurology,H07,178641
A01667,P01667,Nov 28 2023,Dec 11 2023,ICU,H02,235803
A01668,P01668,2023/07/13,2023/07/18,Oncology,H07,156044
A01669,P01669,May 03 2024,May 15 2024,Cardiology,H05,100286
A01670,P01670,20/11/2023,28/11/2023,Oncology,H03,98427
A01671,P01671,2023/12/30,2024/01/11,Oncology,H05,83760
A01672,P01672,25-11-2024,04-12-2024,Oncology,H06,43329
A01673,P01673,2023/05/23,2023/06/03,Emergency,H01,226153
A01674,P01674,26-04-2023,02-05-2023,Oncology,H02,32322
A01675,P01675,Apr 25 2023,May 07 2023,ICU,H04,118450
A01676,P01676,26-08-2023,09-09-2023,Cardiology,H06,95261
A01677,P01677,2024/04/15,2024/04/20,ICU,H08,197945
A01678,P01678,Feb 07 2023,Feb 08 2023,ICU,H01,178282
A01679,P01679,15-09-2024,19-09-2024,Pediatrics,H04,137121
A01680,P01680,11-03-2023,15-03-2023,ICU,H06,72941
A01681,P01681,03/03/2023,16/03/2023,Orthopedic,H07,132105
A01682,P01682,22/02/2023,09/03/2023,Orthopedic,H06,168998
A01683,P01683,21/01/2024,02/02/2024,Oncology,H04,68188
A01684,P01684,07-07-2024,10-07-2024,Orthopedic,H06,69018
A01685,P01685,May 22 2023,Jun 04 2023,ICU,H01,89154
A01686,P01686,2023-12-14,2023-12-20,Oncology,H06,231381
A01687,P01687,26-04-2024,07-05-2024,ICU,H04,39990
A01688,P01688,02-07-2024,03-07-2024,Oncology,H04,999999
A01689,P01689,Jun 20 2023,Jul 01 2023,Oncology,H03,198720
A01690,P01690,2024-04-20,2024-04-27,Pediatrics,H07,33862
A01691,P01691,14-06-2023,29-06-2023,ICU,H08,170658
A01692,P01692,2023/09/14,2023/09/21,Oncology,H03,194618
A01693,P01693,2023/08/09,2023/08/10,Pediatrics,H06,59818
A01694,P01694,Oct 29 2024,Nov 06 2024,Oncology,H08,151870
A01695,P01695,2023/07/09,2023/07/18,Emergency,H04,30161
A01696,P01696,06-05-2023,09-05-2023,Pediatrics,H05,51885
A01697,P01697,03/04/2023,18/04/2023,Neurology,H03,188945
A01698,P01698,2024-06-06,2024-06-20,Oncology,H07,205354
A01699,P01699,Jul 09 2023,Jul 13 2023,Emergency,H05,184621
A01700,P01700,08-04-2023,14-04-2023,Orthopedic,H06,76978
A01701,P01701,2023-10-12,2023-10-26,Emergency,H03,146336
A01702,P01702,22-11-2023,07-12-2023,Neurology,H02,143893
A01703,P01703,2023-09-25,2023-09-26,Neurology,H06,238449
A01704,P01704,16/02/2024,17/02/2024,Neurology,H03,58221
A01705,P01705,2024/03/17,2024/03/21,Pediatrics,H05,90559
A01706,P01706,2024-09-19,2024-09-24,Emergency,H07,122119
A01707,P01707,2024/01/04,2024/01/06,Oncology,H07,116839
A01708,P01708,31/10/2024,02/11/2024,Neurology,H06,56039
A01709,P01709,03-03-2023,10-03-2023,Oncology,H07,50251
A01710,P01710,Jul 03 2024,Jul 10 2024,Pediatrics,H04,81591
A01711,P01711,2023/11/02,2023/11/09,Pediatrics,H03,18248
A01712,P01712,2023-08-04,2023-08-14,Oncology,H06,49564
A01713,P01713,2024/07/11,2024/07/14,Emergency,H05,141489
A01714,P01714,2024/02/09,2024/02/24,Pediatrics,H04,234407
A01715,P01715,07/02/2024,09/02/2024,Neurology,H04,108973
A01716,P01716,17-01-2023,22-01-2023,Cardiology,H02,106566
A01717,P01717,25/04/2024,07/05/2024,Neurology,H01,108319
A01718,P01718,30/08/2023,11/09/2023,ICU,H05,238452
A01719,P01719,2024-09-15,2024-09-24,Oncology,H05,221366
A01720,P01720,2024/11/14,2024/11/19,Cardiology,H02,154674
A01721,P01721,19/03/2024,24/03/2024,Pediatrics,H04,228670
A01722,P01722,2024-11-27,2024-12-01,Cardiology,H02,29908
A01723,P01723,2024/02/02,2024/02/06,ICU,H07,206484
A01724,P01724,03/07/2023,12/07/2023,Orthopedic,H06,76859
A01725,P01725,2023-11-10,2023-11-15,Cardiology,H06,201642
A01726,P01726,09-04-2024,24-04-2024,Oncology,H07,247858
A01727,P01727,05/06/2023,20/06/2023,Orthopedic,H02,155716
A01728,P01728,2023-04-17,2023-04-26,Emergency,H07,86841
A01729,P01729,2023-03-23,2023-03-30,Oncology,H07,196657
A01730,P01730,2023-02-14,2023-02-17,ICU,H01,232096
A01731,P01731,2023/10/31,2023/11/10,Pediatrics,H02,9610
A01732,P01732,Mar 28 2024,Apr 07 2024,Orthopedic,H04,178047
A01733,P01733,07-06-2024,09-06-2024,Oncology,H07,243292
A01734,P01734,May 18 2023,May 23 2023,Cardiology,H07,24029
A01735,P01735,2024/02/03,2024/02/12,Orthopedic,H06,147697
A01736,P01736,26/04/2024,10/05/2024,Neurology,H02,221979
A01737,P01737,Mar 16 2024,Mar 17 2024,Neurology,H05,234337
A01738,P01738,06/06/2023,19/06/2023,Emergency,H04,
A01739,P01739,Dec 21 2023,Jan 02 2024,Oncology,H01,71648
A01740,P01740,2024-04-16,2024-04-29,Pediatrics,H01,22739
A01741,P01741,20/04/2024,30/04/2024,Orthopedic,H01,140216
A01742,P01742,22/06/2023,03/07/2023,Cardiology,H06,177695
A01743,P01743,2024-10-16,,ICU,H08,116581
A01744,P01744,Apr 07 2023,Apr 16 2023,Neurology,H04,94081
A01745,P01745,03/11/2024,16/11/2024,ICU,H02,36996
A01746,P01746,2023/09/18,2023/09/17,Orthopedic,H06,204322
A01747,P01747,2023-09-19,2023-09-22,Oncology,H03,152562
A01748,P01748,27-10-2023,30-10-2023,Cardiology,H03,46055
A01749,P01749,03-06-2024,05-06-2024,Oncology,H03,98464
A01750,P01750,18-02-2023,28-02-2023,Pediatrics,H06,230319
A01751,P01751,2023-05-23,2023-06-06,Oncology,H07,120471
A01752,P01752,2024-07-14,2024-07-16,Neurology,H07,218738
A01753,P01753,2024/09/13,2024/09/16,Cardiology,H06,92599
A01754,P01754,2023/02/28,2023/03/12,Pediatrics,H03,64761
A01755,P01755,13-10-2023,15-10-2023,Emergency,H05,65734
A01756,P01756,2023-09-02,2023-09-06,Pediatrics,H03,219521
A01757,P01757,2024-01-10,2024-01-22,Neurology,H08,203093
A01758,P01758,14-09-2023,21-09-2023,Neurology,H04,218407
A01759,P01759,28/07/2024,06/08/2024,Orthopedic,H01,78849
A01760,P01760,26/11/2024,04/12/2024,ICU,H06,173390
A01761,P01761,21/09/2023,01/10/2023,Emergency,H05,158100
A01762,P01762,08-06-2023,21-06-2023,Pediatrics,H01,98418
A01763,P01763,15/07/2023,16/07/2023,ICU,H05,142032
A01764,P01764,Apr 09 2023,Apr 18 2023,Pediatrics,H04,112863
A01765,P01765,12-05-2023,23-05-2023,Emergency,H06,17270
A01766,P01766,Jan 21 2023,Jan 22 2023,Oncology,H05,202643
A01767,P01767,18-11-2024,02-12-2024,Pediatrics,H02,134912
A01768,P01768,09-12-2023,10-12-2023,Orthopedic,H02,224222
A01769,P01769,24/07/2024,08/08/2024,ICU,H08,60418
A01770,P01770,2023-06-24,2023-06-25,Cardiology,H08,166032
A01771,P01771,Sep 17 2023,Sep 22 2023,Emergency,H04,128344
A01772,P01772,2024-08-04,2024-08-16,ICU,H02,23801
A01773,P01773,May 11 2024,May 25 2024,Cardiology,H01,192238
A01774,P01774,Jul 25 2023,Jul 31 2023,Emergency,H05,108411
A01775,P01775,2024/06/26,2024/07/02,ICU,H04,181739
A01776,P01776,May 05 2024,May 18 2024,Emergency,H07,77911
A01777,P01777,2024/02/19,2024/02/20,Neurology,H04,120994
A01778,P01778,2024/02/08,2024/02/20,Oncology,H05,20217
A01779,P01779,Apr 26 2024,Apr 28 2024,Cardiology,H02,43792
A01780,P01780,2024-07-10,2024-07-14,Emergency,H04,119388
A01781,P01781,28/05/2024,03/06/2024,Oncology,H03,225251
A01782,P01782,30-06-2024,11-07-2024,Cardiology,H05,78934
A01783,P01783,10-08-2023,14-08-2023,Orthopedic,H02,207824
A01784,P01784,2024-02-16,2024-02-19,Emergency,H06,108789
A01785,P01785,2024/05/09,2024/05/15,Pediatrics,H07,39707
A01786,P01786,04-03-2024,09-03-2024,Cardiology,H04,151517
A01787,P01787,2024-11-13,2024-11-20,ICU,H08,56458
A01788,P01788,2024-06-19,2024-06-27,Neurology,H05,87601
A01789,P01789,25-10-2024,27-10-2024,Orthopedic,H04,70141
A01790,P01790,2024/05/14,2024/05/29,Neurology,H04,75158
A01791,P01791,19/09/2024,20/09/2024,Emergency,H06,59838
A01792,P01792,04-09-2023,10-09-2023,Pediatrics,H07,40559
A01793,P01793,12-02-2023,23-02-2023,Orthopedic,H04,145849
A01794,P01794,05-07-2023,18-07-2023,Oncology,H08,151500
A01795,P01795,Aug 31 2023,Sep 12 2023,Cardiology,H02,231774
A01796,P01796,Mar 28 2023,Apr 07 2023,Emergency,H08,217252
A01797,P01797,2023/11/08,2023/11/14,Pediatrics,H08,76390
A01798,P01798,2023/07/26,2023/08/09,Cardiology,H05,126428
A01799,P01799,25-08-2024,26-08-2024,ICU,H08,155974
A01800,P01800,2024-06-30,2024-07-10,Orthopedic,H07,86272
A01801,P01801,11-12-2023,19-12-2023,Neurology,H07,123153
A01802,P01802,2023-04-07,2023-04-18,Oncology,H05,57578
A01803,P01803,Jan 22 2023,Jan 30 2023,ICU,H02,58895
A01804,P01804,22-02-2023,08-03-2023,Cardiology,H05,200511
A01805,P01805,2023/04/23,2023/05/08,ICU,H05,87253
A01806,P01806,2023-08-08,2023-08-16,Pediatrics,H03,229260
A01807,P01807,17-04-2023,28-04-2023,Emergency,H08,212878
A01808,P01808,2024/11/08,2024/11/21,Pediatrics,H07,22918
A01809,P01809,13-08-2024,15-08-2024,Orthopedic,H08,106503
A01810,P01810,05/07/2023,12/07/2023,Orthopedic,H02,69814
A01811,P01811,2023-05-02,2023-05-07,Oncology,H06,146040
A01812,P01812,26-03-2024,10-04-2024,ICU,H08,192138
A01813,P01813,24/04/2023,01/05/2023,Oncology,H08,90902
A01814,P01814,13-06-2023,27-06-2023,Emergency,H03,22478
A01815,P01815,2024-08-23,2024-08-26,ICU,H06,227690
A01816,P01816,26/10/2024,31/10/2024,Pediatrics,H02,156375
A01817,P01817,2024/10/01,2024/10/02,Pediatrics,H05,
A01818,P01818,Apr 13 2023,Apr 24 2023,Oncology,H06,151868
A01819,P01819,12/01/2024,20/01/2024,Neurology,H01,191977
A01820,P01820,12/10/2023,20/10/2023,ICU,H04,240720
A01821,P01821,07-05-2023,13-05-2023,Emergency,H07,101576
A01822,P01822,2024-05-20,2024-05-28,Cardiology,H07,220372
A01823,P01823,Sep 29 2024,Oct 04 2024,Pediatrics,H02,148507
A01824,P01824,Oct 05 2023,Oct 06 2023,Cardiology,H05,6252
A01825,P01825,2023/02/07,2023/02/13,Cardiology,H03,112557
A01826,P01826,2023-09-02,,ICU,H05,195469
A01827,P01827,2023/02/11,2023/02/24,ICU,H03,164191
A01828,P01828,2024/08/21,2024/08/30,Neurology,H03,199139
A01829,P01829,29-07-2024,09-08-2024,Orthopedic,H05,240503
A01830,P01830,2023/06/07,2023/06/22,Pediatrics,H05,59036
A01831,P01831,22-09-2023,04-10-2023,Emergency,H03,132250
A01832,P01832,2024-01-19,2024-02-01,Pediatrics,H08,228529
A01833,P01833,2023/07/19,2023/07/26,Oncology,H06,170431
A01834,P01834,2023/10/10,2023/10/22,Emergency,H08,101003
A01835,P01835,27/07/2024,07/08/2024,Cardiology,H01,131960
A01836,P01836,27/11/2023,07/12/2023,Pediatrics,H03,200259
A01837,P01837,30-12-2023,31-12-2023,ICU,H08,213691
A01838,P01838,2024-04-15,2024-04-24,Neurology,H07,89885
A01839,P01839,2023-01-03,2023-01-11,Neurology,H01,80884
A01840,P01840,2023-09-21,2023-10-06,Orthopedic,H07,46367
A01841,P01841,2023-03-02,2023-03-07,Neurology,H02,36697
A01842,P01842,2024/02/23,2024/03/08,ICU,H06,134552
A01843,P01843,2023/06/01,2023/05/31,ICU,H02,5156
A01844,P01844,2023/06/09,2023/06/19,Pediatrics,H08,190237
A01845,P01845,2023/04/16,2023/04/23,Pediatrics,H06,60834
A01846,P01846,2023/01/10,2023/01/24,Oncology,H05,213865
A01847,P01847,2023/07/02,2023/07/05,Pediatrics,H01,154283
A01848,P01848,29/10/2023,07/11/2023,Pediatrics,H02,148591
A01849,P01849,2024/05/13,2024/05/21,Neurology,H03,109238
A01850,P01850,2024-03-24,2024-03-27,Orthopedic,H05,198525
A01851,P01851,2023-09-10,2023-09-17,Neurology,H02,172863
A01852,P01852,23-11-2023,28-11-2023,Orthopedic,H08,115364
A01853,P01853,May 10 2023,May 17 2023,Oncology,H05,19202
A01854,P01854,2024/01/29,2024/02/13,Neurology,H01,139315
A01855,P01855,29/11/2024,06/12/2024,Cardiology,H07,167622
A01856,P01856,Apr 21 2023,May 03 2023,Pediatrics,H06,213545
A01857,P01857,03/02/2023,10/02/2023,Cardiology,H04,243626
A01858,P01858,2023-09-21,2023-10-03,Oncology,H08,168533
A01859,P01859,2023-08-20,2023-09-03,Neurology,H01,40406
A01860,P01860,2024/03/18,2024/03/26,ICU,H06,119144
A01861,P01861,2023-10-21,2023-10-27,Pediatrics,H03,66423
A01862,P01862,12/10/2023,23/10/2023,Cardiology,H07,175899
A01863,P01863,Aug 01 2024,Aug 05 2024,Neurology,H03,92802
A01864,P01864,2024/05/27,2024/06/11,ICU,H01,24209
A01865,P01865,10-01-2024,25-01-2024,Neurology,H01,22768
A01866,P01866,2023/12/07,2023/12/11,Cardiology,H04,53966
A01867,P01867,2024/01/23,2024/02/06,Oncology,H07,151255
A01868,P01868,Oct 31 2023,Nov 06 2023,Orthopedic,H03,223145
A01869,P01869,2024-02-23,2024-02-29,Cardiology,H08,36232
A01870,P01870,Jan 12 2023,Jan 23 2023,ICU,H01,100786
A01871,P01871,08/01/2024,18/01/2024,Cardiology,H07,102905
A01872,P01872,2024/06/28,2024/07/13,Orthopedic,H05,214149
A01873,P01873,05/04/2023,18/04/2023,Orthopedic,H07,55056
A01874,P01874,02/11/2024,17/11/2024,Orthopedic,H07,249755
A01875,P01875,03/09/2024,17/09/2024,Neurology,H06,109639
A01876,P01876,2024-03-17,2024-03-18,Pediatrics,H03,105368
A01877,P01877,Dec 09 2023,Dec 11 2023,Cardiology,H08,100998
A01878,P01878,2024/08/24,2024/09/05,Cardiology,H04,100218
A01879,P01879,01-05-2024,06-05-2024,Orthopedic,H04,159130
A01880,P01880,10/03/2023,18/03/2023,Neurology,H05,215400
A01881,P01881,Sep 15 2023,Sep 24 2023,Cardiology,H02,174440
A01882,P01882,2024/10/01,2024/10/08,Neurology,H02,185281
A01883,P01883,Jul 22 2023,Jul 29 2023,Cardiology,H07,205093
A01884,P01884,2023/10/11,2023/10/13,Neurology,H07,88845
A01885,P01885,10/12/2023,13/12/2023,Neurology,H03,217967
A01886,P01886,Nov 22 2024,Dec 07 2024,Oncology,H08,235358
A01887,P01887,10-02-2023,12-02-2023,Cardiology,H05,5632
A01888,P01888,2024-06-24,2024-06-27,Pediatrics,H08,157792
A01889,P01889,16-03-2023,25-03-2023,Orthopedic,H01,145311
A01890,P01890,22-07-2024,06-08-2024,Orthopedic,H04,177568
A01891,P01891,Apr 03 2024,Apr 12 2024,Oncology,H02,179594
A01892,P01892,2023/05/20,2023/05/29,ICU,H04,33826
A01893,P01893,2023-01-09,2023-01-18,Cardiology,H06,228262
A01894,P01894,11-06-2024,24-06-2024,Emergency,H01,160391
A01895,P01895,04-12-2023,05-12-2023,Cardiology,H05,148263
A01896,P01896,17/01/2023,21/01/2023,Orthopedic,H01,
A01897,P01897,2023-12-15,2023-12-24,Pediatrics,H02,224899
A01898,P01898,Feb 19 2023,Feb 26 2023,Neurology,H06,191175
A01899,P01899,18-10-2024,30-10-2024,Oncology,H07,999999
A01900,P01900,28-08-2024,29-08-2024,Neurology,H02,171399
A01901,P01901,2023-08-30,2023-09-01,Pediatrics,H07,112723
A01902,P01902,Aug 05 2024,Aug 12 2024,Neurology,H02,10777
A01903,P01903,Jun 14 2023,Jun 29 2023,ICU,H07,117765
A01904,P01904,22/09/2023,01/10/2023,Neurology,H06,35081
A01905,P01905,02-08-2024,16-08-2024,ICU,H03,54845
A01906,P01906,2023/02/22,2023/03/08,Orthopedic,H05,217002
A01907,P01907,Aug 21 2024,Aug 31 2024,Oncology,H03,24621
A01908,P01908,2024-02-03,2024-02-17,Neurology,H01,156709
A01909,P01909,08/09/2023,,Oncology,H05,194790
A01910,P01910,Mar 19 2024,Mar 26 2024,Orthopedic,H08,185053
A01911,P01911,2023/05/03,2023/05/10,ICU,H02,97909
A01912,P01912,2023-08-05,2023-08-10,Emergency,H06,155654
A01913,P01913,Feb 28 2023,Mar 04 2023,Emergency,H07,248038
A01914,P01914,2023-10-25,2023-11-01,Orthopedic,H01,75954
A01915,P01915,2024/06/25,2024/06/28,Pediatrics,H06,234543
A01916,P01916,14/07/2023,27/07/2023,Oncology,H04,38312
A01917,P01917,2023/01/24,2023/01/27,Pediatrics,H08,76097
A01918,P01918,Jan 30 2024,Feb 01 2024,Neurology,H07,245347
A01919,P01919,12/04/2023,23/04/2023,Emergency,H06,232123
A01920,P01920,2024/01/07,2024/01/12,Emergency,H07,89042
A01921,P01921,02-05-2023,14-05-2023,Pediatrics,H06,8492
A01922,P01922,31/05/2024,10/06/2024,Orthopedic,H01,69330
A01923,P01923,14/06/2024,20/06/2024,Pediatrics,H05,76118
A01924,P01924,2023/05/25,2023/06/03,Orthopedic,H02,144041
A01925,P01925,26/08/2024,27/08/2024,Emergency,H07,118605
A01926,P01926,2024/01/17,2024/01/27,Neurology,H06,56418
A01927,P01927,11-11-2024,18-11-2024,Neurology,H08,217398
A01928,P01928,22/03/2024,25/03/2024,ICU,H04,67912
A01929,P01929,26/03/2023,03/04/2023,Neurology,H05,94248
A01930,P01930,06-05-2023,10-05-2023,Pediatrics,H06,165700
A01931,P01931,2023/12/14,2023/12/28,Oncology,H01,152068
A01932,P01932,14/06/2023,29/06/2023,Cardiology,H02,139721
A01933,P01933,2024/04/10,2024/04/12,Cardiology,H07,182718
A01934,P01934,14-05-2023,19-05-2023,Oncology,H01,100120
A01935,P01935,2023/05/17,2023/05/28,Emergency,H05,203810
A01936,P01936,2023/10/01,2023/10/05,Orthopedic,H04,208671
A01937,P01937,2023-10-12,2023-10-27,Pediatrics,H05,224922
A01938,P01938,10-09-2023,12-09-2023,Pediatrics,H04,13034
A01939,P01939,10/07/2023,22/07/2023,Cardiology,H07,188558
A01940,P01940,2024/11/09,2024/11/08,Emergency,H01,229590
A01941,P01941,2024/03/10,2024/03/21,Pediatrics,H05,132494
A01942,P01942,2024/04/26,2024/05/07,Neurology,H01,171395
A01943,P01943,2023-04-10,2023-04-21,Cardiology,H05,233716
A01944,P01944,02-01-2023,06-01-2023,Orthopedic,H04,138509
A01945,P01945,24-04-2024,27-04-2024,Cardiology,H02,108358
A01946,P01946,19-10-2024,27-10-2024,Pediatrics,H08,127886
A01947,P01947,Sep 27 2024,Oct 08 2024,Neurology,H05,63114
A01948,P01948,26/05/2023,01/06/2023,Emergency,H04,60507
A01949,P01949,22/09/2024,25/09/2024,Neurology,H06,74121
A01950,P01950,2024/05/19,2024/05/27,Neurology,H08,206841
A01951,P01951,Apr 12 2024,Apr 18 2024,Pediatrics,H06,121890
A01952,P01952,19/02/2023,21/02/2023,Oncology,H06,177587
A01953,P01953,2023-07-11,2023-07-13,Orthopedic,H05,247632
A01954,P01954,2024-03-18,2024-03-22,ICU,H04,191377
A01955,P01955,27/06/2024,07/07/2024,ICU,H08,221820
A01956,P01956,09-07-2024,23-07-2024,Neurology,H01,83048
A01957,P01957,Nov 14 2024,Nov 22 2024,Pediatrics,H04,91828
A01958,P01958,13-01-2024,26-01-2024,Orthopedic,H08,160728
A01959,P01959,2024-05-01,2024-05-16,Emergency,H04,105484
A01960,P01960,29-11-2024,02-12-2024,Orthopedic,H04,142946
A01961,P01961,2023-05-14,2023-05-17,Orthopedic,H05,249766
A01962,P01962,2024-02-22,2024-03-07,Pediatrics,H08,115018
A01963,P01963,Aug 29 2024,Sep 05 2024,ICU,H08,200593
A01964,P01964,2024-06-21,2024-06-30,Emergency,H07,204678
A01965,P01965,2023/08/09,2023/08/21,Cardiology,H04,246043
A01966,P01966,Aug 10 2024,Aug 20 2024,Orthopedic,H06,193388
A01967,P01967,22/08/2024,03/09/2024,Cardiology,H06,21945
A01968,P01968,24/03/2024,28/03/2024,Orthopedic,H01,170821
A01969,P01969,31-03-2023,05-04-2023,Neurology,H08,125750
A01970,P01970,14-05-2024,21-05-2024,ICU,H04,41081
A01971,P01971,01-06-2024,08-06-2024,Oncology,H06,236562
A01972,P01972,27-10-2023,06-11-2023,ICU,H08,235125
A01973,P01973,2024-08-06,2024-08-18,Emergency,H03,130485
A01974,P01974,2023-05-19,2023-05-20,Pediatrics,H02,149216
A01975,P01975,2023-01-24,2023-01-26,Pediatrics,H05,
A01976,P01976,02-07-2023,16-07-2023,Pediatrics,H07,111902
A01977,P01977,2024-09-02,2024-09-09,Orthopedic,H02,52763
A01978,P01978,2023/11/26,2023/12/02,Orthopedic,H02,158661
A01979,P01979,17-09-2023,30-09-2023,Oncology,H01,202854
A01980,P01980,2024/08/01,2024/08/09,Pediatrics,H01,30730
A01981,P01981,10-11-2024,11-11-2024,Pediatrics,H05,5410
A01982,P01982,Oct 08 2024,Oct 17 2024,ICU,H03,187094
A01983,P01983,07/10/2023,18/10/2023,ICU,H05,50742
A01984,P01984,2024/08/26,2024/09/02,Pediatrics,H03,96637
A01985,P01985,Sep 26 2024,Oct 10 2024,Neurology,H01,140338
A01986,P01986,2023-12-20,2023-12-28,Emergency,H08,37583
A01987,P01987,Jun 09 2023,Jun 11 2023,Pediatrics,H04,52196
A01988,P01988,20/09/2023,03/10/2023,Orthopedic,H04,66607
A01989,P01989,2024/03/18,2024/03/24,ICU,H08,182081
A01990,P01990,2024/05/24,2024/05/28,Pediatrics,H03,70717
A01991,P01991,Feb 02 2024,Feb 11 2024,ICU,H06,228925
A01992,P01992,19/02/2023,,Cardiology,H05,23244
A01993,P01993,24-10-2024,01-11-2024,Cardiology,H05,162093
A01994,P01994,2023/01/02,2023/01/17,Cardiology,H03,130143
A01995,P01995,2024-06-06,2024-06-19,Cardiology,H01,113248
A01996,P01996,May 07 2024,May 14 2024,Pediatrics,H07,108032
A01997,P01997,2024/09/10,2024/09/24,Orthopedic,H08,180244
A01998,P01998,2023-06-05,2023-06-13,Oncology,H03,36380
A01999,P01999,24/10/2023,30/10/2023,ICU,H04,107248
A02000,P02000,21/02/2023,24/02/2023,Oncology,H04,96295
A02001,P02001,01-02-2024,07-02-2024,Neurology,H06,192466
A02002,P02002,30-11-2023,08-12-2023,Pediatrics,H07,195748
A02003,P02003,16/05/2024,22/05/2024,Cardiology,H08,196180
A02004,P02004,2024-07-27,2024-08-08,Pediatrics,H08,19519
A02005,P02005,30-06-2023,12-07-2023,Pediatrics,H05,63719
A02006,P02006,2024/04/17,2024/04/22,ICU,H02,195322
A02007,P02007,2023/07/07,2023/07/09,Emergency,H04,73238
A02008,P02008,2024/11/03,2024/11/14,Neurology,H02,249327
A02009,P02009,2024/08/09,2024/08/12,ICU,H06,230609
A02010,P02010,Feb 08 2024,Feb 13 2024,Emergency,H01,63448
A02011,P02011,Aug 20 2024,Aug 22 2024,Emergency,H06,170032
A02012,P02012,2024/02/07,2024/02/11,Cardiology,H07,9327
A02013,P02013,2023/07/25,2023/07/28,Cardiology,H01,191386
A02014,P02014,2024-01-03,2024-01-10,Cardiology,H08,72889
A02015,P02015,2024/06/06,2024/06/20,Oncology,H01,199239
A02016,P02016,04-11-2023,06-11-2023,Neurology,H06,28699
A02017,P02017,2023/07/20,2023/08/01,Pediatrics,H04,170620
A02018,P02018,2024/09/10,2024/09/16,Neurology,H08,249058
A02019,P02019,05/10/2024,18/10/2024,Emergency,H06,215190
A02020,P02020,17-08-2024,24-08-2024,ICU,H08,120518
A02021,P02021,Mar 04 2023,Mar 10 2023,Emergency,H01,83171
A02022,P02022,2024-04-30,2024-05-03,Emergency,H07,186769
A02023,P02023,15-09-2024,30-09-2024,Orthopedic,H05,30191
A02024,P02024,16/07/2024,30/07/2024,Cardiology,H01,130372
A02025,P02025,03/11/2024,13/11/2024,Neurology,H02,69824
A02026,P02026,06/08/2023,13/08/2023,Emergency,H04,138513
A02027,P02027,Apr 27 2024,May 04 2024,Neurology,H02,10167
A02028,P02028,2023/09/13,2023/09/26,Oncology,H05,147874
A02029,P02029,Mar 19 2023,Mar 27 2023,Cardiology,H03,131361
A02030,P02030,2024-09-14,2024-09-23,Neurology,H06,74707
A02031,P02031,06-03-2023,12-03-2023,ICU,H02,213796
A02032,P02032,2024/04/29,2024/05/10,Orthopedic,H06,242815
A02033,P02033,25-07-2024,28-07-2024,Neurology,H06,45668
A02034,P02034,06/01/2024,18/01/2024,Orthopedic,H08,148339
A02035,P02035,2024-11-15,2024-11-29,ICU,H04,240470
A02036,P02036,06/01/2023,19/01/2023,Emergency,H03,43755
A02037,P02037,14/09/2024,13/09/2024,Orthopedic,H03,66744
A02038,P02038,2024/07/10,2024/07/19,ICU,H02,165554
A02039,P02039,19/01/2024,25/01/2024,Emergency,H07,215457
A02040,P02040,2023/11/04,2023/11/07,Emergency,H05,112620
A02041,P02041,May 25 2024,Jun 01 2024,Pediatrics,H06,77608
A02042,P02042,2023-11-25,2023-12-03,Neurology,H04,184424
A02043,P02043,2023-04-16,2023-05-01,Emergency,H06,37218
A02044,P02044,2024-12-01,2024-12-10,Cardiology,H08,148217
A02045,P02045,2023/11/20,2023/12/02,Oncology,H06,86395
A02046,P02046,Jan 27 2023,Feb 05 2023,Pediatrics,H01,34127
A02047,P02047,24-11-2023,25-11-2023,Cardiology,H07,33540
A02048,P02048,13-05-2024,21-05-2024,Orthopedic,H05,215689
A02049,P02049,2024/05/26,2024/05/28,Neurology,H08,159211
A02050,P02050,28-06-2024,05-07-2024,Neurology,H07,103809
A02051,P02051,Oct 11 2024,Oct 18 2024,Orthopedic,H04,204961
A02052,P02052,13/08/2023,18/08/2023,ICU,H08,219234
A02053,P02053,11-10-2023,18-10-2023,Neurology,H08,64997
A02054,P02054,14/08/2024,17/08/2024,Oncology,H07,
A02055,P02055,24-06-2023,26-06-2023,Cardiology,H06,166515
A02056,P02056,01/01/2023,05/01/2023,Orthopedic,H04,132119
A02057,P02057,2024/07/16,2024/07/20,Orthopedic,H01,80575
A02058,P02058,27/11/2023,29/11/2023,Orthopedic,H01,162361
A02059,P02059,2023-11-24,2023-11-29,Neurology,H07,129056
A02060,P02060,28-01-2023,05-02-2023,Pediatrics,H07,231570
A02061,P02061,17-06-2023,19-06-2023,Orthopedic,H08,75695
A02062,P02062,06/04/2024,13/04/2024,Cardiology,H06,103998
A02063,P02063,2024-08-17,2024-08-27,Cardiology,H08,150922
A02064,P02064,2023/11/02,2023/11/14,ICU,H07,65777
A02065,P02065,09/01/2024,19/01/2024,Pediatrics,H06,120663
A02066,P02066,2024/06/20,2024/07/03,Emergency,H06,83496
A02067,P02067,Nov 01 2024,Nov 09 2024,Neurology,H02,35531
A02068,P02068,08-10-2024,17-10-2024,Orthopedic,H05,71365
A02069,P02069,2024/09/07,2024/09/09,ICU,H04,245862
A02070,P02070,Aug 01 2024,Aug 04 2024,ICU,H05,93853
A02071,P02071,2024/05/03,2024/05/11,Neurology,H08,77788
A02072,P02072,17/10/2024,19/10/2024,Neurology,H05,42120
A02073,P02073,2024/06/11,2024/06/19,ICU,H02,101781
A02074,P02074,2024-09-27,2024-10-12,Oncology,H08,148729
A02075,P02075,Dec 07 2023,,Oncology,H04,160353
A02076,P02076,10/05/2023,24/05/2023,Cardiology,H01,160883
A02077,P02077,Mar 03 2023,Mar 13 2023,Orthopedic,H05,8223
A02078,P02078,2023-12-26,2024-01-03,ICU,H06,65323
A02079,P02079,Jul 17 2024,Jul 22 2024,Orthopedic,H02,13497
A02080,P02080,08/08/2024,13/08/2024,Neurology,H05,84407
A02081,P02081,23/02/2024,08/03/2024,Pediatrics,H08,177414
A02082,P02082,16/04/2023,20/04/2023,Neurology,H04,164925
A02083,P02083,2023/02/26,2023/03/04,Neurology,H06,67061
A02084,P02084,Jul 19 2023,Jul 29 2023,Orthopedic,H01,128811
A02085,P02085,2024/08/07,2024/08/20,Emergency,H03,46007
A02086,P02086,03-05-2023,10-05-2023,Cardiology,H08,245183
A02087,P02087,2024/07/27,2024/08/09,Orthopedic,H08,169942
A02088,P02088,31-05-2024,03-06-2024,Pediatrics,H08,209018
A02089,P02089,2023/07/14,2023/07/28,Neurology,H01,116391
A02090,P02090,2024/08/25,2024/09/02,Emergency,H04,62538
A02091,P02091,2024/03/23,2024/03/30,Emergency,H08,12136
A02092,P02092,04-11-2024,12-11-2024,Oncology,H06,136922
A02093,P02093,2023-12-10,2023-12-23,Oncology,H01,235541
A02094,P02094,Oct 20 2024,Oct 25 2024,Pediatrics,H01,100367
A02095,P02095,30/03/2024,09/04/2024,Neurology,H01,109786
A02096,P02096,2023-03-25,2023-04-09,Emergency,H04,120721
A02097,P02097,06/07/2023,13/07/2023,Neurology,H08,98242
A02098,P02098,13/06/2024,19/06/2024,ICU,H04,80929
A02099,P02099,Jan 17 2023,Jan 27 2023,Pediatrics,H02,84767
A02100,P02100,2023/12/26,2024/01/03,Cardiology,H08,36736
A02101,P02101,Mar 28 2024,Apr 01 2024,Emergency,H08,158106
A02102,P02102,Jun 18 2023,Jul 01 2023,Orthopedic,H02,172119
A02103,P02103,27-08-2024,04-09-2024,Cardiology,H05,180792
A02104,P02104,2023/01/08,2023/01/14,Orthopedic,H04,191604
A02105,P02105,2024-07-17,2024-07-23,Pediatrics,H07,56326
A02106,P02106,13-12-2023,24-12-2023,Neurology,H07,130100
A02107,P02107,18/06/2024,02/07/2024,Orthopedic,H01,167323
A02108,P02108,2024-04-09,2024-04-15,Oncology,H04,26514
A02109,P02109,2023/02/16,2023/02/26,ICU,H03,113896
A02110,P02110,08/03/2023,17/03/2023,Cardiology,H06,999999
A02111,P02111,02-02-2024,06-02-2024,ICU,H01,149910
A02112,P02112,2023/07/07,2023/07/21,Orthopedic,H04,141496
A02113,P02113,05-04-2024,20-04-2024,Emergency,H03,218443
A02114,P02114,Apr 25 2023,May 07 2023,Neurology,H05,155340
A02115,P02115,28/03/2023,05/04/2023,ICU,H04,32112
A02116,P02116,2023/01/03,2023/01/15,Emergency,H01,55388
A02117,P02117,Jun 25 2024,Jul 04 2024,Cardiology,H07,61557
A02118,P02118,Jul 26 2024,Aug 06 2024,Emergency,H04,246520
A02119,P02119,11-03-2024,26-03-2024,ICU,H08,37406
A02120,P02120,15/06/2023,24/06/2023,ICU,H06,108459
A02121,P02121,2024/11/13,2024/11/14,ICU,H08,249923
A02122,P02122,May 07 2024,May 22 2024,Emergency,H06,96723
A02123,P02123,04/04/2024,16/04/2024,Oncology,H06,244603
A02124,P02124,2023-10-25,2023-11-07,Orthopedic,H08,5787
A02125,P02125,07/05/2024,13/05/2024,Orthopedic,H01,8129
A02126,P02126,Jul 03 2023,Jul 15 2023,Oncology,H02,221289
A02127,P02127,27-01-2023,11-02-2023,Oncology,H06,88927
A02128,P02128,2024/06/25,2024/06/28,Orthopedic,H08,60372
A02129,P02129,May 30 2024,Jun 12 2024,Oncology,H08,99316
A02130,P02130,06/10/2024,07/10/2024,Cardiology,H03,142991
A02131,P02131,2023-10-23,2023-10-24,Orthopedic,H02,212872
A02132,P02132,2024-01-14,2024-01-27,Pediatrics,H05,127398
A02133,P02133,16/08/2024,18/08/2024,ICU,H07,
A02134,P02134,15-01-2023,14-01-2023,ICU,H02,36164
A02135,P02135,Mar 30 2023,Apr 10 2023,Pediatrics,H07,101134
A02136,P02136,2024-03-23,2024-03-27,Orthopedic,H01,174844
A02137,P02137,2023/10/10,2023/10/21,Orthopedic,H01,176548
A02138,P02138,2023-02-13,2023-02-27,Orthopedic,H06,222385
A02139,P02139,Jul 19 2024,Jul 20 2024,Emergency,H03,172961
A02140,P02140,2023/05/14,2023/05/15,Oncology,H01,111466
A02141,P02141,2024/10/28,2024/11/02,Oncology,H05,164116
A02142,P02142,30/09/2024,06/10/2024,Pediatrics,H06,119581
A02143,P02143,27-10-2024,28-10-2024,Pediatrics,H04,246254
A02144,P02144,2024/11/02,2024/11/06,Neurology,H07,152435
A02145,P02145,2023/10/27,2023/10/30,Neurology,H05,233282
A02146,P02146,Jan 07 2024,Jan 20 2024,Pediatrics,H02,138690
A02147,P02147,2024-05-11,2024-05-20,Neurology,H04,196247
A02148,P02148,2023-12-24,2024-01-06,Oncology,H05,205062
A02149,P02149,20/10/2024,25/10/2024,Pediatrics,H07,76341
A02150,P02150,16/02/2024,27/02/2024,Cardiology,H01,164244
A02151,P02151,Feb 05 2023,Feb 11 2023,Emergency,H01,60500
A02152,P02152,07-10-2023,21-10-2023,Emergency,H07,204387
A02153,P02153,22/05/2024,05/06/2024,Cardiology,H05,87884
A02154,P02154,11-01-2023,18-01-2023,Pediatrics,H08,33702
A02155,P02155,22-02-2023,04-03-2023,ICU,H04,136586
A02156,P02156,2023/03/17,2023/03/31,Emergency,H02,8646
A02157,P02157,2024/02/12,2024/02/21,Emergency,H02,243821
A02158,P02158,2023-08-17,,Pediatrics,H05,229901
A02159,P02159,24-01-2024,26-01-2024,Neurology,H02,183091
A02160,P02160,2024-01-09,2024-01-11,Orthopedic,H06,104882
A02161,P02161,2023/09/25,2023/10/02,Orthopedic,H08,45229
A02162,P02162,2023-08-26,2023-08-29,Orthopedic,H04,232037
A02163,P02163,2024-03-07,2024-03-10,ICU,H08,120703
A02164,P02164,09/02/2024,22/02/2024,Neurology,H06,232260
A02165,P02165,25-05-2024,30-05-2024,Orthopedic,H06,133000
A02166,P02166,08-02-2023,09-02-2023,Emergency,H08,170378
A02167,P02167,2023/05/03,2023/05/18,Pediatrics,H04,65696
A02168,P02168,Apr 02 2023,Apr 15 2023,Cardiology,H07,135032
A02169,P02169,Feb 07 2023,Feb 10 2023,Oncology,H02,105310
A02170,P02170,Sep 29 2023,Oct 07 2023,ICU,H06,27954
A02171,P02171,Feb 07 2023,Feb 12 2023,Cardiology,H06,205818
A02172,P02172,2023/07/09,2023/07/14,Orthopedic,H03,79430
A02173,P02173,2024/09/05,2024/09/17,Orthopedic,H06,161255
A02174,P02174,2023-09-21,2023-10-02,Oncology,H02,181466
A02175,P02175,2023/08/13,2023/08/22,Orthopedic,H08,16675
A02176,P02176,14/03/2024,15/03/2024,Neurology,H04,163057
A02177,P02177,30/03/2024,09/04/2024,Orthopedic,H03,107806
A02178,P02178,16/11/2023,30/11/2023,Pediatrics,H07,129576
A02179,P02179,2023/01/03,2023/01/08,Pediatrics,H02,177987
A02180,P02180,2023/11/15,2023/11/20,Oncology,H05,226474
A02181,P02181,04/01/2023,11/01/2023,Cardiology,H04,186873
A02182,P02182,27/12/2023,01/01/2024,Orthopedic,H06,45611
A02183,P02183,2023/12/16,2023/12/18,Neurology,H03,151010
A02184,P02184,16/03/2024,30/03/2024,Neurology,H05,28143
A02185,P02185,May 06 2023,May 12 2023,Oncology,H01,23977
A02186,P02186,Aug 12 2024,Aug 17 2024,Neurology,H06,248723
A02187,P02187,2023/05/25,2023/05/31,Orthopedic,H07,6737
A02188,P02188,08-07-2024,19-07-2024,Emergency,H05,21189
A02189,P02189,24-10-2024,08-11-2024,Pediatrics,H01,50068
A02190,P02190,25/03/2024,02/04/2024,Neurology,H07,23827
A02191,P02191,12/07/2023,17/07/2023,Pediatrics,H03,13550
A02192,P02192,03-11-2024,07-11-2024,Emergency,H02,133113
A02193,P02193,12/09/2023,19/09/2023,Neurology,H08,128171
A02194,P02194,11/09/2023,14/09/2023,ICU,H03,235267
A02195,P02195,2024/04/04,2024/04/19,ICU,H08,194006
A02196,P02196,2023/10/26,2023/11/10,Orthopedic,H02,166063
A02197,P02197,Aug 17 2024,Aug 30 2024,Emergency,H08,105873
A02198,P02198,2024/10/17,2024/10/30,Emergency,H03,82128
A02199,P02199,Aug 11 2024,Aug 16 2024,Emergency,H04,164146
A02200,P02200,16/03/2023,23/03/2023,Orthopedic,H08,133184
A02201,P02201,2023/06/10,2023/06/17,Orthopedic,H01,137286
A02202,P02202,05/12/2023,12/12/2023,ICU,H08,175166
A02203,P02203,23-10-2024,27-10-2024,Neurology,H01,205083
A02204,P02204,2023-07-15,2023-07-22,Pediatrics,H04,37359
A02205,P02205,2023/04/20,2023/04/28,Cardiology,H06,161466
A02206,P02206,Sep 07 2023,Sep 08 2023,Neurology,H04,244898
A02207,P02207,13/07/2023,15/07/2023,Orthopedic,H02,176490
A02208,P02208,2024-06-08,2024-06-10,ICU,H05,109336
A02209,P02209,2024-07-07,2024-07-10,ICU,H03,70413
A02210,P02210,2024-07-04,2024-07-18,Oncology,H04,36256
A02211,P02211,27-05-2024,10-06-2024,Pediatrics,H06,186698
A02212,P02212,2023-07-18,2023-07-20,Orthopedic,H05,
A02213,P02213,15/11/2024,25/11/2024,Emergency,H02,131884
A02214,P02214,2024/01/04,2024/01/08,Oncology,H02,73181
A02215,P02215,22-11-2023,05-12-2023,Cardiology,H07,27140
A02216,P02216,2024-03-12,2024-03-21,Oncology,H03,115163
A02217,P02217,2023/08/30,2023/09/05,Orthopedic,H07,20624
A02218,P02218,08/02/2023,15/02/2023,Pediatrics,H03,244297
A02219,P02219,May 27 2023,Jun 10 2023,Emergency,H03,134618
A02220,P02220,May 29 2023,May 31 2023,Oncology,H03,172333
A02221,P02221,2024-03-12,2024-03-25,Neurology,H06,208515
A02222,P02222,2023/02/14,2023/02/17,Cardiology,H05,22055
A02223,P02223,2023-02-03,2023-02-09,ICU,H08,232134
A02224,P02224,2024-10-29,2024-11-05,Pediatrics,H02,40637
A02225,P02225,08-02-2023,18-02-2023,Pediatrics,H06,130203
A02226,P02226,2023/07/08,2023/07/17,ICU,H06,108719
A02227,P02227,20-02-2023,24-02-2023,Emergency,H02,114772
A02228,P02228,05-02-2024,20-02-2024,Pediatrics,H03,217211
A02229,P02229,Apr 27 2023,Apr 28 2023,Neurology,H08,121005
A02230,P02230,2023-07-20,2023-07-29,ICU,H02,184805
A02231,P02231,15/10/2023,14/10/2023,Neurology,H01,9689
A02232,P02232,09/09/2024,10/09/2024,Cardiology,H06,244445
A02233,P02233,2024/11/11,2024/11/14,Oncology,H01,109281
A02234,P02234,2024-05-08,2024-05-19,Pediatrics,H05,51470
A02235,P02235,May 19 2024,May 28 2024,Orthopedic,H08,221353
A02236,P02236,30-09-2024,12-10-2024,Oncology,H03,145053
A02237,P02237,06/03/2023,09/03/2023,Neurology,H02,126070
A02238,P02238,05/12/2023,08/12/2023,Oncology,H04,161252
A02239,P02239,27/06/2023,07/07/2023,Pediatrics,H03,123885
A02240,P02240,Dec 02 2023,Dec 03 2023,Orthopedic,H04,34395
A02241,P02241,Jul 17 2024,,Orthopedic,H05,207075
A02242,P02242,2023-08-29,2023-09-07,ICU,H05,145772
A02243,P02243,05-01-2024,10-01-2024,Emergency,H01,124150
A02244,P02244,2023/02/28,2023/03/14,Oncology,H03,169934
A02245,P02245,2023/10/04,2023/10/08,ICU,H04,109800
A02246,P02246,May 04 2024,May 10 2024,Pediatrics,H06,172385
A02247,P02247,2024-10-25,2024-10-30,Orthopedic,H04,222993
A02248,P02248,2024/07/06,2024/07/12,Cardiology,H08,15142
A02249,P02249,2024-04-20,2024-04-30,Cardiology,H04,157320
A02250,P02250,2023/04/29,2023/05/12,Cardiology,H02,42961
A02251,P02251,Aug 21 2023,Aug 31 2023,Emergency,H01,190234
A02252,P02252,17/10/2023,21/10/2023,Cardiology,H06,66990
A02253,P02253,2024/11/20,2024/11/30,Orthopedic,H01,115237
A02254,P02254,2023-04-29,2023-05-01,ICU,H01,86889
A02255,P02255,03-04-2023,14-04-2023,Neurology,H06,57401
A02256,P02256,2023-07-10,2023-07-24,Neurology,H03,118974
A02257,P02257,2024-01-28,2024-02-08,Neurology,H02,153647
A02258,P02258,Feb 02 2024,Feb 05 2024,ICU,H07,204369
A02259,P02259,21/08/2023,23/08/2023,Cardiology,H05,104389
A02260,P02260,23-02-2023,26-02-2023,Cardiology,H01,54886
A02261,P02261,2023/03/07,2023/03/09,ICU,H02,186167
A02262,P02262,08-09-2024,13-09-2024,ICU,H05,87951
A02263,P02263,Feb 17 2023,Mar 02 2023,Emergency,H06,33871
A02264,P02264,30-01-2023,01-02-2023,Pediatrics,H01,161766
A02265,P02265,Jan 06 2023,Jan 13 2023,ICU,H04,207205
A02266,P02266,Oct 14 2024,Oct 17 2024,ICU,H04,215388
A02267,P02267,09-01-2024,15-01-2024,ICU,H07,27813
A02268,P02268,Sep 02 2023,Sep 05 2023,Cardiology,H04,74136
A02269,P02269,2024-10-29,2024-11-01,Neurology,H07,189687
A02270,P02270,2024-05-05,2024-05-06,ICU,H06,109032
A02271,P02271,2024-03-09,2024-03-12,Emergency,H03,82293
A02272,P02272,Jul 17 2023,Aug 01 2023,ICU,H08,121851
A02273,P02273,2023-10-22,2023-11-02,Emergency,H01,83909
A02274,P02274,2024/01/12,2024/01/14,Orthopedic,H04,135646
A02275,P02275,04/06/2023,16/06/2023,Oncology,H08,135020
A02276,P02276,Nov 24 2024,Nov 27 2024,Cardiology,H06,108223
A02277,P02277,2024/06/23,2024/07/08,Emergency,H02,142006
A02278,P02278,15-02-2024,29-02-2024,Cardiology,H08,70345
A02279,P02279,Apr 19 2023,May 03 2023,Cardiology,H02,34707
A02280,P02280,22/09/2023,04/10/2023,Cardiology,H03,73968
A02281,P02281,27-10-2023,01-11-2023,Orthopedic,H07,100488
A02282,P02282,26/03/2024,28/03/2024,Pediatrics,H04,244942
A02283,P02283,2024-03-30,2024-04-14,ICU,H05,199267
A02284,P02284,05-04-2023,20-04-2023,Cardiology,H07,246711
A02285,P02285,16-02-2024,22-02-2024,Orthopedic,H01,86334
A02286,P02286,Jul 09 2024,Jul 17 2024,Oncology,H01,199059
A02287,P02287,Jul 16 2023,Jul 17 2023,Cardiology,H02,239037
A02288,P02288,2024/05/19,2024/06/03,Cardiology,H08,242595
A02289,P02289,2023/01/30,2023/02/01,Pediatrics,H01,59079
A02290,P02290,2023-04-27,2023-05-08,ICU,H04,37957
A02291,P02291,29/06/2024,13/07/2024,Cardiology,H02,
A02292,P02292,10/04/2024,11/04/2024,Orthopedic,H08,69065
A02293,P02293,2024/08/24,2024/08/30,ICU,H05,224829
A02294,P02294,2023-01-13,2023-01-15,Cardiology,H06,154352
A02295,P02295,25/10/2023,07/11/2023,Pediatrics,H01,109545
A02296,P02296,24-03-2024,07-04-2024,Oncology,H05,43942
A02297,P02297,2023-03-18,2023-03-25,Orthopedic,H04,233083
A02298,P02298,05/10/2023,10/10/2023,Pediatrics,H02,178222
A02299,P02299,May 06 2023,May 21 2023,Orthopedic,H05,129001
A02300,P02300,2024/11/05,2024/11/12,Orthopedic,H03,42878
A02301,P02301,10/05/2023,24/05/2023,Pediatrics,H07,21370
A02302,P02302,28/10/2023,09/11/2023,Oncology,H02,24211
A02303,P02303,08-03-2024,13-03-2024,Cardiology,H04,109944
A02304,P02304,14-06-2024,27-06-2024,Cardiology,H06,96149
A02305,P02305,20/09/2024,24/09/2024,Pediatrics,H07,78158
A02306,P02306,Feb 05 2024,Feb 08 2024,Oncology,H08,21942
A02307,P02307,2023/10/21,2023/10/26,Neurology,H04,90131
A02308,P02308,2023/04/11,2023/04/24,Orthopedic,H06,232067
A02309,P02309,2023/01/10,2023/01/11,Orthopedic,H05,209243
A02310,P02310,2023-04-16,2023-04-28,Neurology,H08,236119
A02311,P02311,2024-10-30,2024-11-14,Pediatrics,H05,63658
A02312,P02312,2024/10/18,2024/10/30,Oncology,H04,236944
A02313,P02313,2024-10-09,2024-10-22,Cardiology,H08,184200
A02314,P02314,10-07-2024,24-07-2024,Cardiology,H08,184291
A02315,P02315,2024/07/02,2024/07/12,Pediatrics,H06,224050
A02316,P02316,2024/04/08,2024/04/09,Emergency,H04,34222
A02317,P02317,Jan 15 2023,Jan 17 2023,Pediatrics,H06,187321
A02318,P02318,Oct 11 2024,Oct 22 2024,ICU,H05,79312
A02319,P02319,25/05/2024,29/05/2024,Pediatrics,H04,75114
A02320,P02320,16-01-2024,24-01-2024,ICU,H08,70171
A02321,P02321,2023-02-05,2023-02-16,ICU,H06,999999
A02322,P02322,Jun 09 2023,Jun 23 2023,Cardiology,H08,68286
A02323,P02323,2023-11-24,2023-11-29,Oncology,H04,6074
A02324,P02324,2024-04-30,,Pediatrics,H02,244058
A02325,P02325,Jun 14 2024,Jun 24 2024,Emergency,H08,109288
A02326,P02326,2023-10-03,2023-10-15,Orthopedic,H03,167569
A02327,P02327,2024-08-01,2024-08-07,Oncology,H06,194860
A02328,P02328,03-02-2023,02-02-2023,Emergency,H03,131639
A02329,P02329,2024-05-29,2024-06-07,ICU,H03,74966
A02330,P02330,2024/02/04,2024/02/13,ICU,H04,18009
A02331,P02331,12-09-2024,23-09-2024,Neurology,H05,238763
A02332,P02332,2023/03/20,2023/03/31,Cardiology,H06,29864
A02333,P02333,2023-10-03,2023-10-16,Pediatrics,H07,185878
A02334,P02334,2023/07/01,2023/07/10,Emergency,H01,174366
A02335,P02335,06-06-2024,18-06-2024,Pediatrics,H01,200330
A02336,P02336,08-02-2024,21-02-2024,Cardiology,H02,57791
A02337,P02337,2023-06-03,2023-06-11,Orthopedic,H03,157716
A02338,P02338,21/07/2024,03/08/2024,Neurology,H04,221530
A02339,P02339,2023-09-05,2023-09-08,ICU,H08,91330
A02340,P02340,25/05/2024,31/05/2024,Oncology,H04,5605
A02341,P02341,Jun 15 2024,Jun 28 2024,ICU,H02,238811
A02342,P02342,10/03/2024,22/03/2024,Pediatrics,H02,125715
A02343,P02343,2023-09-25,2023-09-29,Oncology,H03,78208
A02344,P02344,2024/05/23,2024/05/27,Neurology,H06,42741
A02345,P02345,2024/10/28,2024/11/01,ICU,H05,188379
A02346,P02346,2023-07-04,2023-07-15,Orthopedic,H03,239852
A02347,P02347,13-01-2023,18-01-2023,Cardiology,H08,53532
A02348,P02348,31/08/2024,15/09/2024,Orthopedic,H02,131130
A02349,P02349,14-01-2024,22-01-2024,Emergency,H05,22171
A02350,P02350,May 27 2023,May 28 2023,Pediatrics,H06,230294
A02351,P02351,03/08/2024,14/08/2024,Oncology,H06,227013
A02352,P02352,2023-08-20,2023-09-03,Emergency,H06,205824
A02353,P02353,03-01-2024,11-01-2024,Emergency,H04,134596
A02354,P02354,Feb 09 2024,Feb 20 2024,Neurology,H08,210442
A02355,P02355,2023/08/04,2023/08/14,ICU,H03,96287
A02356,P02356,16-08-2023,28-08-2023,Cardiology,H07,169321
A02357,P02357,2024-11-28,2024-12-01,Neurology,H02,157828
A02358,P02358,Sep 03 2023,Sep 05 2023,Pediatrics,H02,31732
A02359,P02359,03/09/2023,04/09/2023,Cardiology,H08,33024
A02360,P02360,03/12/2023,09/12/2023,Pediatrics,H01,205525
A02361,P02361,Jul 02 2023,Jul 09 2023,Orthopedic,H05,156197
A02362,P02362,17/04/2023,21/04/2023,Oncology,H03,41551
A02363,P02363,05/07/2023,19/07/2023,Cardiology,H08,49597
A02364,P02364,13-09-2023,26-09-2023,Pediatrics,H08,89345
A02365,P02365,02-03-2023,07-03-2023,Emergency,H02,59316
A02366,P02366,2023/09/12,2023/09/13,Orthopedic,H08,143095
A02367,P02367,15/06/2024,23/06/2024,Neurology,H02,166997
A02368,P02368,2023-08-19,2023-08-26,Pediatrics,H03,218846
A02369,P02369,2023/05/24,2023/06/04,Emergency,H01,19177
A02370,P02370,24-09-2024,28-09-2024,ICU,H02,
A02371,P02371,2024-01-17,2024-01-27,Cardiology,H08,65787
A02372,P02372,Jul 10 2024,Jul 15 2024,Emergency,H04,192267
A02373,P02373,2024-07-07,2024-07-11,Pediatrics,H05,121460
A02374,P02374,2024/10/27,2024/11/11,Oncology,H04,199099
A02375,P02375,2024-07-10,2024-07-12,Oncology,H04,63545
A02376,P02376,2024-04-01,2024-04-12,Emergency,H05,70590
A02377,P02377,10/02/2024,15/02/2024,Orthopedic,H06,225807
A02378,P02378,2023-11-12,2023-11-20,ICU,H01,229479
A02379,P02379,Jan 16 2023,Jan 31 2023,Orthopedic,H06,65984
A02380,P02380,27-10-2024,05-11-2024,Oncology,H04,39122
A02381,P02381,28-09-2023,10-10-2023,Pediatrics,H02,31507
A02382,P02382,2024-06-07,2024-06-18,Oncology,H03,150596
A02383,P02383,01/08/2024,10/08/2024,Cardiology,H03,89413
A02384,P02384,Jul 01 2024,Jul 09 2024,Emergency,H03,131155
A02385,P02385,15-12-2023,23-12-2023,Orthopedic,H04,198022
A02386,P02386,2024-04-20,2024-04-26,Oncology,H05,116717
A02387,P02387,Apr 13 2023,Apr 28 2023,Oncology,H04,227778
A02388,P02388,2023-08-10,2023-08-18,Cardiology,H07,207324
A02389,P02389,2024/02/25,2024/03/07,ICU,H01,238754
A02390,P02390,2024/10/22,2024/10/26,Neurology,H02,205684
A02391,P02391,13-04-2023,26-04-2023,Pediatrics,H07,23111
A02392,P02392,2023-04-06,2023-04-16,Orthopedic,H04,92133
A02393,P02393,27-01-2023,31-01-2023,Neurology,H02,133470
A02394,P02394,Jul 14 2023,Jul 25 2023,Neurology,H08,19961
A02395,P02395,19-05-2024,21-05-2024,Cardiology,H04,127293
A02396,P02396,12-05-2024,23-05-2024,Neurology,H01,175952
A02397,P02397,2024-02-29,2024-03-13,Emergency,H03,146152
A02398,P02398,2023-02-22,2023-02-27,Orthopedic,H03,246052
A02399,P02399,2023/02/16,2023/02/19,Cardiology,H07,216406
A02400,P02400,Jul 06 2023,Jul 14 2023,Orthopedic,H03,186606
A02401,P02401,2023/11/02,2023/11/11,ICU,H04,75783
A02402,P02402,May 31 2023,Jun 15 2023,Orthopedic,H01,211920
A02403,P02403,Mar 10 2024,Mar 24 2024,Emergency,H01,40232
A02404,P02404,10/12/2023,17/12/2023,ICU,H02,216568
A02405,P02405,2023-05-13,2023-05-27,Neurology,H01,123042
A02406,P02406,Sep 28 2024,Oct 06 2024,Oncology,H01,148847
A02407,P02407,Aug 28 2023,,Orthopedic,H01,188950
A02408,P02408,2024-07-04,2024-07-14,Oncology,H07,163463
A02409,P02409,Jul 06 2024,Jul 11 2024,ICU,H06,89366
A02410,P02410,02-04-2024,15-04-2024,Oncology,H08,25825
A02411,P02411,Sep 27 2023,Sep 30 2023,Orthopedic,H05,13812
A02412,P02412,Feb 26 2023,Mar 13 2023,Orthopedic,H06,27261
A02413,P02413,2024/03/05,2024/03/18,Cardiology,H03,78559
A02414,P02414,2023-02-19,2023-03-03,Pediatrics,H08,108168
A02415,P02415,20-11-2023,02-12-2023,Pediatrics,H04,161435
A02416,P02416,2023-02-06,2023-02-08,Orthopedic,H02,63740
A02417,P02417,2023-11-07,2023-11-13,Pediatrics,H01,198390
A02418,P02418,2024/02/01,2024/02/02,Cardiology,H05,154660
A02419,P02419,2023/10/06,2023/10/12,Emergency,H05,86088
A02420,P02420,2023-01-06,2023-01-07,Orthopedic,H01,15538
A02421,P02421,Jan 24 2023,Feb 05 2023,Orthopedic,H06,113093
A02422,P02422,15-09-2023,23-09-2023,Emergency,H04,105936
A02423,P02423,30-10-2023,12-11-2023,Orthopedic,H03,120532
A02424,P02424,2024/01/05,2024/01/06,Emergency,H03,78938
A02425,P02425,2023/10/16,2023/10/15,Orthopedic,H08,40271
A02426,P02426,2024-03-08,2024-03-10,Emergency,H01,55440
A02427,P02427,26-04-2024,02-05-2024,Cardiology,H02,198587
A02428,P02428,2024-06-03,2024-06-06,Cardiology,H07,180004
A02429,P02429,28/12/2023,08/01/2024,Orthopedic,H01,177458
A02430,P02430,2024-07-24,2024-07-30,Orthopedic,H01,153411
A02431,P02431,12/11/2023,14/11/2023,Cardiology,H08,93656
A02432,P02432,2023/03/14,2023/03/19,Pediatrics,H07,23653
A02433,P02433,Dec 01 2024,Dec 09 2024,ICU,H07,215751
A02434,P02434,2023-07-13,2023-07-24,Pediatrics,H04,15451
A02435,P02435,10/06/2023,12/06/2023,ICU,H07,158075
A02436,P02436,2024-04-28,2024-05-01,Orthopedic,H07,99954
A02437,P02437,2023/04/13,2023/04/22,Orthopedic,H05,71579
A02438,P02438,24-01-2024,31-01-2024,Orthopedic,H03,79149
A02439,P02439,Sep 15 2023,Sep 17 2023,Emergency,H04,179136
A02440,P02440,09-07-2023,24-07-2023,Cardiology,H02,207544
A02441,P02441,2023/09/05,2023/09/16,Orthopedic,H05,38291
A02442,P02442,19-05-2024,02-06-2024,Neurology,H08,191185
A02443,P02443,29-11-2023,01-12-2023,Oncology,H05,193110
A02444,P02444,03-11-2023,18-11-2023,Emergency,H05,246389
A02445,P02445,2023-01-21,2023-01-31,Orthopedic,H07,178159
A02446,P02446,14-12-2023,19-12-2023,ICU,H04,240153
A02447,P02447,16/08/2024,27/08/2024,Orthopedic,H08,201287
A02448,P02448,2024-07-27,2024-08-07,Oncology,H04,129935
A02449,P02449,2024/05/04,2024/05/15,Pediatrics,H08,
A02450,P02450,Mar 04 2024,Mar 18 2024,ICU,H04,154990
A02451,P02451,08-04-2024,09-04-2024,Neurology,H05,89313
A02452,P02452,Jun 01 2023,Jun 03 2023,Cardiology,H08,152561
A02453,P02453,2023/05/06,2023/05/09,Emergency,H08,226952
A02454,P02454,2023/11/10,2023/11/17,ICU,H07,216479
A02455,P02455,2024/03/11,2024/03/24,Pediatrics,H02,20039
A02456,P02456,2024-08-25,2024-09-04,Orthopedic,H03,54735
A02457,P02457,Jan 25 2024,Jan 28 2024,Emergency,H04,94787
A02458,P02458,2023/04/26,2023/05/03,Emergency,H08,231668
A02459,P02459,16-01-2023,29-01-2023,ICU,H08,98070
A02460,P02460,23-11-2023,25-11-2023,Pediatrics,H06,11857
A02461,P02461,2024/10/30,2024/11/11,Neurology,H07,211106
A02462,P02462,2024-05-11,2024-05-22,Oncology,H05,84432
A02463,P02463,2024/04/01,2024/04/09,Oncology,H02,245307
A02464,P02464,2023-10-06,2023-10-12,ICU,H08,216015
A02465,P02465,26/02/2023,04/03/2023,Cardiology,H02,201573
A02466,P02466,Jan 04 2024,Jan 09 2024,Emergency,H05,72121
A02467,P02467,06-02-2023,18-02-2023,Emergency,H06,168312
A02468,P02468,Apr 14 2024,Apr 17 2024,ICU,H04,102046
A02469,P02469,May 17 2024,Jun 01 2024,Pediatrics,H05,75022
A02470,P02470,Jan 01 2024,Jan 13 2024,Pediatrics,H08,93297
A02471,P02471,2024/02/04,2024/02/08,Oncology,H06,68445
A02472,P02472,06/10/2023,07/10/2023,Orthopedic,H01,190750
A02473,P02473,Aug 01 2024,Aug 05 2024,Cardiology,H08,209563
A02474,P02474,2023/06/14,2023/06/29,ICU,H03,197343
A02475,P02475,24/06/2024,02/07/2024,Emergency,H06,106993
A02476,P02476,19-11-2024,04-12-2024,ICU,H01,150833
A02477,P02477,22-07-2024,27-07-2024,Oncology,H03,225593
A02478,P02478,2024/10/22,2024/11/05,Cardiology,H04,110665
A02479,P02479,2024/02/24,2024/03/08,Emergency,H01,164941
A02480,P02480,13/10/2024,26/10/2024,ICU,H05,126814
A02481,P02481,28-09-2023,01-10-2023,Oncology,H05,173145
A02482,P02482,Jul 21 2023,Jul 22 2023,ICU,H07,19845
A02483,P02483,2023/04/16,2023/04/22,ICU,H08,63703
A02484,P02484,23-04-2024,28-04-2024,Orthopedic,H08,41586
A02485,P02485,2023/04/19,2023/04/24,Cardiology,H02,152915
A02486,P02486,03/02/2024,14/02/2024,Emergency,H06,117283
A02487,P02487,2023/01/23,2023/02/05,Orthopedic,H03,50508
A02488,P02488,2023-12-19,2023-12-21,Emergency,H02,106763
A02489,P02489,2023/12/24,2024/01/03,Emergency,H01,129893
A02490,P02490,06-05-2024,,Neurology,H01,42204
A02491,P02491,2024-05-04,2024-05-05,Cardiology,H04,142333
A02492,P02492,Aug 09 2023,Aug 23 2023,Emergency,H01,198189
A02493,P02493,25/05/2023,07/06/2023,Orthopedic,H04,130914
A02494,P02494,2023/07/02,2023/07/12,Pediatrics,H03,230563
A02495,P02495,13-10-2023,18-10-2023,Emergency,H01,30603
A02496,P02496,2023/04/03,2023/04/14,Pediatrics,H06,156314
A02497,P02497,17-09-2024,19-09-2024,Pediatrics,H03,35928
A02498,P02498,Aug 09 2024,Aug 16 2024,Orthopedic,H01,241221
A02499,P02499,2023-09-11,2023-09-13,Neurology,H08,147186
A02500,P02500,2024-09-05,2024-09-10,Orthopedic,H06,118939
A02501,P02501,2023-04-09,2023-04-20,Cardiology,H04,43033
A02502,P02502,25-08-2023,08-09-2023,Pediatrics,H01,242484
A02503,P02503,12-01-2024,19-01-2024,Pediatrics,H07,118304
A02504,P02504,23-10-2024,28-10-2024,Neurology,H05,45418
A02505,P02505,13-07-2023,24-07-2023,Pediatrics,H08,59475
A02506,P02506,Jan 01 2024,Jan 16 2024,Emergency,H05,46685
A02507,P02507,30/01/2024,07/02/2024,ICU,H04,193614
A02508,P02508,10-11-2023,21-11-2023,Orthopedic,H01,208943
A02509,P02509,2023-09-07,2023-09-21,Neurology,H08,196635
A02510,P02510,01/05/2024,12/05/2024,Cardiology,H08,212851
A02511,P02511,12/08/2024,26/08/2024,ICU,H03,24561
A02512,P02512,2024-01-02,2024-01-16,Orthopedic,H04,91509
A02513,P02513,2023/06/11,2023/06/19,Emergency,H03,166844
A02514,P02514,Oct 12 2023,Oct 23 2023,Pediatrics,H04,207906
A02515,P02515,22/04/2024,29/04/2024,Pediatrics,H08,151368
A02516,P02516,14-05-2024,29-05-2024,Pediatrics,H05,68069
A02517,P02517,2024-08-31,2024-09-13,Oncology,H07,49948
A02518,P02518,29/03/2024,07/04/2024,ICU,H05,132819
A02519,P02519,24-05-2024,31-05-2024,Emergency,H02,245995
A02520,P02520,Feb 23 2023,Feb 24 2023,ICU,H03,121159
A02521,P02521,2024/09/03,2024/09/17,Oncology,H07,167641
A02522,P02522,18/11/2023,17/11/2023,Orthopedic,H02,201437
A02523,P02523,2023/11/21,2023/11/25,Pediatrics,H01,24479
A02524,P02524,2023-05-25,2023-05-30,Orthopedic,H02,10292
A02525,P02525,2023/01/09,2023/01/22,Emergency,H02,31813
A02526,P02526,18-05-2023,31-05-2023,Orthopedic,H04,215887
A02527,P02527,2023/09/12,2023/09/13,Neurology,H07,247718
A02528,P02528,2024/01/09,2024/01/18,Cardiology,H05,
A02529,P02529,2024/09/27,2024/10/01,Orthopedic,H06,214810
A02530,P02530,2023-01-31,2023-02-10,Orthopedic,H04,59922
A02531,P02531,2023-03-06,2023-03-07,Cardiology,H06,236278
A02532,P02532,Jun 07 2024,Jun 13 2024,ICU,H08,999999
A02533,P02533,2023-08-19,2023-09-02,ICU,H01,62383
A02534,P02534,2023-02-17,2023-02-28,ICU,H05,186680
A02535,P02535,03/08/2024,05/08/2024,ICU,H06,242290
A02536,P02536,2024-02-29,2024-03-13,Neurology,H01,135985
A02537,P02537,2023-07-09,2023-07-21,Pediatrics,H08,249643
A02538,P02538,2023/08/07,2023/08/11,Oncology,H08,66878
A02539,P02539,2024-10-10,2024-10-12,Oncology,H01,225583
A02540,P02540,Apr 11 2023,Apr 21 2023,ICU,H03,50037
A02541,P02541,20-03-2023,30-03-2023,Neurology,H03,228566
A02542,P02542,Nov 24 2024,Nov 25 2024,ICU,H02,5022
A02543,P02543,02-08-2023,09-08-2023,Orthopedic,H07,92723
A02544,P02544,2024-02-17,2024-02-20,Pediatrics,H06,245005
A02545,P02545,Mar 29 2023,Apr 02 2023,Emergency,H01,94493
A02546,P02546,2023/10/11,2023/10/13,Oncology,H01,21815
A02547,P02547,Feb 03 2023,Feb 09 2023,Cardiology,H06,18786
A02548,P02548,2023-09-06,2023-09-18,Emergency,H06,34492
A02549,P02549,2024/09/17,2024/09/18,Neurology,H08,222718
A02550,P02550,20-02-2024,04-03-2024,Oncology,H05,54949
A02551,P02551,2024/05/21,2024/05/31,ICU,H01,119562
A02552,P02552,Dec 02 2023,Dec 17 2023,Oncology,H06,136707
A02553,P02553,21/01/2024,27/01/2024,Orthopedic,H01,128783
A02554,P02554,07/10/2023,10/10/2023,ICU,H05,86163
A02555,P02555,2023/02/28,2023/03/10,Orthopedic,H07,234828
A02556,P02556,2023/04/23,2023/04/29,Orthopedic,H02,228539
A02557,P02557,14/06/2024,22/06/2024,ICU,H02,208731
A02558,P02558,Apr 29 2023,May 08 2023,Oncology,H02,151296
A02559,P02559,2024-01-27,2024-02-02,Cardiology,H02,150840
A02560,P02560,2024/08/04,2024/08/15,Oncology,H06,210959
A02561,P02561,2023/12/29,2023/12/30,Neurology,H07,150924
A02562,P02562,18-05-2024,25-05-2024,Orthopedic,H01,227895
A02563,P02563,Sep 26 2023,Oct 08 2023,Cardiology,H05,80941
A02564,P02564,13/10/2023,23/10/2023,Orthopedic,H03,247315
A02565,P02565,2024/02/19,2024/03/03,Cardiology,H01,169929
A02566,P02566,2023-12-21,2023-12-23,Oncology,H02,91089
A02567,P02567,2023/08/21,2023/09/01,Pediatrics,H07,139164
A02568,P02568,2023/07/01,2023/07/10,Emergency,H08,71077
A02569,P02569,Feb 14 2023,Feb 17 2023,Cardiology,H07,71790
A02570,P02570,30-07-2024,01-08-2024,Neurology,H01,82283
A02571,P02571,2024/03/31,2024/04/11,Cardiology,H08,146288
A02572,P02572,2024-10-31,2024-11-01,Emergency,H02,117505
A02573,P02573,29/09/2023,,Emergency,H08,99358
A02574,P02574,07/06/2023,17/06/2023,Pediatrics,H08,201146
A02575,P02575,2024/02/05,2024/02/17,Pediatrics,H01,32465
A02576,P02576,Nov 17 2023,Nov 19 2023,ICU,H02,231897
A02577,P02577,2023-11-27,2023-11-28,ICU,H07,213806
A02578,P02578,2023-01-15,2023-01-27,Oncology,H08,223028
A02579,P02579,2023-12-23,2024-01-04,Emergency,H01,199665
A02580,P02580,2023/01/06,2023/01/21,Emergency,H05,129060
A02581,P02581,03-07-2023,08-07-2023,Orthopedic,H08,101396
A02582,P02582,2024-03-23,2024-04-01,ICU,H08,168874
A02583,P02583,2024-05-08,2024-05-15,ICU,H03,117163
A02584,P02584,05-04-2023,17-04-2023,Oncology,H03,46765
A02585,P02585,20/07/2024,25/07/2024,Oncology,H02,158667
A02586,P02586,23/09/2023,24/09/2023,Emergency,H03,171485
A02587,P02587,Apr 24 2023,Apr 27 2023,Neurology,H06,123613
A02588,P02588,2024/09/29,2024/10/08,Neurology,H07,63208
A02589,P02589,Apr 19 2024,May 02 2024,Cardiology,H02,185385
A02590,P02590,2023-06-24,2023-06-30,Emergency,H05,160453
A02591,P02591,2023/10/21,2023/11/01,Oncology,H07,235229
A02592,P02592,28-08-2024,11-09-2024,Cardiology,H02,146426
A02593,P02593,30/06/2023,06/07/2023,ICU,H03,203008
A02594,P02594,04-03-2023,08-03-2023,Cardiology,H01,113774
A02595,P02595,26-07-2024,27-07-2024,Orthopedic,H08,43986
A02596,P02596,2024-11-04,2024-11-17,Oncology,H07,23314
A02597,P02597,26/10/2024,07/11/2024,Pediatrics,H07,17390
A02598,P02598,2023/09/04,2023/09/05,Orthopedic,H06,64371
A02599,P02599,Sep 25 2024,Oct 10 2024,Emergency,H02,236441
A02600,P02600,2023-11-22,2023-11-29,ICU,H02,119848
A02601,P02601,2024/03/22,2024/03/25,ICU,H06,155088
A02602,P02602,2024/07/08,2024/07/23,Pediatrics,H04,233975
A02603,P02603,2024-01-31,2024-02-03,Orthopedic,H04,209616
A02604,P02604,20-01-2024,28-01-2024,Neurology,H01,54285
A02605,P02605,25/09/2024,28/09/2024,Oncology,H05,90518
A02606,P02606,2024-01-04,2024-01-17,Cardiology,H07,149069
A02607,P02607,Sep 21 2024,Sep 22 2024,Emergency,H08,
A02608,P02608,2024/07/26,2024/08/09,Oncology,H08,58557
A02609,P02609,10-04-2023,25-04-2023,Pediatrics,H05,57452
A02610,P02610,2023-05-01,2023-05-02,Cardiology,H07,172699
A02611,P02611,Feb 03 2024,Feb 12 2024,Emergency,H05,81774
A02612,P02612,04-09-2023,08-09-2023,Oncology,H01,12161
A02613,P02613,2023/10/11,2023/10/12,Pediatrics,H06,64020
A02614,P02614,2024/10/27,2024/10/28,Emergency,H08,190839
A02615,P02615,2023/02/09,2023/02/14,Oncology,H04,153172
A02616,P02616,Apr 26 2024,May 06 2024,Cardiology,H05,213876
A02617,P02617,2023/10/17,2023/11/01,Cardiology,H06,165065
A02618,P02618,21/07/2024,22/07/2024,ICU,H01,73892
A02619,P02619,2023/05/10,2023/05/09,Emergency,H01,143875
A02620,P02620,2023/06/13,2023/06/20,Orthopedic,H02,73913
A02621,P02621,2023-07-12,2023-07-23,Cardiology,H06,206311
A02622,P02622,2024-10-07,2024-10-22,Cardiology,H06,228938
A02623,P02623,May 17 2024,May 22 2024,Neurology,H01,131405
A02624,P02624,Jul 08 2024,Jul 11 2024,Orthopedic,H01,132065
A02625,P02625,27/01/2024,05/02/2024,Emergency,H06,48151
A02626,P02626,2023/01/03,2023/01/06,Orthopedic,H04,95301
A02627,P02627,2023-07-08,2023-07-14,Neurology,H06,186788
A02628,P02628,Mar 16 2023,Mar 30 2023,Cardiology,H02,101939
A02629,P02629,Jul 13 2023,Jul 16 2023,ICU,H02,71294
A02630,P02630,2023/04/05,2023/04/14,ICU,H06,138731
A02631,P02631,Jan 14 2023,Jan 16 2023,Oncology,H02,59595
A02632,P02632,Jun 27 2024,Jun 29 2024,Cardiology,H06,139448
A02633,P02633,Apr 05 2023,Apr 07 2023,Cardiology,H01,38338
A02634,P02634,May 19 2024,May 30 2024,Cardiology,H05,247490
A02635,P02635,2024-01-18,2024-01-24,Emergency,H04,117150
A02636,P02636,10/08/2023,18/08/2023,Pediatrics,H03,111736
A02637,P02637,27-01-2024,06-02-2024,Emergency,H05,239170
A02638,P02638,03/04/2024,12/04/2024,Oncology,H04,127019
A02639,P02639,13-02-2023,28-02-2023,Pediatrics,H06,44545
A02640,P02640,02/07/2023,12/07/2023,ICU,H01,17697
A02641,P02641,2024/01/11,2024/01/15,Oncology,H01,112863
A02642,P02642,2024-03-25,2024-03-28,Oncology,H02,84080
A02643,P02643,2023/07/28,2023/08/01,Oncology,H05,164840
A02644,P02644,2024-09-22,2024-09-25,Orthopedic,H02,174130
A02645,P02645,04/08/2024,19/08/2024,ICU,H05,117788
A02646,P02646,2023/07/14,2023/07/19,ICU,H06,59411
A02647,P02647,25/11/2024,27/11/2024,Orthopedic,H06,177434
A02648,P02648,Sep 02 2024,Sep 08 2024,Emergency,H02,115287
A02649,P02649,2024-01-12,2024-01-25,Emergency,H06,147357
A02650,P02650,Apr 22 2023,Apr 29 2023,Neurology,H02,188825
A02651,P02651,2024/06/30,2024/07/10,Emergency,H08,149334
A02652,P02652,25/02/2024,29/02/2024,Oncology,H01,181629
A02653,P02653,12/05/2023,13/05/2023,Neurology,H04,78712
A02654,P02654,04/09/2023,16/09/2023,Emergency,H04,140828
A02655,P02655,17-04-2023,24-04-2023,Oncology,H03,6066
A02656,P02656,2023-11-29,,Pediatrics,H03,195390
A02657,P02657,2024-05-22,2024-05-27,Cardiology,H05,6511
A02658,P02658,09-09-2023,24-09-2023,ICU,H07,119168
A02659,P02659,Jun 11 2024,Jun 19 2024,Oncology,H08,15513
A02660,P02660,29/10/2024,05/11/2024,Pediatrics,H03,16226
A02661,P02661,Apr 20 2024,Apr 28 2024,Emergency,H07,197332
A02662,P02662,12/03/2024,19/03/2024,Cardiology,H06,136980
A02663,P02663,2023/07/30,2023/08/03,Cardiology,H03,143914
A02664,P02664,26/07/2023,10/08/2023,Cardiology,H08,228987
A02665,P02665,2023-01-31,2023-02-10,Emergency,H03,213966
A02666,P02666,2023/10/29,2023/11/06,Pediatrics,H08,18205
A02667,P02667,2024-01-06,2024-01-15,ICU,H03,186507
A02668,P02668,2023-04-17,2023-04-27,Pediatrics,H07,137909
A02669,P02669,2023/07/12,2023/07/20,Pediatrics,H03,143255
A02670,P02670,2024-06-01,2024-06-16,Emergency,H07,116048
A02671,P02671,2023-01-12,2023-01-19,ICU,H02,208170
A02672,P02672,2023/06/13,2023/06/23,Orthopedic,H03,17307
A02673,P02673,14/01/2024,23/01/2024,Orthopedic,H07,181156
A02674,P02674,27-11-2023,12-12-2023,ICU,H02,11091
A02675,P02675,2024/11/24,2024/12/04,Neurology,H05,40170
A02676,P02676,14-04-2023,24-04-2023,ICU,H08,211092
A02677,P02677,09/01/2023,11/01/2023,Emergency,H01,15823
A02678,P02678,27/06/2024,02/07/2024,Pediatrics,H01,151476
A02679,P02679,24-09-2024,09-10-2024,Orthopedic,H05,227881
A02680,P02680,21-09-2023,29-09-2023,Emergency,H01,149436
A02681,P02681,06-10-2023,10-10-2023,Orthopedic,H07,55435
A02682,P02682,22-11-2023,29-11-2023,Pediatrics,H08,245631
A02683,P02683,11/10/2024,18/10/2024,Neurology,H02,20697
A02684,P02684,2023-08-10,2023-08-21,Pediatrics,H01,137213
A02685,P02685,2024/03/08,2024/03/20,ICU,H05,195612
A02686,P02686,Feb 27 2023,Mar 14 2023,Pediatrics,H08,
A02687,P02687,Oct 12 2024,Oct 16 2024,Cardiology,H08,172862
A02688,P02688,2024-07-23,2024-08-06,Neurology,H08,189210
A02689,P02689,20/06/2024,05/07/2024,Oncology,H06,173405
A02690,P02690,2023/09/04,2023/09/06,ICU,H08,38219
A02691,P02691,Jan 24 2023,Feb 08 2023,Orthopedic,H06,26049
A02692,P02692,13-05-2024,24-05-2024,Neurology,H08,30803
A02693,P02693,2023-07-25,2023-07-30,Neurology,H02,219577
A02694,P02694,May 04 2024,May 11 2024,Orthopedic,H08,41051
A02695,P02695,31-08-2024,05-09-2024,Orthopedic,H04,194427
A02696,P02696,2023-07-21,2023-07-29,Neurology,H08,147768
A02697,P02697,2023-08-20,2023-08-26,Oncology,H08,175204
A02698,P02698,2024/02/23,2024/02/26,Emergency,H05,13395
A02699,P02699,2023/01/15,2023/01/24,Pediatrics,H07,76890
A02700,P02700,2023-09-17,2023-09-30,Orthopedic,H08,35128
A02701,P02701,Apr 04 2024,Apr 11 2024,Neurology,H02,106238
A02702,P02702,06-09-2024,18-09-2024,Emergency,H06,132344
A02703,P02703,Mar 13 2024,Mar 24 2024,Orthopedic,H06,37824
A02704,P02704,Nov 10 2024,Nov 13 2024,Orthopedic,H07,73960
A02705,P02705,2024/02/16,2024/02/19,Neurology,H01,164942
A02706,P02706,19/04/2024,22/04/2024,ICU,H08,193381
A02707,P02707,Sep 22 2024,Sep 23 2024,Pediatrics,H01,118627
A02708,P02708,Apr 12 2023,Apr 25 2023,Cardiology,H04,73100
A02709,P02709,13/06/2024,21/06/2024,Neurology,H07,193027
A02710,P02710,18-11-2024,27-11-2024,Neurology,H03,62312
A02711,P02711,27-07-2023,07-08-2023,Emergency,H07,201771
A02712,P02712,22/05/2023,28/05/2023,Orthopedic,H07,174580
A02713,P02713,26-10-2024,07-11-2024,Neurology,H07,115432
A02714,P02714,2024-03-17,2024-03-18,Orthopedic,H07,64416
A02715,P02715,2024/01/17,2024/01/22,Emergency,H01,173145
A02716,P02716,Jul 26 2024,Jul 25 2024,Pediatrics,H02,133611
A02717,P02717,09-11-2023,12-11-2023,Neurology,H08,112588
A02718,P02718,Aug 26 2023,Aug 27 2023,ICU,H01,174745
A02719,P02719,2023-02-23,2023-02-26,ICU,H07,220462
A02720,P02720,2023/10/20,2023/10/31,Cardiology,H07,222043
A02721,P02721,Mar 19 2023,Mar 29 2023,Cardiology,H02,210308
A02722,P02722,2023-01-07,2023-01-17,ICU,H07,32886
A02723,P02723,31-12-2023,14-01-2024,Orthopedic,H06,89692
A02724,P02724,15/11/2023,16/11/2023,Cardiology,H08,19333
A02725,P02725,Jun 15 2024,Jun 29 2024,Neurology,H08,109893
A02726,P02726,02/11/2023,15/11/2023,Cardiology,H06,220549
A02727,P02727,05/07/2023,11/07/2023,Pediatrics,H08,179381
A02728,P02728,2023-07-22,2023-07-30,Neurology,H03,207828
A02729,P02729,2023/04/22,2023/04/29,Oncology,H07,102915
A02730,P02730,2024-08-06,2024-08-07,ICU,H01,201472
A02731,P02731,04-10-2024,15-10-2024,ICU,H02,180068
A02732,P02732,2023/05/01,2023/05/03,Pediatrics,H05,60941
A02733,P02733,01/01/2023,07/01/2023,Cardiology,H07,13788
A02734,P02734,04/10/2023,07/10/2023,ICU,H05,125162
A02735,P02735,Sep 09 2023,Sep 23 2023,Pediatrics,H05,155813
A02736,P02736,2024/11/18,2024/11/24,ICU,H06,41739
A02737,P02737,Mar 04 2023,Mar 08 2023,ICU,H08,79566
A02738,P02738,Nov 19 2024,Nov 21 2024,ICU,H01,26415
A02739,P02739,10-06-2023,,Emergency,H06,188794
A02740,P02740,16-07-2023,25-07-2023,ICU,H06,194052
A02741,P02741,03-01-2024,14-01-2024,Emergency,H08,240998
A02742,P02742,21-11-2023,06-12-2023,Neurology,H01,198665
A02743,P02743,2023-09-24,2023-10-05,Orthopedic,H06,999999
A02744,P02744,17-06-2023,29-06-2023,Oncology,H03,210663
A02745,P02745,2023-08-22,2023-09-04,Cardiology,H07,231028
A02746,P02746,08/10/2023,09/10/2023,Pediatrics,H04,243626
A02747,P02747,04/10/2024,14/10/2024,ICU,H05,134763
A02748,P02748,Oct 29 2023,Nov 02 2023,Oncology,H03,64742
A02749,P02749,Aug 30 2024,Sep 05 2024,ICU,H07,183023
A02750,P02750,May 25 2024,Jun 09 2024,Cardiology,H05,190432
A02751,P02751,2024/04/28,2024/05/01,Pediatrics,H07,73636
A02752,P02752,08-10-2023,16-10-2023,Oncology,H04,44410
A02753,P02753,Nov 08 2024,Nov 10 2024,Oncology,H01,152566
A02754,P02754,2024/02/24,2024/03/06,Oncology,H02,240376
A02755,P02755,2023-01-23,2023-02-02,ICU,H05,155026
A02756,P02756,26/10/2023,05/11/2023,Neurology,H04,138132
A02757,P02757,2023/03/09,2023/03/20,Neurology,H02,73071
A02758,P02758,12-05-2023,15-05-2023,Orthopedic,H06,116062
A02759,P02759,2024/09/10,2024/09/23,Oncology,H03,18189
A02760,P02760,19-10-2023,29-10-2023,Cardiology,H06,23727
A02761,P02761,Oct 20 2024,Oct 28 2024,Emergency,H02,152784
A02762,P02762,06-01-2024,18-01-2024,Neurology,H05,73430
A02763,P02763,Nov 25 2024,Dec 10 2024,Orthopedic,H02,104327
A02764,P02764,28/10/2024,10/11/2024,Orthopedic,H04,63446
A02765,P02765,Sep 29 2023,Sep 30 2023,Pediatrics,H08,
A02766,P02766,28-01-2023,10-02-2023,ICU,H04,10271
A02767,P02767,14/03/2023,24/03/2023,Emergency,H05,91187
A02768,P02768,Sep 02 2023,Sep 17 2023,Emergency,H05,122912
A02769,P02769,30-11-2023,01-12-2023,ICU,H04,199622
A02770,P02770,07/05/2023,16/05/2023,Cardiology,H02,47870
A02771,P02771,15/03/2023,22/03/2023,Pediatrics,H03,85889
A02772,P02772,07-04-2023,09-04-2023,Orthopedic,H05,88712
A02773,P02773,22-05-2024,31-05-2024,Neurology,H08,157993
A02774,P02774,2024/10/12,2024/10/13,Cardiology,H06,132819
A02775,P02775,2023/01/29,2023/01/30,Orthopedic,H01,167979
A02776,P02776,2024/10/15,2024/10/30,ICU,H04,39116
A02777,P02777,2023/07/09,2023/07/16,Orthopedic,H04,52003
A02778,P02778,2023/05/14,2023/05/20,Neurology,H01,123752
A02779,P02779,22-05-2024,31-05-2024,Orthopedic,H08,18782
A02780,P02780,2023/02/11,2023/02/20,Oncology,H04,167925
A02781,P02781,27-03-2024,11-04-2024,ICU,H08,140558
A02782,P02782,Nov 10 2024,Nov 13 2024,Pediatrics,H04,188597
A02783,P02783,27-09-2024,07-10-2024,Oncology,H04,118943
A02784,P02784,03-02-2024,16-02-2024,Oncology,H05,33530
A02785,P02785,Jan 06 2024,Jan 11 2024,Oncology,H04,33214
A02786,P02786,Jun 03 2024,Jun 11 2024,Emergency,H03,193275
A02787,P02787,23/06/2024,30/06/2024,Neurology,H01,216962
A02788,P02788,2023/04/14,2023/04/27,Orthopedic,H02,245632
A02789,P02789,20-11-2023,02-12-2023,Orthopedic,H03,156332
A02790,P02790,May 08 2024,May 16 2024,Oncology,H08,228415
A02791,P02791,Apr 12 2023,Apr 23 2023,Pediatrics,H04,91898
A02792,P02792,17/07/2023,19/07/2023,ICU,H04,174764
A02793,P02793,14/03/2023,25/03/2023,Oncology,H08,83317
A02794,P02794,2023/12/04,2023/12/19,Emergency,H07,21665
A02795,P02795,2023/04/08,2023/04/15,Pediatrics,H01,99575
A02796,P02796,2023-05-26,2023-06-08,Oncology,H01,10346
A02797,P02797,14/02/2023,22/02/2023,ICU,H05,143502
A02798,P02798,09-11-2024,22-11-2024,Orthopedic,H08,152600
A02799,P02799,2023-02-27,2023-03-05,Pediatrics,H03,36621
A02800,P02800,30/11/2023,09/12/2023,Pediatrics,H01,240267
A02801,P02801,2024/10/27,2024/10/31,Emergency,H01,30048
A02802,P02802,05/12/2023,20/12/2023,Oncology,H07,135008
A02803,P02803,04/09/2024,07/09/2024,Emergency,H08,196413
A02804,P02804,10-10-2024,25-10-2024,Pediatrics,H03,222069
A02805,P02805,May 24 2024,Jun 04 2024,Oncology,H07,225867
A02806,P02806,11/07/2023,18/07/2023,Emergency,H08,243768
A02807,P02807,21/11/2023,23/11/2023,Pediatrics,H06,25109
A02808,P02808,Jun 17 2023,Jun 30 2023,Neurology,H08,212934
A02809,P02809,2023-05-18,2023-05-26,ICU,H04,90241
A02810,P02810,Apr 10 2023,Apr 24 2023,Orthopedic,H05,175657
A02811,P02811,31-10-2024,05-11-2024,Oncology,H02,217130
A02812,P02812,30-08-2024,06-09-2024,Orthopedic,H06,177952
A02813,P02813,25-11-2024,24-11-2024,Pediatrics,H07,204981
A02814,P02814,Jun 30 2023,Jul 11 2023,Emergency,H05,58086
A02815,P02815,07-01-2023,22-01-2023,Oncology,H03,192845
A02816,P02816,2024/05/19,2024/05/30,Oncology,H06,24519
A02817,P02817,06/04/2024,17/04/2024,ICU,H06,171767
A02818,P02818,2023/01/06,2023/01/07,Pediatrics,H02,89015
A02819,P02819,08/07/2024,14/07/2024,Pediatrics,H02,28245
A02820,P02820,01/02/2023,03/02/2023,Emergency,H07,176187
A02821,P02821,08/04/2024,09/04/2024,Orthopedic,H02,130006
A02822,P02822,Oct 08 2023,,Orthopedic,H07,199462
A02823,P02823,2024-03-15,2024-03-25,Oncology,H07,112002
A02824,P02824,2024/04/15,2024/04/28,Cardiology,H06,7504
A02825,P02825,Feb 25 2023,Mar 01 2023,Cardiology,H02,76332
A02826,P02826,02/01/2023,09/01/2023,Orthopedic,H06,176454
A02827,P02827,2024/04/09,2024/04/21,ICU,H06,84717
A02828,P02828,2024/03/05,2024/03/11,ICU,H04,200572
A02829,P02829,23-05-2023,03-06-2023,ICU,H05,129939
A02830,P02830,2023-03-27,2023-04-02,ICU,H06,5711
A02831,P02831,2024-09-21,2024-10-04,Oncology,H03,202214
A02832,P02832,05/09/2023,06/09/2023,Oncology,H05,165421
A02833,P02833,12/03/2024,14/03/2024,Pediatrics,H08,86426
A02834,P02834,2024-10-13,2024-10-27,Oncology,H02,114618
A02835,P02835,Jan 20 2024,Jan 24 2024,Oncology,H08,227760
A02836,P02836,2023-08-14,2023-08-20,Oncology,H05,58435
A02837,P02837,18-06-2023,28-06-2023,ICU,H02,5018
A02838,P02838,2024/10/12,2024/10/15,Neurology,H01,156724
A02839,P02839,2024/08/12,2024/08/14,Oncology,H01,97174
A02840,P02840,2024-05-05,2024-05-19,Cardiology,H07,225785
A02841,P02841,2024-02-12,2024-02-19,Cardiology,H04,163308
A02842,P02842,2024/03/19,2024/03/20,Emergency,H01,91942
A02843,P02843,2023-10-03,2023-10-05,Pediatrics,H08,125618
A02844,P02844,29-03-2024,05-04-2024,Pediatrics,H04,
A02845,P02845,17-04-2023,27-04-2023,ICU,H08,79735
A02846,P02846,03-02-2023,18-02-2023,ICU,H01,168034
A02847,P02847,2024/07/16,2024/07/21,ICU,H02,166451
A02848,P02848,02/06/2023,12/06/2023,Emergency,H04,231183
A02849,P02849,19-01-2023,30-01-2023,ICU,H05,201859
A02850,P02850,2024/04/25,2024/05/09,Emergency,H03,152635
A02851,P02851,20/09/2023,28/09/2023,Emergency,H07,96282
A02852,P02852,2024/06/27,2024/07/06,ICU,H03,184977
A02853,P02853,Apr 02 2024,Apr 17 2024,Neurology,H04,136654
A02854,P02854,2023-01-13,2023-01-23,ICU,H02,191916
A02855,P02855,Nov 29 2023,Dec 07 2023,Orthopedic,H06,218483
A02856,P02856,2023-01-17,2023-01-30,Oncology,H04,55960
A02857,P02857,2024/01/29,2024/02/12,Pediatrics,H02,44685
A02858,P02858,Mar 09 2023,Mar 16 2023,Oncology,H02,121936
A02859,P02859,2023-10-11,2023-10-20,Emergency,H03,46780
A02860,P02860,2023/10/28,2023/11/02,Pediatrics,H02,164678
A02861,P02861,18/10/2024,26/10/2024,ICU,H06,25900
A02862,P02862,27-02-2023,04-03-2023,Pediatrics,H03,180664
A02863,P02863,10/11/2024,21/11/2024,Orthopedic,H07,32743
A02864,P02864,16/10/2024,24/10/2024,Cardiology,H04,146212
A02865,P02865,01-05-2023,03-05-2023,Cardiology,H02,100571
A02866,P02866,2023/09/05,2023/09/18,Oncology,H01,157099
A02867,P02867,Jan 27 2023,Feb 11 2023,Emergency,H01,120369
A02868,P02868,2023/11/08,2023/11/20,Orthopedic,H05,85026
A02869,P02869,Mar 03 2023,Mar 14 2023,Emergency,H02,216133
A02870,P02870,2023-12-03,2023-12-13,Neurology,H05,204382
A02871,P02871,2023/06/09,2023/06/18,Cardiology,H02,153015
A02872,P02872,29/09/2024,06/10/2024,Oncology,H01,211990
A02873,P02873,22-01-2023,31-01-2023,ICU,H01,226220
A02874,P02874,2024/10/17,2024/10/31,Emergency,H02,246742
A02875,P02875,Oct 26 2023,Nov 09 2023,ICU,H07,26160
A02876,P02876,2024-02-03,2024-02-05,Oncology,H08,130018
A02877,P02877,05-06-2023,10-06-2023,Cardiology,H07,47779
A02878,P02878,2024-04-25,2024-05-04,Orthopedic,H06,12811
A02879,P02879,21/07/2024,26/07/2024,Cardiology,H05,182823
A02880,P02880,2024/09/30,2024/10/08,Pediatrics,H06,191564
A02881,P02881,10/05/2024,15/05/2024,Cardiology,H04,6772
A02882,P02882,02/03/2023,04/03/2023,Cardiology,H07,100813
A02883,P02883,2023/04/05,2023/04/11,Emergency,H07,159528
A02884,P02884,02/07/2023,13/07/2023,Emergency,H05,86294
A02885,P02885,2024/10/10,2024/10/17,Pediatrics,H02,74197
A02886,P02886,Sep 16 2024,Sep 26 2024,Orthopedic,H04,225937
A02887,P02887,Jul 05 2023,Jul 07 2023,Emergency,H01,162046
A02888,P02888,2023-03-26,2023-03-29,Oncology,H07,230674
A02889,P02889,26/08/2023,31/08/2023,Emergency,H03,249387
A02890,P02890,2023/05/29,2023/06/13,ICU,H08,202109
A02891,P02891,26-02-2023,04-03-2023,Orthopedic,H03,156323
A02892,P02892,08-03-2024,11-03-2024,Emergency,H06,66548
A02893,P02893,Jan 15 2024,Jan 19 2024,Orthopedic,H05,186960
A02894,P02894,05/07/2024,07/07/2024,Emergency,H01,68187
A02895,P02895,2023-05-01,2023-05-07,Oncology,H06,174857
A02896,P02896,2024/05/03,2024/05/13,Oncology,H02,77473
A02897,P02897,Nov 19 2024,Dec 03 2024,Neurology,H06,31911
A02898,P02898,13/01/2024,16/01/2024,Neurology,H08,242413
A02899,P02899,2024-01-06,2024-01-15,Neurology,H08,203729
A02900,P02900,2023-09-06,2023-09-14,Neurology,H06,88785
A02901,P02901,03/06/2023,06/06/2023,Neurology,H05,78075
A02902,P02902,2023-05-29,2023-06-10,Emergency,H06,58612
A02903,P02903,09-05-2024,24-05-2024,Orthopedic,H07,118364
A02904,P02904,19-06-2023,20-06-2023,Neurology,H04,133668
A02905,P02905,2024-01-18,,Pediatrics,H05,115183
A02906,P02906,Nov 30 2023,Dec 12 2023,Cardiology,H05,142154
A02907,P02907,14/06/2024,24/06/2024,Orthopedic,H01,238915
A02908,P02908,02-05-2024,05-05-2024,ICU,H03,141155
A02909,P02909,Jan 10 2024,Jan 19 2024,Pediatrics,H03,120523
A02910,P02910,13/08/2024,12/08/2024,Pediatrics,H08,197031
A02911,P02911,2023/01/24,2023/02/08,Neurology,H06,202309
A02912,P02912,2024/06/02,2024/06/14,ICU,H01,62038
A02913,P02913,2024-06-20,2024-06-26,Emergency,H03,97290
A02914,P02914,23/11/2024,30/11/2024,Oncology,H04,42645
A02915,P02915,2024-11-11,2024-11-18,Orthopedic,H01,125634
A02916,P02916,2023-03-07,2023-03-13,Oncology,H03,56895
A02917,P02917,2024/10/13,2024/10/25,Oncology,H04,11410
A02918,P02918,2023-11-04,2023-11-18,Oncology,H05,242109
A02919,P02919,2024/03/30,2024/04/14,Oncology,H07,93465
A02920,P02920,11-07-2024,23-07-2024,ICU,H04,182116
A02921,P02921,2024-05-14,2024-05-18,Emergency,H08,120233
A02922,P02922,09-01-2023,10-01-2023,Oncology,H06,230896
A02923,P02923,12-09-2023,15-09-2023,Emergency,H02,
A02924,P02924,30/06/2023,11/07/2023,Oncology,H04,210211
A02925,P02925,05-11-2024,12-11-2024,Oncology,H06,214990
A02926,P02926,Apr 08 2024,Apr 22 2024,Oncology,H08,56184
A02927,P02927,Feb 03 2024,Feb 16 2024,Orthopedic,H02,80536
A02928,P02928,Jun 12 2023,Jun 27 2023,Neurology,H03,105518
A02929,P02929,2023-06-06,2023-06-15,Pediatrics,H04,234840
A02930,P02930,2023/10/15,2023/10/29,Pediatrics,H05,72211
A02931,P02931,15-05-2023,25-05-2023,Pediatrics,H07,185150
A02932,P02932,05/05/2023,14/05/2023,ICU,H02,19911
A02933,P02933,2024/07/26,2024/07/27,Pediatrics,H07,245078
A02934,P02934,06-08-2024,19-08-2024,Neurology,H05,175968
A02935,P02935,2023-12-15,2023-12-16,Pediatrics,H04,105751
A02936,P02936,15/06/2024,25/06/2024,Cardiology,H07,41933
A02937,P02937,30-05-2023,08-06-2023,ICU,H01,196531
A02938,P02938,10/11/2023,18/11/2023,Orthopedic,H08,137867
A02939,P02939,2023-04-19,2023-04-23,Pediatrics,H04,115496
A02940,P02940,2024-10-11,2024-10-17,Emergency,H06,103724
A02941,P02941,2024/10/28,2024/11/12,Orthopedic,H01,51191
A02942,P02942,2024/08/18,2024/08/28,Cardiology,H03,83664
A02943,P02943,Aug 08 2023,Aug 11 2023,Emergency,H01,148423
A02944,P02944,24-11-2024,09-12-2024,Oncology,H07,139852
A02945,P02945,01-02-2023,03-02-2023,Cardiology,H08,29054
A02946,P02946,Apr 12 2023,Apr 22 2023,Neurology,H04,200179
A02947,P02947,2024-02-14,2024-02-18,ICU,H01,209461
A02948,P02948,Jun 03 2024,Jun 12 2024,Emergency,H05,178629
A02949,P02949,Sep 25 2023,Sep 29 2023,Oncology,H08,215296
A02950,P02950,2023-05-18,2023-06-01,Neurology,H07,57010
A02951,P02951,2024/05/21,2024/06/04,Neurology,H04,114229
A02952,P02952,16-03-2023,18-03-2023,Emergency,H01,184293
A02953,P02953,08/11/2023,17/11/2023,Orthopedic,H04,238808
A02954,P02954,17-02-2023,25-02-2023,Emergency,H08,999999
A02955,P02955,2023/12/04,2023/12/13,Oncology,H05,192687
A02956,P02956,2023-06-30,2023-07-09,Emergency,H01,36858
A02957,P02957,09-03-2023,23-03-2023,ICU,H05,200788
A02958,P02958,18/04/2024,28/04/2024,Pediatrics,H04,28985
A02959,P02959,2023-04-18,2023-04-21,Orthopedic,H08,106304
A02960,P02960,2023/11/13,2023/11/14,Cardiology,H03,61938
A02961,P02961,2023-08-06,2023-08-09,ICU,H02,23917
A02962,P02962,2024-04-03,2024-04-08,Pediatrics,H04,51591
A02963,P02963,2023/05/24,2023/06/07,Emergency,H02,87500
A02964,P02964,23-03-2023,29-03-2023,Oncology,H03,165178
A02965,P02965,2023/01/25,2023/01/29,Oncology,H05,11371
A02966,P02966,2023/04/30,2023/05/06,Oncology,H08,39154
A02967,P02967,2023/06/21,2023/06/23,Emergency,H02,150027
A02968,P02968,10-01-2023,16-01-2023,Cardiology,H01,64047
A02969,P02969,2023-01-20,2023-01-28,Pediatrics,H03,162801
A02970,P02970,2023-11-28,2023-12-02,Oncology,H03,109059
A02971,P02971,09/06/2023,18/06/2023,Cardiology,H02,176007
A02972,P02972,2023/08/09,2023/08/10,Cardiology,H02,51301
A02973,P02973,Sep 03 2024,Sep 04 2024,Oncology,H05,24595
A02974,P02974,02-02-2024,09-02-2024,Oncology,H04,26591
A02975,P02975,2024-02-17,2024-03-03,ICU,H03,127008
A02976,P02976,17/05/2024,18/05/2024,Pediatrics,H05,170876
A02977,P02977,2024-01-09,2024-01-21,Emergency,H01,191909
A02978,P02978,20/03/2024,01/04/2024,Orthopedic,H04,184620
A02979,P02979,04/09/2023,10/09/2023,Cardiology,H07,12136
A02980,P02980,2023/07/11,2023/07/14,Cardiology,H01,90317
A02981,P02981,16-11-2023,21-11-2023,Cardiology,H08,104055
A02982,P02982,2023-09-08,2023-09-23,Orthopedic,H02,239452
A02983,P02983,2023-12-13,2023-12-17,Pediatrics,H03,63022
A02984,P02984,31-01-2023,07-02-2023,Neurology,H01,121163
A02985,P02985,23/08/2024,28/08/2024,ICU,H05,5031
A02986,P02986,06/04/2023,12/04/2023,Pediatrics,H07,153652
A02987,P02987,Feb 29 2024,Mar 04 2024,Emergency,H01,66997
A02988,P02988,2023/08/16,,Emergency,H06,178260
A02989,P02989,May 07 2024,May 11 2024,Emergency,H02,63008
A02990,P02990,Aug 25 2024,Sep 08 2024,Cardiology,H01,137217
A02991,P02991,29-01-2023,03-02-2023,ICU,H03,31731
A02992,P02992,2024/11/29,2024/12/07,Cardiology,H02,99523
A02993,P02993,2023/11/14,2023/11/23,Pediatrics,H02,68220
A02994,P02994,2023/10/02,2023/10/08,Oncology,H01,6425
A02995,P02995,19-08-2023,24-08-2023,Pediatrics,H06,206467
A02996,P02996,05-01-2024,17-01-2024,Pediatrics,H05,182083
A02997,P02997,Feb 02 2024,Feb 13 2024,Cardiology,H02,47293
A02998,P02998,2024-05-29,2024-06-11,Emergency,H01,174241
A02999,P02999,24/05/2023,27/05/2023,Cardiology,H07,5574
A03000,P03000,2023-12-23,2024-01-02,Emergency,H01,141918
A03001,P03001,2024-02-20,2024-03-05,Cardiology,H08,160670
A03002,P03002,2023-12-24,2024-01-01,Orthopedic,H02,
A03003,P03003,15/08/2024,22/08/2024,ICU,H08,218583
A03004,P03004,Oct 11 2024,Oct 24 2024,Orthopedic,H07,10478
A03005,P03005,2023/04/07,2023/04/18,Pediatrics,H03,46809
A03006,P03006,20-11-2024,01-12-2024,Neurology,H07,79389
A03007,P03007,2023/12/21,2023/12/20,Pediatrics,H08,235624
A03008,P03008,2023-06-18,2023-06-21,Cardiology,H05,237852
A03009,P03009,2024/07/23,2024/07/25,Cardiology,H04,238246
A03010,P03010,Jan 28 2024,Feb 01 2024,ICU,H07,79528
A03011,P03011,2023-10-30,2023-11-04,Oncology,H03,81407
A03012,P03012,2024-04-25,2024-05-06,Emergency,H08,242732
A03013,P03013,Oct 30 2023,Nov 03 2023,Oncology,H05,21889
A03014,P03014,08-01-2024,14-01-2024,Cardiology,H01,98095
A03015,P03015,20/02/2023,03/03/2023,Cardiology,H07,166798
A03016,P03016,Aug 19 2024,Aug 24 2024,Neurology,H06,128331
A03017,P03017,Mar 10 2024,Mar 13 2024,ICU,H03,217716
A03018,P03018,Aug 30 2024,Sep 03 2024,Pediatrics,H02,113221
A03019,P03019,08-02-2023,09-02-2023,Emergency,H03,153240
A03020,P03020,Sep 25 2023,Sep 26 2023,Emergency,H02,174076
A03021,P03021,2023/09/28,2023/10/09,ICU,H01,82890
A03022,P03022,04/06/2023,11/06/2023,ICU,H05,6580
A03023,P03023,2023/04/26,2023/04/27,ICU,H01,210613
A03024,P03024,21/06/2023,27/06/2023,Orthopedic,H06,49511
A03025,P03025,2023-07-27,2023-07-31,Pediatrics,H02,71743
A03026,P03026,2024/04/05,2024/04/08,Emergency,H01,53944
A03027,P03027,Aug 12 2024,Aug 17 2024,Cardiology,H08,247772
A03028,P03028,Jan 14 2024,Jan 25 2024,Cardiology,H07,13278
A03029,P03029,2023/09/11,2023/09/21,Orthopedic,H05,14482
A03030,P03030,21/07/2024,30/07/2024,ICU,H04,34782
A03031,P03031,20/09/2024,24/09/2024,Oncology,H07,202956
A03032,P03032,2024-09-25,2024-09-26,Oncology,H03,204449
A03033,P03033,2024/08/22,2024/09/02,Orthopedic,H07,178266
A03034,P03034,22/04/2023,05/05/2023,Oncology,H07,20966
A03035,P03035,2023/10/19,2023/10/24,ICU,H08,193967
A03036,P03036,Jan 21 2024,Jan 29 2024,Oncology,H06,150490
A03037,P03037,27/01/2024,02/02/2024,Cardiology,H05,240657
A03038,P03038,2023-12-28,2024-01-09,Cardiology,H05,183389
A03039,P03039,11-09-2023,21-09-2023,Neurology,H06,153055
A03040,P03040,2024-04-24,2024-05-09,Emergency,H03,157075
A03041,P03041,2024/06/10,2024/06/12,Neurology,H06,7171
A03042,P03042,Oct 05 2024,Oct 18 2024,Cardiology,H05,223283
A03043,P03043,02-09-2023,13-09-2023,Neurology,H06,230003
A03044,P03044,Nov 30 2024,Dec 03 2024,Neurology,H03,7937
A03045,P03045,19-11-2024,02-12-2024,Orthopedic,H02,112323
A03046,P03046,2024-07-03,2024-07-17,Emergency,H01,224994
A03047,P03047,24/12/2023,02/01/2024,Neurology,H01,229460
A03048,P03048,13/12/2023,14/12/2023,ICU,H04,118525
A03049,P03049,16-01-2023,20-01-2023,Cardiology,H04,217823
A03050,P03050,29-07-2024,03-08-2024,Cardiology,H07,9865
A03051,P03051,2024/10/14,2024/10/22,ICU,H03,212551
A03052,P03052,08-03-2023,22-03-2023,Cardiology,H01,174526
A03053,P03053,2023-12-03,2023-12-17,Cardiology,H08,133347
A03054,P03054,05-02-2023,11-02-2023,Orthopedic,H05,132149
A03055,P03055,Dec 23 2023,Dec 24 2023,ICU,H02,227733
A03056,P03056,13/11/2023,22/11/2023,Oncology,H07,124170
A03057,P03057,27/04/2024,06/05/2024,Orthopedic,H04,173693
A03058,P03058,Apr 30 2023,May 12 2023,Orthopedic,H07,214973
A03059,P03059,2024/05/22,2024/06/01,Emergency,H08,87434
A03060,P03060,01/10/2024,11/10/2024,Neurology,H07,103863
A03061,P03061,21/08/2023,02/09/2023,Neurology,H03,129745
A03062,P03062,28/09/2023,06/10/2023,Cardiology,H04,203192
A03063,P03063,23-11-2024,25-11-2024,Pediatrics,H01,154677
A03064,P03064,2023/12/01,2023/12/08,Orthopedic,H02,205484
A03065,P03065,2023-09-29,2023-10-10,Orthopedic,H04,66229
A03066,P03066,2023/01/22,2023/01/29,Pediatrics,H04,140885
A03067,P03067,03-06-2023,16-06-2023,ICU,H07,137910
A03068,P03068,2024-07-14,2024-07-25,Pediatrics,H07,170954
A03069,P03069,Feb 04 2023,Feb 17 2023,Pediatrics,H02,193999
A03070,P03070,2024-08-20,2024-08-28,Cardiology,H03,212733
A03071,P03071,Nov 28 2024,,Neurology,H07,231937
A03072,P03072,2023/09/04,2023/09/09,Pediatrics,H04,196073
A03073,P03073,18/04/2024,27/04/2024,Cardiology,H04,16864
A03074,P03074,19-03-2023,24-03-2023,Orthopedic,H02,55535
A03075,P03075,Jul 12 2023,Jul 26 2023,ICU,H02,181675
A03076,P03076,23-03-2024,26-03-2024,Cardiology,H02,113541
A03077,P03077,Apr 22 2023,Apr 30 2023,Neurology,H01,105074
A03078,P03078,31/03/2024,05/04/2024,Emergency,H08,125917
A03079,P03079,Aug 23 2023,Aug 28 2023,Orthopedic,H06,36730
A03080,P03080,2023/12/24,2024/01/07,ICU,H04,85037
A03081,P03081,2023-03-07,2023-03-20,ICU,H06,
A03082,P03082,29/08/2024,05/09/2024,Neurology,H08,110492
A03083,P03083,2024-10-14,2024-10-15,Oncology,H05,147983
A03084,P03084,17-08-2023,21-08-2023,Cardiology,H05,16887
A03085,P03085,Jul 14 2024,Jul 22 2024,Pediatrics,H02,137933
A03086,P03086,Feb 19 2024,Mar 05 2024,Cardiology,H01,118657
A03087,P03087,Nov 25 2024,Dec 10 2024,Emergency,H01,22964
A03088,P03088,18/11/2024,23/11/2024,ICU,H03,79536
A03089,P03089,23-07-2024,05-08-2024,ICU,H02,49688
A03090,P03090,23/04/2024,28/04/2024,ICU,H01,186529
A03091,P03091,2024/07/12,2024/07/16,Oncology,H07,205304
A03092,P03092,2023-07-26,2023-07-31,Neurology,H02,152842
A03093,P03093,2024-06-12,2024-06-16,Neurology,H03,123337
A03094,P03094,26/08/2024,04/09/2024,Cardiology,H05,200146
A03095,P03095,2023-12-14,2023-12-25,Cardiology,H04,65085
A03096,P03096,11-10-2023,13-10-2023,Cardiology,H07,176581
A03097,P03097,2023/10/21,2023/10/28,Emergency,H03,71865
A03098,P03098,03/05/2024,12/05/2024,ICU,H02,185994
A03099,P03099,28/07/2023,12/08/2023,ICU,H03,195856
A03100,P03100,2023/06/15,2023/06/28,Oncology,H02,187344
A03101,P03101,2024-07-25,2024-07-31,Neurology,H03,95532
A03102,P03102,09-01-2024,18-01-2024,Cardiology,H03,70292
A03103,P03103,01/04/2023,08/04/2023,Cardiology,H07,132580
A03104,P03104,22/02/2023,21/02/2023,Orthopedic,H02,137030
A03105,P03105,29-04-2024,07-05-2024,Cardiology,H03,110818
A03106,P03106,2024/06/07,2024/06/12,Cardiology,H08,161722
A03107,P03107,2023/06/13,2023/06/28,Pediatrics,H05,186121
A03108,P03108,27-06-2024,29-06-2024,Orthopedic,H01,5996
A03109,P03109,12-09-2023,14-09-2023,ICU,H02,114431
A03110,P03110,27-06-2023,06-07-2023,Neurology,H08,180426
A03111,P03111,16/09/2024,26/09/2024,Emergency,H06,174900
A03112,P03112,11-10-2024,15-10-2024,Cardiology,H03,203399
A03113,P03113,2023/07/08,2023/07/19,Cardiology,H05,140500
A03114,P03114,11-03-2024,17-03-2024,Emergency,H06,70517
A03115,P03115,2023/09/08,2023/09/18,Pediatrics,H03,140419
A03116,P03116,06/09/2023,07/09/2023,Neurology,H05,119995
A03117,P03117,2024/06/07,2024/06/09,Pediatrics,H02,230394
A03118,P03118,2023/12/15,2023/12/28,Pediatrics,H03,238147
A03119,P03119,2023-08-25,2023-09-08,ICU,H08,187195
A03120,P03120,2024-07-19,2024-07-21,Emergency,H05,183040
A03121,P03121,2024/01/30,2024/01/31,Orthopedic,H02,27191
A03122,P03122,04-06-2023,19-06-2023,Orthopedic,H05,5229
A03123,P03123,2024-03-24,2024-04-08,Neurology,H01,231485
A03124,P03124,29/07/2024,11/08/2024,Neurology,H05,115055
A03125,P03125,2024/07/15,2024/07/20,Orthopedic,H07,137065
A03126,P03126,10/07/2023,24/07/2023,Emergency,H07,122617
A03127,P03127,2023/03/13,2023/03/28,Oncology,H03,63029
A03128,P03128,2024/04/07,2024/04/14,Pediatrics,H07,11641
A03129,P03129,12-07-2023,27-07-2023,Pediatrics,H06,175435
A03130,P03130,2024-10-17,2024-10-29,ICU,H01,67961
A03131,P03131,Mar 12 2024,Mar 25 2024,Orthopedic,H02,129391
A03132,P03132,27-02-2024,07-03-2024,Pediatrics,H04,70800
A03133,P03133,2024/03/01,2024/03/16,Neurology,H04,190693
A03134,P03134,May 02 2024,May 09 2024,Cardiology,H05,209749
A03135,P03135,29/12/2023,04/01/2024,ICU,H08,131314
A03136,P03136,22-05-2024,28-05-2024,Neurology,H05,152549
A03137,P03137,14-12-2023,18-12-2023,Cardiology,H04,113527
A03138,P03138,Mar 26 2024,Mar 31 2024,Emergency,H03,146905
A03139,P03139,14-07-2023,29-07-2023,Cardiology,H05,103914
A03140,P03140,May 14 2023,May 19 2023,Cardiology,H03,90038
A03141,P03141,2023/12/26,2024/01/03,Cardiology,H03,172885
A03142,P03142,2023/05/04,2023/05/17,Neurology,H06,140537
A03143,P03143,24-08-2024,02-09-2024,Cardiology,H07,244333
A03144,P03144,2023-04-22,2023-04-26,Pediatrics,H07,119860
A03145,P03145,02/08/2023,12/08/2023,Cardiology,H04,81481
A03146,P03146,2024-06-04,2024-06-09,ICU,H05,61064
A03147,P03147,03/04/2023,10/04/2023,Oncology,H01,165155
A03148,P03148,2024/06/08,2024/06/14,Oncology,H02,88629
A03149,P03149,16-01-2023,23-01-2023,Oncology,H02,208606
A03150,P03150,21-09-2024,29-09-2024,Cardiology,H08,245632
A03151,P03151,29/05/2024,08/06/2024,Neurology,H02,212278
A03152,P03152,29/08/2023,08/09/2023,Cardiology,H03,84689
A03153,P03153,2024/11/23,2024/12/06,Emergency,H05,101244
A03154,P03154,Jul 05 2023,,Cardiology,H07,16221
A03155,P03155,2024/01/18,2024/01/24,Orthopedic,H08,100653
A03156,P03156,05-11-2023,12-11-2023,Pediatrics,H03,60623
A03157,P03157,2024-07-22,2024-07-23,Pediatrics,H08,184696
A03158,P03158,2024-11-16,2024-11-29,ICU,H01,94359
A03159,P03159,Dec 12 2023,Dec 20 2023,Emergency,H05,60097
A03160,P03160,2023-04-29,2023-05-09,ICU,H01,
A03161,P03161,2023/01/30,2023/02/14,Oncology,H02,104491
A03162,P03162,2024-02-22,2024-03-04,Neurology,H02,94881
A03163,P03163,2024/03/27,2024/04/03,Oncology,H03,10464
A03164,P03164,Oct 28 2023,Nov 09 2023,ICU,H08,103179
A03165,P03165,2024-08-27,2024-09-05,Cardiology,H05,999999
A03166,P03166,07/08/2023,20/08/2023,Oncology,H07,186003
A03167,P03167,2024/09/26,2024/10/02,Orthopedic,H06,125106
A03168,P03168,2023/09/27,2023/10/10,ICU,H04,9378
A03169,P03169,02/10/2023,09/10/2023,Orthopedic,H04,10609
A03170,P03170,30-08-2023,08-09-2023,Oncology,H05,46261
A03171,P03171,14-09-2024,21-09-2024,ICU,H07,159241
A03172,P03172,21-02-2023,05-03-2023,Oncology,H02,209837
A03173,P03173,2024/06/10,2024/06/23,Emergency,H01,88944
A03174,P03174,2023-10-23,2023-10-28,Cardiology,H04,172621
A03175,P03175,05/03/2024,10/03/2024,ICU,H05,143003
A03176,P03176,2023-12-08,2023-12-11,Pediatrics,H07,215238
A03177,P03177,04-05-2023,19-05-2023,Oncology,H08,68211
A03178,P03178,2024-09-19,2024-10-03,Neurology,H04,48179
A03179,P03179,23-01-2023,03-02-2023,Orthopedic,H05,185314
A03180,P03180,2023-08-09,2023-08-20,Cardiology,H04,47814
A03181,P03181,Oct 09 2023,Oct 15 2023,ICU,H01,222946
A03182,P03182,2023/02/11,2023/02/14,ICU,H07,94820
A03183,P03183,2024/07/24,2024/07/27,Cardiology,H07,70415
A03184,P03184,18/10/2024,25/10/2024,ICU,H04,96346
A03185,P03185,2024-03-28,2024-04-08,Orthopedic,H02,183522
A03186,P03186,Feb 23 2023,Feb 25 2023,ICU,H08,66903
A03187,P03187,2024/04/11,2024/04/18,Emergency,H06,132562
A03188,P03188,16/08/2024,28/08/2024,Pediatrics,H03,38716
A03189,P03189,05-10-2023,12-10-2023,Neurology,H08,130682
A03190,P03190,23-03-2023,30-03-2023,Orthopedic,H06,128640
A03191,P03191,07-04-2024,09-04-2024,Neurology,H01,217089
A03192,P03192,Sep 11 2024,Sep 17 2024,Pediatrics,H01,74198
A03193,P03193,17-06-2023,29-06-2023,Pediatrics,H05,168729
A03194,P03194,02/11/2023,11/11/2023,Pediatrics,H03,247683
A03195,P03195,22-01-2024,30-01-2024,Emergency,H05,110822
A03196,P03196,04/05/2023,15/05/2023,ICU,H08,106883
A03197,P03197,04-10-2023,13-10-2023,Oncology,H07,116787
A03198,P03198,2024-09-08,2024-09-17,ICU,H07,205804
A03199,P03199,26-08-2023,10-09-2023,Orthopedic,H02,25635
A03200,P03200,06/07/2024,12/07/2024,Cardiology,H05,158114
A03201,P03201,2024-09-16,2024-09-15,Oncology,H05,78780
A03202,P03202,2023/09/24,2023/09/29,ICU,H01,53826
A03203,P03203,08/04/2024,14/04/2024,Orthopedic,H06,83684
A03204,P03204,2023/06/04,2023/06/13,Cardiology,H01,112994
A03205,P03205,Sep 08 2024,Sep 13 2024,Oncology,H03,125603
A03206,P03206,2024/07/16,2024/07/21,Cardiology,H08,242195
A03207,P03207,2023-11-22,2023-12-06,Neurology,H02,165862
A03208,P03208,2023/09/16,2023/09/29,Neurology,H08,6911
A03209,P03209,13/07/2024,22/07/2024,Cardiology,H04,236248
A03210,P03210,2023/11/18,2023/11/27,Emergency,H02,161848
A03211,P03211,2024-11-23,2024-12-02,Pediatrics,H06,175963
A03212,P03212,2024/07/01,2024/07/09,Cardiology,H08,125337
A03213,P03213,2024-01-02,2024-01-04,Emergency,H04,55171
A03214,P03214,07/09/2024,13/09/2024,ICU,H08,108203
A03215,P03215,2023/11/08,2023/11/22,Cardiology,H08,69180
A03216,P03216,2024-05-08,2024-05-17,Neurology,H07,110710
A03217,P03217,2024/02/21,2024/03/04,Oncology,H07,205601
A03218,P03218,2023/03/13,2023/03/28,Oncology,H04,65930
A03219,P03219,2024/07/29,2024/08/02,Emergency,H02,212387
A03220,P03220,2023-09-05,2023-09-09,Pediatrics,H07,42332
A03221,P03221,May 13 2023,May 24 2023,Emergency,H07,219765
A03222,P03222,2023-11-07,2023-11-17,ICU,H07,71286
A03223,P03223,Jan 11 2024,Jan 21 2024,ICU,H01,132535
A03224,P03224,17/11/2023,24/11/2023,Orthopedic,H04,82841
A03225,P03225,20-09-2023,01-10-2023,Orthopedic,H02,93207
A03226,P03226,2023-05-16,2023-05-27,ICU,H03,126917
A03227,P03227,19-02-2023,02-03-2023,Oncology,H02,13232
A03228,P03228,30-06-2023,10-07-2023,Orthopedic,H03,70413
A03229,P03229,2024-06-29,2024-07-14,Oncology,H03,11178
A03230,P03230,Jan 20 2023,Jan 24 2023,ICU,H06,230048
A03231,P03231,Jan 27 2023,Feb 07 2023,ICU,H07,98033
A03232,P03232,2024/09/25,2024/10/05,Cardiology,H02,15336
A03233,P03233,07/09/2024,22/09/2024,Neurology,H02,62272
A03234,P03234,20/11/2023,03/12/2023,Cardiology,H05,83765
A03235,P03235,May 06 2023,May 17 2023,Orthopedic,H05,124582
A03236,P03236,2023/05/29,2023/06/05,ICU,H02,140599
A03237,P03237,29/10/2024,,Oncology,H04,122719
A03238,P03238,05/09/2023,09/09/2023,Orthopedic,H07,222308
A03239,P03239,Sep 22 2024,Oct 07 2024,Neurology,H01,
A03240,P03240,06-04-2023,11-04-2023,Oncology,H06,72239
A03241,P03241,2024/04/03,2024/04/10,ICU,H03,27013
A03242,P03242,Aug 12 2024,Aug 13 2024,ICU,H05,196721
A03243,P03243,2023-03-08,2023-03-12,Emergency,H05,25398
A03244,P03244,2023/03/06,2023/03/21,Pediatrics,H03,69415
A03245,P03245,2024/10/15,2024/10/21,Neurology,H04,221631
A03246,P03246,2023/09/19,2023/09/25,Orthopedic,H05,188799
A03247,P03247,2024-03-15,2024-03-18,Pediatrics,H01,219488
A03248,P03248,14-08-2023,19-08-2023,ICU,H08,198312
A03249,P03249,22/11/2024,29/11/2024,Orthopedic,H01,73238
A03250,P03250,19-03-2023,02-04-2023,Emergency,H03,202571
A03251,P03251,06-06-2024,08-06-2024,Orthopedic,H04,238992
A03252,P03252,08/12/2023,14/12/2023,Oncology,H05,234765
A03253,P03253,Jul 04 2023,Jul 15 2023,Oncology,H07,192454
A03254,P03254,09-05-2023,20-05-2023,ICU,H01,231361
A03255,P03255,23-05-2024,25-05-2024,Oncology,H04,224070
A03256,P03256,Jun 02 2024,Jun 14 2024,Oncology,H06,124175
A03257,P03257,16/03/2023,28/03/2023,Orthopedic,H01,205460
A03258,P03258,Apr 19 2024,Apr 29 2024,Emergency,H06,28123
A03259,P03259,Jan 19 2023,Jan 31 2023,Emergency,H03,234883
A03260,P03260,Nov 16 2024,Nov 17 2024,Orthopedic,H06,203760
A03261,P03261,2023/10/03,2023/10/15,Cardiology,H03,97096
A03262,P03262,2023/03/02,2023/03/12,Pediatrics,H07,11051
A03263,P03263,2023-04-22,2023-05-02,Pediatrics,H06,210064
A03264,P03264,2024/08/29,2024/09/02,ICU,H03,172556
A03265,P03265,03/12/2023,16/12/2023,Neurology,H02,5277
A03266,P03266,20-11-2023,25-11-2023,Orthopedic,H04,104243
A03267,P03267,Sep 02 2024,Sep 07 2024,Oncology,H03,238842
A03268,P03268,2024-07-14,2024-07-26,Orthopedic,H01,88995
A03269,P03269,04-03-2023,07-03-2023,Pediatrics,H04,209374
A03270,P03270,21-04-2023,27-04-2023,Cardiology,H08,249865
A03271,P03271,2024/07/27,2024/07/31,Oncology,H06,8956
A03272,P03272,01/12/2024,11/12/2024,Oncology,H01,12070
A03273,P03273,Sep 03 2023,Sep 14 2023,Oncology,H04,196662
A03274,P03274,10-07-2023,13-07-2023,ICU,H03,235668
A03275,P03275,Jan 26 2023,Feb 06 2023,Oncology,H06,100500
A03276,P03276,2023/12/21,2024/01/04,Emergency,H05,43710
A03277,P03277,2024/09/13,2024/09/19,Oncology,H06,105810
A03278,P03278,29-03-2024,10-04-2024,Oncology,H04,62577
A03279,P03279,31/08/2024,10/09/2024,Oncology,H05,157161
A03280,P03280,2023-08-01,2023-08-02,Pediatrics,H06,156611
A03281,P03281,23-03-2023,01-04-2023,Orthopedic,H08,138290
A03282,P03282,2024/07/14,2024/07/23,Neurology,H01,246468
A03283,P03283,26-11-2024,02-12-2024,Neurology,H04,131431
A03284,P03284,2024/09/10,2024/09/19,Cardiology,H02,57055
A03285,P03285,28-07-2024,06-08-2024,Oncology,H06,118289
A03286,P03286,08-10-2024,22-10-2024,Pediatrics,H05,206031
A03287,P03287,2024-02-18,2024-03-03,Oncology,H05,123197
A03288,P03288,2023/12/16,2023/12/19,Orthopedic,H07,180456
A03289,P03289,2024/10/17,2024/10/18,Neurology,H03,239870
A03290,P03290,2024-04-03,2024-04-12,Pediatrics,H08,216611
A03291,P03291,01-01-2024,09-01-2024,Orthopedic,H01,220622
A03292,P03292,16-08-2024,30-08-2024,Pediatrics,H03,13353
A03293,P03293,2023/02/05,2023/02/11,Pediatrics,H03,237277
A03294,P03294,Feb 16 2023,Feb 23 2023,Emergency,H01,212919
A03295,P03295,Apr 18 2024,Apr 22 2024,Cardiology,H07,157309
A03296,P03296,23-09-2023,28-09-2023,ICU,H04,130831
A03297,P03297,20/09/2024,21/09/2024,Orthopedic,H05,44071
A03298,P03298,2023-10-03,2023-10-02,Neurology,H02,130217
A03299,P03299,2024/08/10,2024/08/12,Emergency,H01,243269
A03300,P03300,2023-05-04,2023-05-07,Oncology,H04,20184
A03301,P03301,2024/02/12,2024/02/27,Emergency,H02,52134
A03302,P03302,09-02-2024,22-02-2024,Orthopedic,H03,170202
A03303,P03303,2024-03-19,2024-03-30,ICU,H07,208587
A03304,P03304,2024/11/09,2024/11/14,Cardiology,H01,131724
A03305,P03305,15-05-2024,19-05-2024,Neurology,H08,95850
A03306,P03306,2023/12/16,2023/12/22,Pediatrics,H01,40436
A03307,P03307,10/07/2024,12/07/2024,Oncology,H04,184487
A03308,P03308,2023-01-12,2023-01-14,ICU,H02,198071
A03309,P03309,12-10-2024,16-10-2024,Cardiology,H06,51785
A03310,P03310,12-06-2023,27-06-2023,Cardiology,H08,17255
A03311,P03311,2023-10-30,2023-11-12,ICU,H07,198552
A03312,P03312,02/10/2023,03/10/2023,ICU,H01,149137
A03313,P03313,31/10/2023,09/11/2023,Pediatrics,H04,229743
A03314,P03314,2023/04/09,2023/04/17,Neurology,H03,41777
A03315,P03315,2023/11/04,2023/11/18,Orthopedic,H05,198851
A03316,P03316,2024-04-30,2024-05-01,Cardiology,H07,104819
A03317,P03317,2023/03/04,2023/03/12,Neurology,H08,173793
A03318,P03318,09-04-2024,18-04-2024,Emergency,H03,
A03319,P03319,Mar 16 2023,Mar 18 2023,Cardiology,H01,147444
A03320,P03320,2023/03/03,,Emergency,H01,216371
A03321,P03321,May 30 2024,Jun 07 2024,Oncology,H01,167700
A03322,P03322,2023-04-18,2023-04-26,Pediatrics,H06,20978
A03323,P03323,Feb 05 2024,Feb 13 2024,Oncology,H07,172173
A03324,P03324,05-12-2023,16-12-2023,ICU,H06,102088
A03325,P03325,05-04-2024,06-04-2024,Neurology,H04,237364
A03326,P03326,2024/02/13,2024/02/27,Orthopedic,H05,195901
A03327,P03327,15-05-2024,17-05-2024,Cardiology,H04,223485
A03328,P03328,09-05-2024,14-05-2024,Pediatrics,H07,146540
A03329,P03329,19/11/2023,23/11/2023,Cardiology,H01,207090
A03330,P03330,Oct 23 2023,Nov 06 2023,Neurology,H05,61100
A03331,P03331,2023-08-06,2023-08-11,Oncology,H03,165397
A03332,P03332,2023/01/27,2023/02/10,Cardiology,H01,13461
A03333,P03333,2023/06/07,2023/06/20,Orthopedic,H06,127843
A03334,P03334,2023/09/26,2023/10/02,Oncology,H07,58037
A03335,P03335,2023-10-25,2023-11-01,Emergency,H03,60264
A03336,P03336,2023-12-16,2023-12-18,Oncology,H03,128497
A03337,P03337,11/10/2024,12/10/2024,Oncology,H06,55451
A03338,P03338,03/06/2024,05/06/2024,Oncology,H03,129439
A03339,P03339,02/02/2024,13/02/2024,Oncology,H01,70063
A03340,P03340,2024-07-11,2024-07-24,Orthopedic,H01,201262
A03341,P03341,02-07-2024,14-07-2024,Pediatrics,H02,117522
A03342,P03342,20/04/2023,03/05/2023,Emergency,H01,101294
A03343,P03343,Nov 06 2023,Nov 18 2023,Neurology,H01,235619
A03344,P03344,Feb 12 2024,Feb 23 2024,Oncology,H08,222299
A03345,P03345,10/05/2024,12/05/2024,Neurology,H08,31194
A03346,P03346,2023/04/20,2023/04/29,Cardiology,H02,32709
A03347,P03347,2024/11/06,2024/11/13,ICU,H04,241008
A03348,P03348,12/01/2024,14/01/2024,Neurology,H07,92510
A03349,P03349,10/05/2024,24/05/2024,ICU,H02,176298
A03350,P03350,2023-03-16,2023-03-24,Cardiology,H07,205495
A03351,P03351,2024/06/30,2024/07/09,ICU,H05,174024
A03352,P03352,Mar 05 2024,Mar 07 2024,ICU,H04,81237
A03353,P03353,25-12-2023,08-01-2024,ICU,H06,86490
A03354,P03354,2023/07/16,2023/07/21,Orthopedic,H03,53688
A03355,P03355,2023/11/22,2023/11/30,ICU,H08,247583
A03356,P03356,08/05/2024,19/05/2024,Emergency,H06,222481
A03357,P03357,2023/04/01,2023/04/12,ICU,H01,241063
A03358,P03358,18/08/2023,29/08/2023,Neurology,H08,175606
A03359,P03359,2023-01-31,2023-02-05,Pediatrics,H01,182301
A03360,P03360,Sep 21 2024,Oct 03 2024,Cardiology,H08,174471
A03361,P03361,2024-10-23,2024-10-29,Oncology,H02,173855
A03362,P03362,27-09-2024,04-10-2024,Pediatrics,H04,195944
A03363,P03363,25/05/2023,26/05/2023,Orthopedic,H08,175524
A03364,P03364,18/05/2024,24/05/2024,Emergency,H07,193149
A03365,P03365,2023-03-19,2023-03-25,Pediatrics,H06,172413
A03366,P03366,06/10/2024,10/10/2024,Oncology,H05,215855
A03367,P03367,2023/04/04,2023/04/07,Oncology,H01,247239
A03368,P03368,20/03/2024,29/03/2024,Oncology,H02,197704
A03369,P03369,2023/11/25,2023/12/02,Pediatrics,H04,19042
A03370,P03370,28-01-2023,06-02-2023,Orthopedic,H02,20200
A03371,P03371,16-10-2024,20-10-2024,Neurology,H05,73959
A03372,P03372,04/08/2024,11/08/2024,Orthopedic,H07,70451
A03373,P03373,2024-06-24,2024-07-06,Emergency,H08,249534
A03374,P03374,29-03-2024,09-04-2024,Oncology,H04,245946
A03375,P03375,2023/10/19,2023/10/22,Pediatrics,H05,82278
A03376,P03376,2023/04/07,2023/04/15,ICU,H03,999999
A03377,P03377,07-04-2023,15-04-2023,Orthopedic,H04,200346
A03378,P03378,22-01-2023,29-01-2023,ICU,H05,79986
A03379,P03379,14-05-2023,25-05-2023,Neurology,H07,57701
A03380,P03380,24/06/2024,06/07/2024,Emergency,H08,84124
A03381,P03381,25-01-2023,06-02-2023,Neurology,H06,172350
A03382,P03382,2023/04/17,2023/04/28,Emergency,H01,49247
A03383,P03383,Jul 23 2024,Jul 29 2024,Emergency,H03,74419
A03384,P03384,22/01/2024,30/01/2024,Neurology,H04,129984
A03385,P03385,15/04/2023,21/04/2023,Cardiology,H03,141632
A03386,P03386,17-11-2024,02-12-2024,ICU,H07,126887
A03387,P03387,Aug 17 2023,Aug 18 2023,Oncology,H02,72136
A03388,P03388,2024/09/29,2024/10/13,Orthopedic,H05,199585
A03389,P03389,2024/04/23,2024/04/29,Neurology,H03,192439
A03390,P03390,2023/11/07,2023/11/21,ICU,H06,165132
A03391,P03391,2023/04/28,2023/05/08,Cardiology,H08,51656
A03392,P03392,2024-01-15,2024-01-23,Neurology,H06,32344
A03393,P03393,03/11/2024,14/11/2024,Orthopedic,H06,150063
A03394,P03394,2023/09/24,2023/09/25,Pediatrics,H06,191565
A03395,P03395,2023-01-08,2023-01-07,ICU,H05,216177
A03396,P03396,Nov 30 2024,Dec 12 2024,Cardiology,H08,143030
A03397,P03397,2024/03/01,2024/03/06,Emergency,H08,
A03398,P03398,Jun 14 2024,Jun 16 2024,Emergency,H04,64203
A03399,P03399,02/05/2023,10/05/2023,Cardiology,H08,119218
A03400,P03400,02/07/2024,06/07/2024,Emergency,H05,96789
A03401,P03401,07/07/2024,18/07/2024,Oncology,H03,245467
A03402,P03402,Sep 20 2023,Sep 23 2023,Oncology,H02,80218
A03403,P03403,2024-02-01,,Orthopedic,H04,54544
A03404,P03404,2023-11-13,2023-11-21,Pediatrics,H06,116127
A03405,P03405,2023/11/15,2023/11/17,Orthopedic,H02,216658
A03406,P03406,16-04-2023,27-04-2023,Cardiology,H02,33629
A03407,P03407,2023/10/27,2023/11/10,Emergency,H02,63297
A03408,P03408,06/10/2024,20/10/2024,Emergency,H04,156250
A03409,P03409,17-11-2023,22-11-2023,Emergency,H01,78854
A03410,P03410,2024-11-21,2024-11-24,ICU,H02,125241
A03411,P03411,2023/05/19,2023/05/27,Cardiology,H06,187794
A03412,P03412,30-01-2024,05-02-2024,Oncology,H01,56022
A03413,P03413,2024-08-27,2024-09-07,Orthopedic,H05,123198
A03414,P03414,14-05-2024,29-05-2024,Cardiology,H01,71167
A03415,P03415,03/11/2024,04/11/2024,Oncology,H03,212967
A03416,P03416,20-06-2023,01-07-2023,Oncology,H07,16724
A03417,P03417,2023-09-25,2023-10-05,Oncology,H07,166931
A03418,P03418,30-11-2023,12-12-2023,Cardiology,H03,82441
A03419,P03419,01/08/2024,09/08/2024,Orthopedic,H06,115305
A03420,P03420,2023/05/10,2023/05/21,Emergency,H08,88620
A03421,P03421,13-05-2023,14-05-2023,Neurology,H04,248478
A03422,P03422,2024/07/17,2024/07/23,Neurology,H07,115043
A03423,P03423,2023-02-14,2023-02-23,Orthopedic,H01,7136
A03424,P03424,2024-11-16,2024-11-30,Oncology,H01,142804
A03425,P03425,08/01/2023,09/01/2023,Orthopedic,H04,5121
A03426,P03426,12-04-2024,15-04-2024,ICU,H08,148171
A03427,P03427,06/10/2024,19/10/2024,Pediatrics,H03,194938
A03428,P03428,22/02/2023,23/02/2023,Cardiology,H01,124092
A03429,P03429,2024-07-09,2024-07-24,ICU,H03,205171
A03430,P03430,20/06/2023,04/07/2023,Emergency,H08,190494
A03431,P03431,2024/01/23,2024/01/26,Orthopedic,H05,34582
A03432,P03432,Mar 12 2023,Mar 26 2023,Cardiology,H01,187667
A03433,P03433,2024-04-01,2024-04-15,Pediatrics,H03,209104
A03434,P03434,10/04/2024,20/04/2024,Neurology,H05,178841
A03435,P03435,08-06-2023,15-06-2023,Orthopedic,H04,61796
A03436,P03436,10-11-2023,13-11-2023,ICU,H04,189415
A03437,P03437,26-07-2024,08-08-2024,Pediatrics,H08,239790
A03438,P03438,Oct 22 2024,Nov 01 2024,Orthopedic,H02,89883
A03439,P03439,24-02-2023,27-02-2023,Oncology,H04,207178
A03440,P03440,Sep 03 2023,Sep 09 2023,Emergency,H06,227607
A03441,P03441,11/04/2024,26/04/2024,Pediatrics,H04,140124
A03442,P03442,2023/09/26,2023/10/07,Pediatrics,H02,61504
A03443,P03443,2024-03-21,2024-04-01,Cardiology,H06,162252
A03444,P03444,25-11-2023,03-12-2023,Neurology,H01,100860
A03445,P03445,13/10/2024,23/10/2024,Cardiology,H05,112316
A03446,P03446,22-08-2024,02-09-2024,Cardiology,H05,203704
A03447,P03447,2023/03/08,2023/03/16,Orthopedic,H03,153452
A03448,P03448,2024-10-29,2024-11-01,Emergency,H02,126687
A03449,P03449,Oct 09 2023,Oct 23 2023,Emergency,H02,74011
A03450,P03450,14-03-2023,24-03-2023,ICU,H03,36716
A03451,P03451,Jun 09 2024,Jun 15 2024,Emergency,H05,210311
A03452,P03452,2024/07/02,2024/07/07,Orthopedic,H01,158853
A03453,P03453,15-02-2023,01-03-2023,ICU,H03,50694
A03454,P03454,19-07-2024,26-07-2024,Pediatrics,H01,95857
A03455,P03455,20/05/2024,21/05/2024,Cardiology,H01,222116
A03456,P03456,2023/12/31,2024/01/13,Cardiology,H08,10416
A03457,P03457,20/10/2023,02/11/2023,Pediatrics,H06,177384
A03458,P03458,Apr 02 2024,Apr 13 2024,Pediatrics,H03,43498
A03459,P03459,Dec 05 2023,Dec 19 2023,Pediatrics,H06,242146
A03460,P03460,2024/10/13,2024/10/22,Pediatrics,H05,11420
A03461,P03461,10-03-2024,22-03-2024,Cardiology,H02,8476
A03462,P03462,14-12-2023,16-12-2023,Oncology,H04,38479
A03463,P03463,25/01/2024,30/01/2024,Neurology,H05,189475
A03464,P03464,Sep 27 2024,Oct 10 2024,Pediatrics,H01,131745
A03465,P03465,05/01/2023,20/01/2023,Cardiology,H01,95427
A03466,P03466,2024/02/07,2024/02/22,Orthopedic,H05,41432
A03467,P03467,2024-03-11,2024-03-21,Oncology,H08,99251
A03468,P03468,11/05/2024,25/05/2024,Emergency,H08,80304
A03469,P03469,May 11 2024,May 19 2024,Neurology,H01,106276
A03470,P03470,28/06/2024,04/07/2024,Neurology,H01,120204
A03471,P03471,2024-09-24,2024-10-08,Pediatrics,H01,210626
A03472,P03472,2023/02/07,2023/02/11,Pediatrics,H08,75001
A03473,P03473,2023-11-11,2023-11-20,Oncology,H05,8764
A03474,P03474,2023-05-18,2023-05-29,Neurology,H04,45365
A03475,P03475,Jan 16 2023,Jan 29 2023,Emergency,H08,232526
A03476,P03476,2023/12/19,2023/12/23,Neurology,H07,
A03477,P03477,22/07/2024,06/08/2024,Oncology,H08,136399
A03478,P03478,Jan 23 2024,Jan 31 2024,Pediatrics,H06,99350
A03479,P03479,22/12/2023,28/12/2023,ICU,H06,138411
A03480,P03480,29-01-2024,04-02-2024,Pediatrics,H07,11414
A03481,P03481,Jan 29 2024,Feb 07 2024,Emergency,H03,130030
A03482,P03482,2024/11/04,2024/11/09,Emergency,H08,234321
A03483,P03483,25/04/2023,26/04/2023,Cardiology,H03,18440
A03484,P03484,Dec 18 2023,Dec 23 2023,Pediatrics,H05,111223
A03485,P03485,15/12/2023,19/12/2023,ICU,H06,79898
A03486,P03486,20-05-2023,,Pediatrics,H05,171575
A03487,P03487,2023/10/22,2023/10/23,Oncology,H02,80142
A03488,P03488,Nov 15 2023,Nov 16 2023,Pediatrics,H07,91229
A03489,P03489,06/08/2023,14/08/2023,ICU,H06,15583
A03490,P03490,2024-10-26,2024-11-09,Emergency,H02,22215
A03491,P03491,2024/08/27,2024/09/07,Neurology,H08,36621
A03492,P03492,08-01-2024,07-01-2024,Emergency,H05,90378
A03493,P03493,17/06/2023,27/06/2023,Cardiology,H04,142492
A03494,P03494,10/09/2023,15/09/2023,Emergency,H08,25068
A03495,P03495,2024-04-18,2024-04-20,Cardiology,H02,141263
A03496,P03496,2024/01/22,2024/02/03,ICU,H05,210461
A03497,P03497,2023/07/18,2023/07/19,Orthopedic,H01,222532
A03498,P03498,30-08-2024,05-09-2024,Neurology,H08,163233
A03499,P03499,Apr 12 2023,Apr 16 2023,ICU,H05,184424
A03500,P03500,Apr 26 2024,May 06 2024,Pediatrics,H05,58869
A03501,P03501,2024/05/06,2024/05/18,Emergency,H04,140470
A03502,P03502,2024/06/01,2024/06/03,Pediatrics,H02,107488
A03503,P03503,2024/06/23,2024/07/06,ICU,H05,125430
A03504,P03504,20-11-2023,01-12-2023,Emergency,H05,19618
A03505,P03505,2023-07-13,2023-07-26,ICU,H06,167086
A03506,P03506,2023-06-16,2023-07-01,ICU,H01,186993
A03507,P03507,2024-10-17,2024-10-31,Neurology,H02,89223
A03508,P03508,2023/05/18,2023/05/19,Orthopedic,H08,102126
A03509,P03509,2023-11-03,2023-11-06,Pediatrics,H05,242681
A03510,P03510,11-12-2023,17-12-2023,Oncology,H08,145968
A03511,P03511,09-03-2024,15-03-2024,Emergency,H02,103128
A03512,P03512,17/10/2024,24/10/2024,Cardiology,H04,140227
A03513,P03513,2023/02/05,2023/02/14,ICU,H04,68378
A03514,P03514,22-04-2023,04-05-2023,Neurology,H06,185823
A03515,P03515,Aug 18 2024,Aug 20 2024,Pediatrics,H04,49839
A03516,P03516,Sep 25 2023,Oct 05 2023,Neurology,H04,192905
A03517,P03517,Jun 30 2023,Jul 12 2023,Cardiology,H03,140353
A03518,P03518,Oct 23 2023,Oct 29 2023,ICU,H02,224334
A03519,P03519,2023/04/15,2023/04/18,Pediatrics,H08,217588
A03520,P03520,04/10/2023,10/10/2023,Oncology,H05,31918
A03521,P03521,03/09/2024,12/09/2024,ICU,H04,220382
A03522,P03522,2023/05/18,2023/05/30,Neurology,H04,19341
A03523,P03523,2023/04/13,2023/04/18,Cardiology,H03,171185
A03524,P03524,2024-06-21,2024-06-22,Cardiology,H08,104703
A03525,P03525,02/02/2024,16/02/2024,Orthopedic,H04,82791
A03526,P03526,Aug 01 2023,Aug 12 2023,Cardiology,H03,113820
A03527,P03527,2024/10/27,2024/10/31,Pediatrics,H06,69392
A03528,P03528,Feb 12 2024,Feb 14 2024,ICU,H03,191214
A03529,P03529,29-08-2024,09-09-2024,Cardiology,H03,134845
A03530,P03530,05/12/2023,07/12/2023,Pediatrics,H02,99368
A03531,P03531,03/10/2023,09/10/2023,Oncology,H02,228992
A03532,P03532,01/05/2024,12/05/2024,Pediatrics,H07,56902
A03533,P03533,Jun 03 2024,Jun 04 2024,Pediatrics,H05,74006
A03534,P03534,Jul 02 2024,Jul 05 2024,Cardiology,H03,106832
A03535,P03535,Sep 09 2023,Sep 14 2023,ICU,H03,176740
A03536,P03536,Jun 22 2023,Jun 23 2023,Orthopedic,H06,238722
A03537,P03537,2023-08-31,2023-09-13,Cardiology,H02,111327
A03538,P03538,20-08-2023,21-08-2023,Orthopedic,H06,6118
A03539,P03539,02-11-2024,17-11-2024,Neurology,H08,163417
A03540,P03540,08/01/2024,12/01/2024,Cardiology,H08,75243
A03541,P03541,Feb 06 2023,Feb 13 2023,Oncology,H04,152432
A03542,P03542,Aug 13 2023,Aug 19 2023,ICU,H04,98771
A03543,P03543,Jun 05 2024,Jun 15 2024,Cardiology,H03,150441
A03544,P03544,Jul 23 2024,Aug 07 2024,Emergency,H08,60022
A03545,P03545,01-11-2023,14-11-2023,Emergency,H01,107117
A03546,P03546,Feb 14 2023,Feb 26 2023,ICU,H04,99259
A03547,P03547,27-07-2023,28-07-2023,Emergency,H03,125808
A03548,P03548,2024/02/20,2024/02/21,Pediatrics,H05,156520
A03549,P03549,Jan 11 2023,Jan 16 2023,Orthopedic,H01,124524
A03550,P03550,2023/04/16,2023/04/29,Cardiology,H06,87479
A03551,P03551,2024/02/27,2024/03/04,Orthopedic,H01,209936
A03552,P03552,2024/10/23,2024/10/29,ICU,H08,145222
A03553,P03553,17/05/2023,21/05/2023,Orthopedic,H03,49365
A03554,P03554,Feb 13 2023,Feb 17 2023,Cardiology,H07,9756
A03555,P03555,2023-09-02,2023-09-12,Cardiology,H01,
A03556,P03556,15-03-2024,23-03-2024,Oncology,H02,224710
A03557,P03557,2023/09/10,2023/09/23,Orthopedic,H02,68485
A03558,P03558,2024-11-18,2024-12-02,Pediatrics,H03,83963
A03559,P03559,20/02/2023,01/03/2023,Cardiology,H03,109305
A03560,P03560,28/05/2023,31/05/2023,ICU,H02,150168
A03561,P03561,2023-10-04,2023-10-16,Neurology,H05,207234
A03562,P03562,Dec 04 2023,Dec 07 2023,Orthopedic,H03,43179
A03563,P03563,Jun 24 2023,Jun 28 2023,Neurology,H04,10861
A03564,P03564,2023-05-15,2023-05-16,Cardiology,H04,12138
A03565,P03565,2023/05/13,2023/05/22,Neurology,H03,163230
A03566,P03566,29/09/2023,05/10/2023,Pediatrics,H08,21088
A03567,P03567,2024-08-03,2024-08-15,Neurology,H06,249323
A03568,P03568,24/08/2023,03/09/2023,ICU,H02,89597
A03569,P03569,2024/10/13,,Emergency,H05,53180
A03570,P03570,Jun 15 2024,Jun 22 2024,ICU,H07,197742
A03571,P03571,2023-10-20,2023-11-04,Emergency,H08,206227
A03572,P03572,14-04-2024,29-04-2024,Neurology,H07,100132
A03573,P03573,Mar 12 2023,Mar 13 2023,Neurology,H01,149658
A03574,P03574,2024/10/19,2024/10/20,Cardiology,H07,161608
A03575,P03575,09/09/2023,16/09/2023,Neurology,H08,19352
A03576,P03576,2023-07-12,2023-07-24,ICU,H08,92650
A03577,P03577,2023/06/17,2023/06/19,Pediatrics,H04,133419
A03578,P03578,15/03/2024,25/03/2024,Orthopedic,H06,43162
A03579,P03579,04-09-2024,14-09-2024,Pediatrics,H08,128389
A03580,P03580,10/04/2024,19/04/2024,Pediatrics,H03,195390
A03581,P03581,04/11/2023,13/11/2023,Cardiology,H05,45946
A03582,P03582,18/03/2024,28/03/2024,Neurology,H03,46937
A03583,P03583,14-06-2023,28-06-2023,Neurology,H02,63481
A03584,P03584,21-07-2023,05-08-2023,Neurology,H03,90309
A03585,P03585,Aug 11 2023,Aug 21 2023,ICU,H03,12326
A03586,P03586,2024-05-11,2024-05-24,Oncology,H05,157280
A03587,P03587,2023-02-13,2023-02-18,Orthopedic,H02,999999
A03588,P03588,Jun 25 2023,Jul 01 2023,Neurology,H03,247336
A03589,P03589,27/08/2024,26/08/2024,Orthopedic,H07,217591
A03590,P03590,2024-03-29,2024-04-07,Oncology,H04,179415
A03591,P03591,12/08/2024,27/08/2024,Pediatrics,H06,234240
A03592,P03592,Feb 05 2023,Feb 12 2023,Neurology,H04,243256
A03593,P03593,2023/07/21,2023/07/26,Orthopedic,H04,34605
A03594,P03594,17-12-2023,31-12-2023,Pediatrics,H04,217981
A03595,P03595,01-08-2023,09-08-2023,Pediatrics,H06,138290
A03596,P03596,2024-10-01,2024-10-13,Oncology,H01,242409
A03597,P03597,15/12/2023,28/12/2023,Emergency,H05,13459
A03598,P03598,15-12-2023,23-12-2023,Emergency,H06,99741
A03599,P03599,02-03-2023,14-03-2023,Orthopedic,H08,53540
A03600,P03600,13/05/2023,16/05/2023,Pediatrics,H04,199263
A03601,P03601,2023-01-15,2023-01-23,Emergency,H07,6174
A03602,P03602,13-03-2023,20-03-2023,Oncology,H05,163073
A03603,P03603,May 30 2024,Jun 06 2024,ICU,H05,183591
A03604,P03604,Apr 22 2024,Apr 25 2024,Emergency,H02,199813
A03605,P03605,03-10-2023,07-10-2023,Orthopedic,H07,198972
A03606,P03606,2024-01-07,2024-01-16,Oncology,H07,172254
A03607,P03607,08/08/2024,19/08/2024,Neurology,H08,224776
A03608,P03608,2024-11-07,2024-11-19,Orthopedic,H03,50275
A03609,P03609,Nov 24 2024,Dec 07 2024,Pediatrics,H05,215177
A03610,P03610,2024-10-02,2024-10-15,Pediatrics,H01,33985
A03611,P03611,Jan 12 2024,Jan 24 2024,Neurology,H05,112604
A03612,P03612,15/03/2023,22/03/2023,ICU,H08,177939
A03613,P03613,06-03-2024,07-03-2024,Pediatrics,H05,211032
A03614,P03614,Feb 20 2023,Mar 02 2023,Orthopedic,H08,110459
A03615,P03615,06/02/2023,10/02/2023,Oncology,H05,116226
A03616,P03616,Jun 24 2023,Jul 08 2023,Orthopedic,H04,205717
A03617,P03617,2023-06-09,2023-06-16,Orthopedic,H04,88930
A03618,P03618,2023/05/24,2023/06/04,Orthopedic,H04,22603
A03619,P03619,2023-11-02,2023-11-14,Oncology,H04,179522
A03620,P03620,2024-05-04,2024-05-10,Oncology,H05,44153
A03621,P03621,2023-07-14,2023-07-15,Cardiology,H06,164566
A03622,P03622,2024/11/23,2024/12/02,Pediatrics,H01,69869
A03623,P03623,Sep 25 2024,Sep 29 2024,Cardiology,H03,195475
A03624,P03624,Jun 17 2023,Jun 20 2023,Oncology,H07,198364
A03625,P03625,10-10-2023,18-10-2023,ICU,H08,78852
A03626,P03626,2023/03/05,2023/03/13,Pediatrics,H07,175531
A03627,P03627,Oct 25 2023,Oct 28 2023,ICU,H04,137713
A03628,P03628,2023/02/07,2023/02/18,Cardiology,H08,198213
A03629,P03629,2024-06-20,2024-07-02,Pediatrics,H02,15431
A03630,P03630,2023-02-07,2023-02-10,Oncology,H05,82155
A03631,P03631,2024-06-20,2024-06-26,Emergency,H05,107689
A03632,P03632,2023-05-12,2023-05-14,Emergency,H08,198695
A03633,P03633,11-11-2023,22-11-2023,Cardiology,H05,10176
A03634,P03634,20-09-2023,22-09-2023,Oncology,H01,
A03635,P03635,2024-11-04,2024-11-12,Pediatrics,H04,49446
A03636,P03636,Mar 15 2023,Mar 30 2023,Neurology,H01,154426
A03637,P03637,18-10-2023,28-10-2023,Cardiology,H07,59526
A03638,P03638,2023-10-24,2023-11-08,Cardiology,H03,74441
A03639,P03639,2023-03-17,2023-03-25,Pediatrics,H05,15512
A03640,P03640,2023-07-31,2023-08-01,Orthopedic,H06,214902
A03641,P03641,10/01/2023,12/01/2023,Pediatrics,H08,100533
A03642,P03642,Jul 16 2024,Jul 17 2024,ICU,H01,106459
A03643,P03643,2024/03/16,2024/03/29,Pediatrics,H02,98775
A03644,P03644,2023-10-01,2023-10-06,Neurology,H06,141940
A03645,P03645,Mar 15 2023,Mar 22 2023,Emergency,H06,10510
A03646,P03646,May 04 2023,May 16 2023,ICU,H08,39495
A03647,P03647,22/02/2023,24/02/2023,Oncology,H04,94852
A03648,P03648,2024/07/06,2024/07/08,Orthopedic,H02,32451
A03649,P03649,2023-05-01,2023-05-16,ICU,H03,190952
A03650,P03650,2024-04-27,2024-05-02,Oncology,H06,59475
A03651,P03651,23/09/2024,28/09/2024,Cardiology,H07,34324
A03652,P03652,2023/04/18,,Pediatrics,H05,7730
A03653,P03653,25/05/2024,31/05/2024,Neurology,H02,96163
A03654,P03654,2023/02/06,2023/02/10,Cardiology,H03,135878
A03655,P03655,2023-05-30,2023-06-07,Orthopedic,H01,43019
A03656,P03656,Jul 12 2024,Jul 18 2024,Pediatrics,H03,218302
A03657,P03657,2023-11-04,2023-11-13,ICU,H01,140675
A03658,P03658,2024/09/16,2024/09/27,Neurology,H06,160446
A03659,P03659,24/08/2023,31/08/2023,Cardiology,H01,15217
A03660,P03660,19-08-2024,29-08-2024,Oncology,H02,67272
A03661,P03661,2024-08-27,2024-09-09,Oncology,H05,189858
A03662,P03662,2023-03-02,2023-03-15,Emergency,H02,160997
A03663,P03663,18-06-2023,26-06-2023,Cardiology,H03,190412
A03664,P03664,08/11/2024,17/11/2024,ICU,H05,141521
A03665,P03665,Mar 20 2023,Apr 01 2023,Oncology,H05,159968
A03666,P03666,29/09/2024,12/10/2024,Orthopedic,H04,98308
A03667,P03667,Nov 02 2023,Nov 16 2023,Neurology,H07,16521
A03668,P03668,Mar 12 2024,Mar 23 2024,ICU,H04,50537
A03669,P03669,2024/06/29,2024/07/10,Oncology,H07,161032
A03670,P03670,Mar 23 2024,Apr 01 2024,Cardiology,H01,21397
A03671,P03671,2023-12-09,2023-12-22,Emergency,H03,49842
A03672,P03672,24/04/2024,08/05/2024,Neurology,H01,76064
A03673,P03673,2024/03/12,2024/03/20,Emergency,H04,135465
A03674,P03674,2024/11/10,2024/11/18,Emergency,H02,125264
A03675,P03675,2023/01/12,2023/01/13,Pediatrics,H03,138871
A03676,P03676,2023-09-15,2023-09-24,Oncology,H04,164823
A03677,P03677,Oct 10 2024,Oct 12 2024,Pediatrics,H04,192657
A03678,P03678,2023-07-15,2023-07-21,Emergency,H03,124119
A03679,P03679,26-02-2023,01-03-2023,Neurology,H07,181117
A03680,P03680,2024-01-30,2024-02-13,ICU,H03,191247
A03681,P03681,2023-01-17,2023-01-25,Neurology,H06,221600
A03682,P03682,30/04/2023,07/05/2023,Oncology,H07,173928
A03683,P03683,01-03-2023,16-03-2023,ICU,H07,231352
A03684,P03684,2023-04-24,2023-05-08,Emergency,H05,10216
A03685,P03685,02/01/2023,12/01/2023,Pediatrics,H03,12068
A03686,P03686,2024/11/05,2024/11/04,ICU,H04,240453
A03687,P03687,2024-02-26,2024-03-10,ICU,H04,143577
A03688,P03688,31/07/2023,14/08/2023,Emergency,H06,157886
A03689,P03689,2023/02/15,2023/02/22,ICU,H08,189079
A03690,P03690,2024-03-14,2024-03-27,Orthopedic,H06,192696
A03691,P03691,21-01-2023,01-02-2023,Pediatrics,H01,11949
A03692,P03692,2023-12-14,2023-12-25,Cardiology,H04,164492
A03693,P03693,2023/02/14,2023/02/25,Neurology,H06,168026
A03694,P03694,19-02-2023,04-03-2023,Oncology,H01,137384
A03695,P03695,Dec 26 2023,Jan 10 2024,Orthopedic,H05,118005
A03696,P03696,21-03-2023,31-03-2023,Orthopedic,H02,201295
A03697,P03697,May 10 2023,May 14 2023,Cardiology,H07,114518
A03698,P03698,Feb 19 2023,Feb 20 2023,Neurology,H01,188282
A03699,P03699,2024/03/26,2024/03/28,Cardiology,H02,157374
A03700,P03700,14-11-2023,29-11-2023,Neurology,H07,145666
A03701,P03701,20-05-2024,25-05-2024,Cardiology,H04,164885
A03702,P03702,2023-05-18,2023-05-26,Orthopedic,H02,120984
A03703,P03703,2023/05/02,2023/05/09,Orthopedic,H06,120051
A03704,P03704,2023-01-24,2023-01-29,Oncology,H08,54355
A03705,P03705,14/12/2023,26/12/2023,Cardiology,H06,234242
A03706,P03706,Apr 01 2024,Apr 12 2024,Oncology,H03,179278
A03707,P03707,01-07-2023,07-07-2023,Pediatrics,H04,18746
A03708,P03708,2024/07/26,2024/07/27,Neurology,H01,242815
A03709,P03709,2023/08/07,2023/08/15,Emergency,H07,81319
A03710,P03710,Mar 28 2024,Apr 12 2024,ICU,H06,108713
A03711,P03711,Jul 28 2023,Jul 30 2023,Orthopedic,H04,237942
A03712,P03712,2023/09/22,2023/09/27,Emergency,H03,57937
A03713,P03713,2024-05-23,2024-06-01,Cardiology,H03,
A03714,P03714,2023/02/28,2023/03/09,Oncology,H01,16734
A03715,P03715,2023/08/01,2023/08/10,Oncology,H01,28330
A03716,P03716,2023-04-29,2023-05-03,Neurology,H01,171202
A03717,P03717,29/05/2024,12/06/2024,Orthopedic,H02,67739
A03718,P03718,2024-02-19,2024-02-29,Emergency,H01,184662
A03719,P03719,2024/08/13,2024/08/19,Pediatrics,H06,133205
A03720,P03720,2023/04/27,2023/05/04,Emergency,H01,27116
A03721,P03721,2024/05/25,2024/05/30,Orthopedic,H01,86901
A03722,P03722,15/10/2023,28/10/2023,Orthopedic,H07,159659
A03723,P03723,2023/03/18,2023/03/29,Neurology,H03,42043
A03724,P03724,2024/04/22,2024/04/25,Cardiology,H01,118122
A03725,P03725,Dec 15 2023,Dec 28 2023,Oncology,H01,174916
A03726,P03726,2023/06/23,2023/06/24,Oncology,H03,200471
A03727,P03727,Jun 19 2024,Jul 03 2024,ICU,H06,213457
A03728,P03728,06-12-2023,09-12-2023,Cardiology,H06,241673
A03729,P03729,28-01-2024,06-02-2024,ICU,H05,216891
A03730,P03730,01-10-2024,16-10-2024,Oncology,H04,61942
A03731,P03731,15-11-2024,23-11-2024,Orthopedic,H04,76939
A03732,P03732,2024-09-13,2024-09-22,Neurology,H04,16180
A03733,P03733,Jul 08 2024,Jul 17 2024,ICU,H02,120577
A03734,P03734,Oct 16 2024,Oct 21 2024,Neurology,H04,71851
A03735,P03735,2024/11/16,,ICU,H01,65777
A03736,P03736,2024-09-27,2024-10-06,ICU,H06,91320
A03737,P03737,2023/08/17,2023/08/27,ICU,H07,85205
A03738,P03738,2023-08-10,2023-08-19,Neurology,H05,192518
A03739,P03739,04-07-2023,05-07-2023,Neurology,H05,8415
A03740,P03740,30/08/2024,10/09/2024,Emergency,H06,132717
A03741,P03741,10/06/2023,15/06/2023,Pediatrics,H02,109725
A03742,P03742,2023-11-21,2023-12-04,Neurology,H02,240271
A03743,P03743,2024/03/12,2024/03/19,Cardiology,H07,197714
A03744,P03744,2023-02-15,2023-02-16,ICU,H06,104115
A03745,P03745,01-06-2024,09-06-2024,Pediatrics,H03,136606
A03746,P03746,14/11/2023,26/11/2023,Oncology,H07,101867
A03747,P03747,05-01-2024,08-01-2024,Emergency,H04,203039
A03748,P03748,Jul 24 2024,Jul 29 2024,Pediatrics,H01,189142
A03749,P03749,Oct 05 2024,Oct 17 2024,Pediatrics,H06,82222
A03750,P03750,19/01/2023,03/02/2023,Emergency,H07,155539
A03751,P03751,18-07-2023,02-08-2023,Neurology,H05,242283
A03752,P03752,2024/01/22,2024/02/01,Cardiology,H02,203047
A03753,P03753,Sep 21 2023,Oct 01 2023,ICU,H01,144213
A03754,P03754,21-05-2023,02-06-2023,Oncology,H06,111018
A03755,P03755,19/08/2023,30/08/2023,Pediatrics,H04,150724
A03756,P03756,Mar 20 2023,Mar 31 2023,Cardiology,H08,57796
A03757,P03757,2023/01/18,2023/02/02,Oncology,H02,162528
A03758,P03758,2024-09-24,2024-10-07,Pediatrics,H08,81411
A03759,P03759,2024/06/12,2024/06/13,Orthopedic,H01,24845
A03760,P03760,11/06/2024,26/06/2024,Orthopedic,H06,67586
A03761,P03761,14/03/2023,24/03/2023,Neurology,H05,143363
A03762,P03762,Dec 22 2023,Jan 04 2024,Emergency,H04,27796
A03763,P03763,2023/07/24,2023/08/02,Cardiology,H05,141544
A03764,P03764,2024/10/28,2024/11/10,Pediatrics,H05,242548
A03765,P03765,May 29 2023,May 30 2023,Oncology,H05,125024
A03766,P03766,16-08-2023,30-08-2023,Cardiology,H04,39833
A03767,P03767,Sep 01 2024,Sep 15 2024,Cardiology,H01,181506
A03768,P03768,29-03-2024,05-04-2024,ICU,H06,122240
A03769,P03769,2023-12-09,2023-12-10,Orthopedic,H04,208764
A03770,P03770,2023/11/23,2023/12/06,Oncology,H07,242973
A03771,P03771,03/03/2023,10/03/2023,ICU,H04,230084
A03772,P03772,2023/08/11,2023/08/13,Neurology,H05,75549
A03773,P03773,Apr 28 2024,Apr 30 2024,Oncology,H02,98398
A03774,P03774,20/03/2024,23/03/2024,Orthopedic,H07,166433
A03775,P03775,2024-03-01,2024-03-12,Emergency,H03,77155
A03776,P03776,28/09/2023,05/10/2023,Emergency,H06,84097
A03777,P03777,2023/03/18,2023/03/27,Pediatrics,H08,47457
A03778,P03778,Nov 28 2024,Dec 10 2024,ICU,H04,134880
A03779,P03779,2023/03/03,2023/03/05,Oncology,H07,73270
A03780,P03780,2023-01-31,2023-02-08,Orthopedic,H02,180557
A03781,P03781,2024/09/01,2024/09/06,Pediatrics,H01,11724
A03782,P03782,04-03-2023,07-03-2023,ICU,H04,90826
A03783,P03783,Nov 24 2024,Nov 23 2024,Pediatrics,H07,162420
A03784,P03784,2023/05/10,2023/05/19,Pediatrics,H08,70380
A03785,P03785,2024/05/04,2024/05/11,Orthopedic,H01,91110
A03786,P03786,18/05/2023,23/05/2023,Oncology,H02,128495
A03787,P03787,Oct 17 2023,Oct 19 2023,Neurology,H08,237245
A03788,P03788,2023-10-07,2023-10-20,Emergency,H03,38479
A03789,P03789,Mar 04 2024,Mar 17 2024,Pediatrics,H07,218134
A03790,P03790,17/12/2023,27/12/2023,Pediatrics,H07,63393
A03791,P03791,May 05 2024,May 12 2024,ICU,H06,51857
A03792,P03792,Sep 15 2023,Sep 26 2023,Oncology,H05,
A03793,P03793,15/01/2023,28/01/2023,Emergency,H04,84941
A03794,P03794,2024/09/11,2024/09/17,Orthopedic,H06,167575
A03795,P03795,2023/08/31,2023/09/11,Pediatrics,H03,83223
A03796,P03796,2023-07-05,2023-07-19,Orthopedic,H08,156619
A03797,P03797,Feb 04 2023,Feb 09 2023,Orthopedic,H08,237112
A03798,P03798,Feb 12 2024,Feb 21 2024,Pediatrics,H04,999999
A03799,P03799,2024-09-16,2024-09-18,Pediatrics,H08,152376
A03800,P03800,30-01-2024,02-02-2024,ICU,H01,223843
A03801,P03801,07/10/2023,16/10/2023,Orthopedic,H03,146603
A03802,P03802,2024/06/15,2024/06/17,Orthopedic,H04,228160
A03803,P03803,Oct 05 2023,Oct 09 2023,Neurology,H08,11462
A03804,P03804,03-09-2023,09-09-2023,Orthopedic,H03,86456
A03805,P03805,2023-10-15,2023-10-18,Oncology,H05,166294
A03806,P03806,2024-07-02,2024-07-07,ICU,H07,188207
A03807,P03807,04-10-2024,16-10-2024,Pediatrics,H01,151268
A03808,P03808,2024/07/06,2024/07/13,Oncology,H05,57261
A03809,P03809,03/11/2024,11/11/2024,Orthopedic,H08,48399
A03810,P03810,2024-04-21,2024-04-23,ICU,H08,97000
A03811,P03811,2023/07/18,2023/07/31,Cardiology,H06,145775
A03812,P03812,2024-02-21,2024-03-06,ICU,H03,236535
A03813,P03813,2023/03/08,2023/03/12,ICU,H02,104112
A03814,P03814,29-08-2023,10-09-2023,Neurology,H02,134825
A03815,P03815,2023-10-26,2023-11-07,Neurology,H02,172721
A03816,P03816,2024-08-05,2024-08-12,ICU,H02,116453
A03817,P03817,10/03/2024,15/03/2024,Pediatrics,H07,200751
A03818,P03818,24-09-2024,,Emergency,H07,194524
A03819,P03819,2024/05/06,2024/05/09,Cardiology,H03,198082
A03820,P03820,Jul 04 2023,Jul 12 2023,Pediatrics,H03,154290
A03821,P03821,May 09 2023,May 17 2023,Pediatrics,H07,111120
A03822,P03822,2024-03-26,2024-04-06,Cardiology,H07,124497
A03823,P03823,2024-03-29,2024-04-09,Emergency,H06,75168
A03824,P03824,16-04-2024,19-04-2024,ICU,H06,92551
A03825,P03825,26/06/2023,02/07/2023,Emergency,H01,44671
A03826,P03826,27-01-2023,31-01-2023,Oncology,H02,81628
A03827,P03827,2023/08/17,2023/08/21,Orthopedic,H05,70833
A03828,P03828,May 12 2023,May 20 2023,Oncology,H02,223183
A03829,P03829,Mar 09 2023,Mar 24 2023,Emergency,H03,87493
A03830,P03830,2023-07-05,2023-07-14,Oncology,H06,34694
A03831,P03831,2023/03/28,2023/03/30,Emergency,H01,210045
A03832,P03832,2024-04-06,2024-04-13,ICU,H07,124592
A03833,P03833,14-11-2024,18-11-2024,Oncology,H02,221716
A03834,P03834,2023-08-03,2023-08-16,ICU,H05,227243
A03835,P03835,17/11/2023,26/11/2023,Neurology,H07,56496
A03836,P03836,31/10/2023,06/11/2023,Cardiology,H04,89513
A03837,P03837,05/01/2024,09/01/2024,Pediatrics,H03,187023
A03838,P03838,2023-04-01,2023-04-03,Orthopedic,H05,47073
A03839,P03839,2024/02/18,2024/02/24,Oncology,H02,206658
A03840,P03840,27-10-2023,06-11-2023,Emergency,H06,180249
A03841,P03841,2024/08/07,2024/08/15,Neurology,H02,16082
A03842,P03842,2024-05-06,2024-05-12,Emergency,H03,117353
A03843,P03843,14-01-2024,18-01-2024,Cardiology,H02,53918
A03844,P03844,30/09/2023,06/10/2023,Orthopedic,H07,85377
A03845,P03845,2023/07/17,2023/07/31,Emergency,H04,128424
A03846,P03846,23-03-2024,30-03-2024,ICU,H05,66675
A03847,P03847,Nov 16 2024,Nov 28 2024,Emergency,H02,86114
A03848,P03848,2023/02/01,2023/02/16,Oncology,H03,55852
A03849,P03849,2024/02/27,2024/03/11,Emergency,H03,55563
A03850,P03850,2024-10-10,2024-10-17,Pediatrics,H01,220137
A03851,P03851,09/10/2023,23/10/2023,Orthopedic,H03,157191
A03852,P03852,22-09-2024,06-10-2024,Oncology,H02,41736
A03853,P03853,02-04-2023,16-04-2023,Orthopedic,H08,50854
A03854,P03854,26/09/2023,07/10/2023,Oncology,H06,204547
A03855,P03855,2023/02/21,2023/03/03,ICU,H03,178985
A03856,P03856,03-03-2023,13-03-2023,Neurology,H08,198426
A03857,P03857,2023-05-18,2023-05-20,Cardiology,H04,41281
A03858,P03858,07/06/2024,19/06/2024,Emergency,H04,160201
A03859,P03859,24-08-2024,08-09-2024,Cardiology,H02,223657
A03860,P03860,2024-01-13,2024-01-26,Oncology,H06,179711
A03861,P03861,Sep 28 2024,Oct 03 2024,ICU,H02,133469
A03862,P03862,21-03-2024,03-04-2024,Pediatrics,H07,20967
A03863,P03863,2024-06-09,2024-06-13,Orthopedic,H01,14993
A03864,P03864,Jan 07 2023,Jan 18 2023,Orthopedic,H07,187710
A03865,P03865,2024-06-17,2024-06-19,Pediatrics,H04,215725
A03866,P03866,May 02 2023,May 06 2023,Neurology,H07,245557
A03867,P03867,Jan 01 2023,Jan 09 2023,Neurology,H03,73679
A03868,P03868,2023-04-15,2023-04-17,Orthopedic,H05,243556
A03869,P03869,Aug 11 2024,Aug 21 2024,Pediatrics,H03,170506
A03870,P03870,2024-08-14,2024-08-27,ICU,H02,184148
A03871,P03871,2024/09/02,2024/09/16,Emergency,H01,
A03872,P03872,2024-09-08,2024-09-12,Orthopedic,H02,104424
A03873,P03873,2024/05/16,2024/05/22,Emergency,H03,188332
A03874,P03874,Jan 19 2023,Jan 29 2023,Emergency,H04,84332
A03875,P03875,2024-02-12,2024-02-27,Cardiology,H02,154427
A03876,P03876,06-03-2024,07-03-2024,Oncology,H02,33158
A03877,P03877,15/12/2023,27/12/2023,Cardiology,H07,114144
A03878,P03878,26/10/2023,05/11/2023,Orthopedic,H04,83481
A03879,P03879,Nov 01 2024,Nov 16 2024,ICU,H04,164320
A03880,P03880,2023-05-10,2023-05-09,Emergency,H07,227888
A03881,P03881,2023-02-04,2023-02-10,Orthopedic,H04,56497
A03882,P03882,2024-10-07,2024-10-13,Neurology,H06,62786
A03883,P03883,18/03/2024,02/04/2024,Pediatrics,H01,85809
A03884,P03884,04-11-2023,12-11-2023,Orthopedic,H07,16327
A03885,P03885,10-10-2023,25-10-2023,Orthopedic,H06,188759
A03886,P03886,2023-12-31,2024-01-11,Emergency,H04,111043
A03887,P03887,Jun 16 2023,Jun 17 2023,Orthopedic,H08,226090
A03888,P03888,Nov 19 2024,Nov 21 2024,Pediatrics,H04,26116
A03889,P03889,14/01/2024,24/01/2024,Pediatrics,H01,30728
A03890,P03890,29-08-2023,09-09-2023,Emergency,H02,208451
A03891,P03891,2024/02/10,2024/02/18,Pediatrics,H01,120502
A03892,P03892,Oct 01 2024,Oct 04 2024,Emergency,H06,24006
A03893,P03893,23-11-2024,07-12-2024,Emergency,H01,104282
A03894,P03894,25/09/2023,05/10/2023,Neurology,H01,73269
A03895,P03895,03-02-2023,14-02-2023,Emergency,H03,178097
A03896,P03896,01-12-2023,15-12-2023,Orthopedic,H08,171311
A03897,P03897,10/06/2024,20/06/2024,Oncology,H01,192447
A03898,P03898,2023/07/16,2023/07/17,ICU,H08,61191
A03899,P03899,2023-07-31,2023-08-03,Orthopedic,H07,18564
A03900,P03900,Aug 03 2024,Aug 12 2024,Neurology,H01,98002
A03901,P03901,Apr 12 2024,,Emergency,H02,125259
A03902,P03902,Jul 13 2023,Jul 14 2023,Emergency,H06,194479
A03903,P03903,2024-10-31,2024-11-15,Cardiology,H06,76775
A03904,P03904,2023-02-28,2023-03-09,Neurology,H07,31470
A03905,P03905,2023/03/18,2023/04/02,Cardiology,H01,13776
A03906,P03906,10-10-2023,24-10-2023,Orthopedic,H02,98798
A03907,P03907,19/05/2023,30/05/2023,Emergency,H02,70755
A03908,P03908,09-01-2023,14-01-2023,Orthopedic,H03,182834
A03909,P03909,Nov 22 2023,Dec 07 2023,Pediatrics,H07,70275
A03910,P03910,May 30 2023,Jun 13 2023,ICU,H02,99671
A03911,P03911,Oct 06 2023,Oct 08 2023,Pediatrics,H08,45728
A03912,P03912,2023-03-04,2023-03-19,Cardiology,H04,225291
A03913,P03913,08/11/2024,10/11/2024,Neurology,H05,92379
A03914,P03914,2023/04/21,2023/05/04,Cardiology,H02,118067
A03915,P03915,Apr 09 2023,Apr 18 2023,Neurology,H05,66389
A03916,P03916,08-02-2023,15-02-2023,Orthopedic,H03,201465
A03917,P03917,2024/11/24,2024/12/08,Neurology,H02,25026
A03918,P03918,2024/02/02,2024/02/14,Orthopedic,H02,152738
A03919,P03919,2024-10-14,2024-10-15,Cardiology,H03,25189
A03920,P03920,01/08/2023,13/08/2023,Cardiology,H07,11011
A03921,P03921,10-04-2024,24-04-2024,Orthopedic,H06,105019
A03922,P03922,2024/10/02,2024/10/13,Neurology,H03,126818
A03923,P03923,15-08-2023,27-08-2023,Oncology,H04,174642
A03924,P03924,02-02-2024,07-02-2024,Orthopedic,H04,31067
A03925,P03925,Nov 11 2023,Nov 18 2023,Neurology,H03,238551
A03926,P03926,2024-06-01,2024-06-13,Orthopedic,H01,132576
A03927,P03927,18/11/2023,27/11/2023,Oncology,H01,181666
A03928,P03928,17-12-2023,23-12-2023,Emergency,H05,6942
A03929,P03929,15-06-2023,26-06-2023,ICU,H04,23006
A03930,P03930,11/02/2024,17/02/2024,ICU,H03,121814
A03931,P03931,2023-03-29,2023-04-10,ICU,H03,136576
A03932,P03932,Apr 23 2024,May 08 2024,Cardiology,H06,37063
A03933,P03933,2024-08-19,2024-09-03,Orthopedic,H08,244400
A03934,P03934,09-08-2024,21-08-2024,Pediatrics,H02,224493
A03935,P03935,Jan 18 2024,Jan 24 2024,Emergency,H05,28874
A03936,P03936,Aug 30 2024,Sep 11 2024,Orthopedic,H03,212108
A03937,P03937,2024/09/29,2024/10/04,Pediatrics,H06,69701
A03938,P03938,24/05/2023,26/05/2023,Neurology,H03,131855
A03939,P03939,Jul 18 2024,Jul 21 2024,Oncology,H08,74334
A03940,P03940,20/10/2024,30/10/2024,Cardiology,H03,145179
A03941,P03941,24/01/2023,03/02/2023,Pediatrics,H08,24941
A03942,P03942,2023/06/26,2023/07/02,Cardiology,H04,208144
A03943,P03943,27/09/2023,28/09/2023,Pediatrics,H06,86885
A03944,P03944,17-05-2024,30-05-2024,Neurology,H02,34154
A03945,P03945,Oct 25 2023,Nov 07 2023,ICU,H03,231324
A03946,P03946,17/01/2024,18/01/2024,Cardiology,H03,62325
A03947,P03947,2023-10-15,2023-10-19,Cardiology,H02,9105
A03948,P03948,26/04/2023,28/04/2023,ICU,H05,78843
A03949,P03949,11/11/2023,13/11/2023,Neurology,H08,78923
A03950,P03950,2024/10/19,2024/10/28,Pediatrics,H01,
A03951,P03951,Jan 16 2024,Jan 27 2024,Emergency,H03,243117
A03952,P03952,2023/05/17,2023/05/25,Pediatrics,H03,11170
A03953,P03953,2024-03-13,2024-03-25,Emergency,H08,85157
A03954,P03954,14-02-2024,29-02-2024,ICU,H08,175525
A03955,P03955,Jul 08 2023,Jul 15 2023,Emergency,H07,181123
A03956,P03956,Oct 25 2024,Oct 27 2024,Neurology,H06,21682
A03957,P03957,2023/01/16,2023/01/28,Oncology,H05,118891
A03958,P03958,24-09-2024,01-10-2024,Neurology,H08,123410
A03959,P03959,17/02/2024,21/02/2024,ICU,H01,153042
A03960,P03960,2023/02/11,2023/02/13,Cardiology,H05,243744
A03961,P03961,May 26 2024,May 27 2024,Oncology,H06,177533
A03962,P03962,12/10/2024,15/10/2024,Cardiology,H02,16922
A03963,P03963,2023/05/28,2023/06/11,Cardiology,H05,217533
A03964,P03964,26/05/2023,07/06/2023,Emergency,H04,101819
A03965,P03965,30/08/2023,03/09/2023,Emergency,H02,205266
A03966,P03966,08/11/2023,12/11/2023,ICU,H02,34283
A03967,P03967,2024/03/17,2024/03/29,Emergency,H08,231120
A03968,P03968,Nov 11 2023,Nov 26 2023,ICU,H08,235070
A03969,P03969,2023/02/10,2023/02/12,Emergency,H06,34361
A03970,P03970,2023-03-11,2023-03-13,ICU,H08,102012
A03971,P03971,12/05/2023,22/05/2023,Neurology,H08,20736
A03972,P03972,May 01 2023,May 12 2023,Emergency,H07,101717
A03973,P03973,11/01/2023,18/01/2023,Neurology,H04,84016
A03974,P03974,17/02/2024,29/02/2024,Orthopedic,H06,225338
A03975,P03975,05-06-2024,17-06-2024,Pediatrics,H07,79870
A03976,P03976,17/08/2024,25/08/2024,Oncology,H05,23137
A03977,P03977,17-04-2024,16-04-2024,Oncology,H01,95805
A03978,P03978,2024-06-15,2024-06-21,Pediatrics,H08,174380
A03979,P03979,2024-10-04,2024-10-06,Oncology,H08,238038
A03980,P03980,Jun 25 2024,Jul 06 2024,Orthopedic,H01,85428
A03981,P03981,03/03/2023,15/03/2023,Oncology,H05,132755
A03982,P03982,05-06-2024,10-06-2024,Orthopedic,H05,49560
A03983,P03983,2023/08/25,2023/09/04,Neurology,H07,221467
A03984,P03984,2024/02/04,,Orthopedic,H07,80128
A03985,P03985,2024-04-14,2024-04-16,Emergency,H02,146181
A03986,P03986,2024-02-21,2024-03-01,Pediatrics,H08,49248
A03987,P03987,27/03/2024,01/04/2024,ICU,H08,220909
A03988,P03988,23-10-2023,30-10-2023,Emergency,H05,119859
A03989,P03989,19/01/2024,27/01/2024,Neurology,H04,239875
A03990,P03990,2024-10-19,2024-10-30,Oncology,H02,140393
A03991,P03991,2023/11/22,2023/11/30,Oncology,H05,90745
A03992,P03992,04/05/2023,17/05/2023,Orthopedic,H06,92850
A03993,P03993,2023/12/18,2023/12/28,Pediatrics,H01,124740
A03994,P03994,16-04-2024,29-04-2024,Cardiology,H08,193529
A03995,P03995,2024-03-28,2024-04-11,Pediatrics,H06,85935
A03996,P03996,12/12/2023,13/12/2023,Cardiology,H08,10166
A03997,P03997,2023-07-20,2023-08-02,Orthopedic,H02,248297
A03998,P03998,2023/06/04,2023/06/07,Emergency,H03,97128
A03999,P03999,22/04/2023,02/05/2023,Emergency,H06,169195
A04000,P04000,2024/01/27,2024/02/08,Orthopedic,H01,38338
A04001,P04001,Jan 11 2024,Jan 17 2024,Pediatrics,H03,211600
A04002,P04002,2023-12-01,2023-12-09,Orthopedic,H06,127983
A04003,P04003,Mar 17 2024,Mar 20 2024,Pediatrics,H07,246985
A04004,P04004,12/11/2023,25/11/2023,Pediatrics,H05,235468
A04005,P04005,2023/08/10,2023/08/15,Emergency,H03,45489
A04006,P04006,2023-06-07,2023-06-10,Cardiology,H05,38340
A04007,P04007,2023-03-16,2023-03-23,Emergency,H07,81695
A04008,P04008,2023/02/12,2023/02/15,Orthopedic,H03,103563
A04009,P04009,2023-03-05,2023-03-17,Orthopedic,H08,999999
A04010,P04010,2024-03-05,2024-03-15,ICU,H04,112792
A04011,P04011,25/03/2024,31/03/2024,Cardiology,H04,13794
A04012,P04012,2023-06-14,2023-06-26,Orthopedic,H07,155195
A04013,P04013,29/09/2024,12/10/2024,Cardiology,H06,52021
A04014,P04014,2023/01/02,2023/01/14,Cardiology,H07,96062
A04015,P04015,2024/08/04,2024/08/19,Cardiology,H06,169722
A04016,P04016,07-07-2024,12-07-2024,Pediatrics,H06,76442
A04017,P04017,10/05/2023,17/05/2023,Emergency,H05,70547
A04018,P04018,2023-03-15,2023-03-30,Cardiology,H01,199694
A04019,P04019,24/11/2024,25/11/2024,Emergency,H07,145972
A04020,P04020,2024/05/18,2024/05/30,Orthopedic,H01,13936
A04021,P04021,26/02/2024,01/03/2024,Cardiology,H06,53890
A04022,P04022,2023/05/03,2023/05/09,Emergency,H07,37665
A04023,P04023,29-04-2024,12-05-2024,Emergency,H07,51879
A04024,P04024,Jan 29 2023,Feb 07 2023,Orthopedic,H04,117829
A04025,P04025,Mar 24 2023,Apr 04 2023,Neurology,H05,213817
A04026,P04026,02/07/2023,03/07/2023,Oncology,H01,134830
A04027,P04027,21/10/2023,23/10/2023,Pediatrics,H01,212101
A04028,P04028,2024/04/11,2024/04/14,Neurology,H08,48507
A04029,P04029,17-09-2023,02-10-2023,Emergency,H06,
A04030,P04030,02-06-2024,06-06-2024,ICU,H08,197380
A04031,P04031,28/10/2023,06/11/2023,ICU,H01,195741
A04032,P04032,2023/03/26,2023/04/08,Pediatrics,H08,107729
A04033,P04033,14-11-2024,22-11-2024,Emergency,H01,60948
A04034,P04034,2023-05-01,2023-05-03,Neurology,H01,216431
A04035,P04035,Oct 30 2024,Nov 02 2024,Emergency,H03,185103
A04036,P04036,01-08-2023,05-08-2023,Neurology,H03,100449
A04037,P04037,2023/08/04,2023/08/12,Cardiology,H05,92929
A04038,P04038,21-10-2023,03-11-2023,ICU,H04,12857
A04039,P04039,06/10/2024,11/10/2024,Emergency,H07,78048
A04040,P04040,Jul 16 2024,Jul 23 2024,Orthopedic,H02,14081
A04041,P04041,2023/06/23,2023/06/25,Pediatrics,H06,108813
A04042,P04042,Nov 29 2023,Dec 02 2023,Emergency,H04,127443
A04043,P04043,21-07-2023,31-07-2023,Cardiology,H03,127900
A04044,P04044,May 04 2023,May 15 2023,Cardiology,H07,104844
A04045,P04045,2024-09-19,2024-09-24,Pediatrics,H07,129146
A04046,P04046,2023-03-16,2023-03-19,Oncology,H07,165095
A04047,P04047,Nov 08 2024,Nov 13 2024,Cardiology,H01,82005
A04048,P04048,29/09/2023,07/10/2023,Oncology,H01,126875
A04049,P04049,20-06-2023,01-07-2023,ICU,H01,113642
A04050,P04050,2023-12-05,2023-12-09,ICU,H03,89249
A04051,P04051,2023/09/01,2023/09/15,Oncology,H05,53980
A04052,P04052,Feb 11 2024,Feb 24 2024,Oncology,H07,90327
A04053,P04053,Jan 10 2023,Jan 19 2023,Orthopedic,H02,204237
A04054,P04054,29-03-2023,08-04-2023,ICU,H06,13223
A04055,P04055,07/02/2024,10/02/2024,Neurology,H07,230829
A04056,P04056,11-05-2024,13-05-2024,Cardiology,H02,204363
A04057,P04057,18-05-2024,24-05-2024,Neurology,H06,34898
A04058,P04058,09/09/2024,20/09/2024,Neurology,H02,124040
A04059,P04059,20-02-2024,25-02-2024,Oncology,H03,41599
A04060,P04060,14-05-2023,17-05-2023,Orthopedic,H04,247234
A04061,P04061,Jul 13 2024,Jul 15 2024,ICU,H06,149692
A04062,P04062,2024/05/04,2024/05/06,ICU,H06,133439
A04063,P04063,2024/11/26,2024/11/29,Pediatrics,H05,46910
A04064,P04064,08-01-2024,23-01-2024,Emergency,H04,219501
A04065,P04065,2024/03/22,2024/03/23,Emergency,H04,135980
A04066,P04066,Aug 29 2023,Aug 30 2023,Neurology,H04,139683
A04067,P04067,28-04-2024,,Oncology,H02,107856
A04068,P04068,27-12-2023,30-12-2023,ICU,H07,228320
A04069,P04069,2024/06/18,2024/06/25,Emergency,H01,173938
A04070,P04070,2024-07-09,2024-07-17,Orthopedic,H07,159361
A04071,P04071,10/12/2023,11/12/2023,Cardiology,H03,11617
A04072,P04072,2023/05/27,2023/06/02,Emergency,H04,8544
A04073,P04073,2024-02-23,2024-02-28,Oncology,H01,128296
A04074,P04074,25/09/2024,24/09/2024,Neurology,H04,14346
A04075,P04075,2024-04-08,2024-04-13,Pediatrics,H02,42227
A04076,P04076,2023/08/10,2023/08/15,Oncology,H03,122853
A04077,P04077,25-05-2024,29-05-2024,Neurology,H03,156724
A04078,P04078,22-02-2024,03-03-2024,Oncology,H06,77960
A04079,P04079,24/09/2023,02/10/2023,ICU,H03,220804
A04080,P04080,17/09/2024,29/09/2024,Oncology,H04,196077
A04081,P04081,09-02-2024,23-02-2024,Neurology,H03,138892
A04082,P04082,2023-11-13,2023-11-24,Neurology,H02,128556
A04083,P04083,Sep 23 2024,Oct 03 2024,Cardiology,H07,136685
A04084,P04084,19-03-2023,20-03-2023,Oncology,H01,159540
A04085,P04085,06-09-2024,15-09-2024,Cardiology,H05,194747
A04086,P04086,20-01-2023,24-01-2023,ICU,H03,65587
A04087,P04087,24/03/2024,29/03/2024,Orthopedic,H06,208871
A04088,P04088,11/05/2023,19/05/2023,Emergency,H05,99212
A04089,P04089,2023/05/20,2023/05/28,Oncology,H03,65966
A04090,P04090,10/05/2024,13/05/2024,Neurology,H02,239789
A04091,P04091,Nov 19 2023,Nov 23 2023,Orthopedic,H01,43274
A04092,P04092,2023/04/09,2023/04/19,Emergency,H04,231778
A04093,P04093,10-07-2023,25-07-2023,ICU,H05,242921
A04094,P04094,2024-01-06,2024-01-08,Pediatrics,H07,189712
A04095,P04095,2023-12-13,2023-12-20,Emergency,H07,6104
A04096,P04096,Jun 27 2023,Jul 11 2023,Oncology,H06,160422
A04097,P04097,19/04/2023,23/04/2023,ICU,H07,157321
A04098,P04098,Jan 05 2023,Jan 19 2023,Orthopedic,H03,126710
A04099,P04099,18-10-2024,25-10-2024,Pediatrics,H05,108577
A04100,P04100,2024-05-05,2024-05-16,Emergency,H02,29510
A04101,P04101,06/08/2023,17/08/2023,ICU,H03,6001
A04102,P04102,17-07-2023,19-07-2023,Pediatrics,H02,157817
A04103,P04103,Jul 04 2024,Jul 11 2024,Orthopedic,H01,91406
A04104,P04104,25/02/2024,03/03/2024,Pediatrics,H06,157121
A04105,P04105,2023/03/06,2023/03/14,Pediatrics,H07,236274
A04106,P04106,Oct 26 2024,Nov 01 2024,Emergency,H02,167542
A04107,P04107,2024/09/03,2024/09/17,Emergency,H08,113123
A04108,P04108,2024-02-20,2024-03-03,Neurology,H03,
A04109,P04109,2023/07/22,2023/07/27,Emergency,H06,85307
A04110,P04110,Apr 17 2023,Apr 21 2023,Pediatrics,H01,123046
A04111,P04111,03/10/2023,18/10/2023,Orthopedic,H03,183223
A04112,P04112,31-10-2023,02-11-2023,ICU,H03,228232
A04113,P04113,16/03/2024,18/03/2024,ICU,H08,135403
A04114,P04114,Oct 06 2023,Oct 09 2023,Neurology,H02,52475
A04115,P04115,Jul 10 2023,Jul 13 2023,Cardiology,H08,174268
A04116,P04116,16-07-2023,18-07-2023,Pediatrics,H01,180152
A04117,P04117,Aug 27 2023,Sep 04 2023,Cardiology,H08,58478
A04118,P04118,2023-12-01,2023-12-02,Neurology,H06,178443
A04119,P04119,07/07/2024,19/07/2024,Orthopedic,H01,151674
A04120,P04120,02/06/2024,06/06/2024,ICU,H02,49116
A04121,P04121,Jan 25 2023,Jan 31 2023,Pediatrics,H06,59334
A04122,P04122,31/03/2023,06/04/2023,ICU,H04,175442
A04123,P04123,Nov 19 2024,Nov 23 2024,Pediatrics,H08,22154
A04124,P04124,21-03-2023,01-04-2023,Cardiology,H07,170881
A04125,P04125,24/08/2023,06/09/2023,Orthopedic,H08,96288
A04126,P04126,2024-10-05,2024-10-17,Oncology,H05,98983
A04127,P04127,05/08/2023,20/08/2023,Pediatrics,H03,172492
A04128,P04128,Nov 28 2023,Nov 30 2023,Oncology,H07,132078
A04129,P04129,11-07-2024,14-07-2024,Pediatrics,H03,185705
A04130,P04130,2023/02/03,2023/02/18,Neurology,H05,146401
A04131,P04131,16-12-2023,28-12-2023,Neurology,H05,15893
A04132,P04132,2023/12/21,2023/12/23,Emergency,H07,181758
A04133,P04133,2024-08-09,2024-08-22,Pediatrics,H02,152898
A04134,P04134,13/03/2024,19/03/2024,Emergency,H04,81896
A04135,P04135,Apr 20 2023,Apr 26 2023,Pediatrics,H07,70223
A04136,P04136,2023-12-13,2023-12-17,Emergency,H07,61881
A04137,P04137,24/04/2023,01/05/2023,Pediatrics,H05,127144
A04138,P04138,2024-01-31,2024-02-07,ICU,H01,31336
A04139,P04139,Nov 23 2023,Nov 27 2023,ICU,H01,64380
A04140,P04140,10/05/2024,17/05/2024,Cardiology,H03,128108
A04141,P04141,May 25 2024,Jun 02 2024,ICU,H06,6064
A04142,P04142,2023-09-03,2023-09-06,ICU,H05,33316
A04143,P04143,2023/01/01,2023/01/11,ICU,H03,206749
A04144,P04144,2024/08/31,2024/09/08,Oncology,H01,41912
A04145,P04145,2023-10-07,2023-10-16,Neurology,H04,117730
A04146,P04146,08-03-2023,21-03-2023,Pediatrics,H07,32712
A04147,P04147,30-03-2024,14-04-2024,Pediatrics,H08,237084
A04148,P04148,18-11-2023,25-11-2023,Orthopedic,H08,185944
A04149,P04149,2023-09-22,2023-10-07,Cardiology,H03,209245
A04150,P04150,Oct 15 2024,,Cardiology,H08,69687
A04151,P04151,Dec 09 2023,Dec 22 2023,Orthopedic,H07,5317
A04152,P04152,2023/04/16,2023/04/18,Pediatrics,H04,82322
A04153,P04153,Jul 08 2024,Jul 09 2024,Emergency,H08,64426
A04154,P04154,2023/05/09,2023/05/17,Orthopedic,H06,93158
A04155,P04155,2024/03/26,2024/04/09,Pediatrics,H01,159391
A04156,P04156,Aug 18 2024,Aug 20 2024,Neurology,H06,72632
A04157,P04157,2024-11-06,2024-11-16,ICU,H04,97440
A04158,P04158,2024-02-23,2024-02-27,Orthopedic,H06,138549
A04159,P04159,14-06-2023,27-06-2023,Neurology,H04,142062
A04160,P04160,29/04/2023,02/05/2023,Emergency,H07,166937
A04161,P04161,12-05-2024,16-05-2024,Oncology,H05,239367
A04162,P04162,Jul 27 2023,Aug 05 2023,Pediatrics,H06,188312
A04163,P04163,24-09-2024,26-09-2024,Emergency,H08,233445
A04164,P04164,2024/04/22,2024/04/26,Orthopedic,H07,139282
A04165,P04165,04-11-2024,07-11-2024,Orthopedic,H05,42161
A04166,P04166,2023/08/21,2023/09/02,Neurology,H07,111688
A04167,P04167,19/02/2024,28/02/2024,Cardiology,H02,135370
A04168,P04168,2024-04-17,2024-04-30,Orthopedic,H04,119614
A04169,P04169,Oct 14 2024,Oct 24 2024,Orthopedic,H06,203543
A04170,P04170,19-07-2023,24-07-2023,Orthopedic,H01,247547
A04171,P04171,11-03-2024,10-03-2024,Orthopedic,H03,166306
A04172,P04172,Sep 13 2024,Sep 22 2024,Neurology,H01,113266
A04173,P04173,13-09-2024,25-09-2024,Pediatrics,H03,126036
A04174,P04174,Jun 17 2024,Jun 23 2024,Pediatrics,H05,187053
A04175,P04175,2023/05/05,2023/05/15,Pediatrics,H05,58575
A04176,P04176,2023-08-13,2023-08-18,Emergency,H02,240168
A04177,P04177,27/09/2023,12/10/2023,Orthopedic,H05,23671
A04178,P04178,2023-11-14,2023-11-24,ICU,H07,110219
A04179,P04179,May 31 2023,Jun 15 2023,Emergency,H06,42383
A04180,P04180,May 21 2024,May 22 2024,Cardiology,H06,86064
A04181,P04181,2023/06/12,2023/06/23,ICU,H01,186070
A04182,P04182,Jul 25 2023,Jul 30 2023,ICU,H07,246409
A04183,P04183,25/01/2024,26/01/2024,Oncology,H08,123692
A04184,P04184,07-08-2024,15-08-2024,Cardiology,H01,89009
A04185,P04185,2024-08-19,2024-08-26,Pediatrics,H06,189547
A04186,P04186,11-04-2023,25-04-2023,Cardiology,H08,79172
A04187,P04187,23/06/2023,28/06/2023,Oncology,H07,
A04188,P04188,Apr 16 2023,Apr 28 2023,Orthopedic,H02,15945
A04189,P04189,2023/03/06,2023/03/07,Neurology,H03,139577
A04190,P04190,2023-05-23,2023-06-02,Oncology,H06,42627
A04191,P04191,01/04/2023,11/04/2023,Cardiology,H03,12439
A04192,P04192,Aug 22 2024,Aug 23 2024,Oncology,H02,21783
A04193,P04193,2023/11/08,2023/11/13,Pediatrics,H08,241683
A04194,P04194,30-06-2023,10-07-2023,Pediatrics,H06,19369
A04195,P04195,Jan 15 2024,Jan 18 2024,ICU,H04,68081
A04196,P04196,2024-09-24,2024-09-29,ICU,H06,165745
A04197,P04197,May 06 2024,May 12 2024,Emergency,H05,103761
A04198,P04198,18/10/2023,01/11/2023,Neurology,H04,105185
A04199,P04199,04/08/2023,17/08/2023,Oncology,H05,240604
A04200,P04200,Feb 29 2024,Mar 02 2024,Cardiology,H04,154613
A04201,P04201,25-10-2023,29-10-2023,Cardiology,H03,212613
A04202,P04202,2023-10-29,2023-11-02,Cardiology,H07,15785
A04203,P04203,2023/02/20,2023/03/03,Oncology,H05,207101
A04204,P04204,Nov 08 2024,Nov 21 2024,Cardiology,H04,157477
A04205,P04205,10-01-2024,14-01-2024,Orthopedic,H02,234225
A04206,P04206,2024/05/11,2024/05/23,Pediatrics,H04,236762
A04207,P04207,Jul 28 2023,Aug 09 2023,Pediatrics,H04,185163
A04208,P04208,2024-10-07,2024-10-20,Oncology,H08,189429
A04209,P04209,24-04-2023,06-05-2023,Neurology,H02,219383
A04210,P04210,02-10-2024,05-10-2024,Oncology,H07,29123
A04211,P04211,2024-11-17,2024-12-02,Pediatrics,H04,118726
A04212,P04212,05/08/2024,09/08/2024,Emergency,H07,22571
A04213,P04213,17-04-2024,19-04-2024,Cardiology,H01,181989
A04214,P04214,2024-07-11,2024-07-14,Oncology,H04,247598
A04215,P04215,08-07-2024,12-07-2024,ICU,H08,237606
A04216,P04216,07/01/2023,20/01/2023,Pediatrics,H06,225239
A04217,P04217,05-04-2024,20-04-2024,Neurology,H06,87959
A04218,P04218,Mar 09 2024,Mar 14 2024,Cardiology,H02,177846
A04219,P04219,12/09/2024,18/09/2024,Oncology,H08,81541
A04220,P04220,09-07-2023,16-07-2023,Neurology,H07,999999
A04221,P04221,Jun 16 2023,Jun 29 2023,Pediatrics,H03,9367
A04222,P04222,26-08-2023,07-09-2023,Emergency,H03,73793
A04223,P04223,28/02/2023,02/03/2023,Pediatrics,H06,129488
A04224,P04224,2024-09-29,2024-10-04,Cardiology,H01,89089
A04225,P04225,2024-09-07,2024-09-18,Emergency,H06,55134
A04226,P04226,05/05/2024,14/05/2024,ICU,H04,239614
A04227,P04227,Sep 21 2024,Sep 25 2024,Pediatrics,H02,156078
A04228,P04228,2023/01/26,2023/02/09,ICU,H04,193199
A04229,P04229,14/08/2023,29/08/2023,Neurology,H08,141236
A04230,P04230,Jan 29 2024,Feb 12 2024,Oncology,H05,61728
A04231,P04231,2024-07-07,2024-07-21,Pediatrics,H05,51662
A04232,P04232,2024/08/13,2024/08/20,Emergency,H03,141612
A04233,P04233,30-08-2023,,Orthopedic,H06,148613
A04234,P04234,2023-07-06,2023-07-08,Pediatrics,H02,5423
A04235,P04235,Oct 11 2024,Oct 22 2024,Orthopedic,H05,86291
A04236,P04236,Jul 17 2024,Jul 25 2024,Neurology,H01,160879
A04237,P04237,Apr 02 2024,Apr 03 2024,Cardiology,H08,101059
A04238,P04238,15/01/2023,26/01/2023,Neurology,H02,40302
A04239,P04239,2024/10/29,2024/11/06,Emergency,H01,91037
A04240,P04240,May 18 2023,May 31 2023,Pediatrics,H04,70835
A04241,P04241,2024-08-10,2024-08-11,Neurology,H01,59736
A04242,P04242,2023-10-08,2023-10-20,Neurology,H08,18693
A04243,P04243,15-05-2023,28-05-2023,Cardiology,H03,22712
A04244,P04244,2024/09/03,2024/09/06,Orthopedic,H08,161090
A04245,P04245,Dec 01 2023,Dec 16 2023,Neurology,H07,34995
A04246,P04246,2023/08/08,2023/08/09,Cardiology,H08,173714
A04247,P04247,2024/09/13,2024/09/26,Pediatrics,H04,247996
A04248,P04248,2023-08-01,2023-08-14,Neurology,H06,52364
A04249,P04249,2023/04/16,2023/04/23,ICU,H03,117569
A04250,P04250,01/05/2023,09/05/2023,ICU,H03,79887
A04251,P04251,12/04/2023,16/04/2023,Orthopedic,H06,84402
A04252,P04252,29/07/2024,09/08/2024,Orthopedic,H07,168201
A04253,P04253,2023/12/25,2023/12/28,Emergency,H03,21759
A04254,P04254,Sep 04 2024,Sep 18 2024,Cardiology,H05,161831
A04255,P04255,2023-11-01,2023-11-14,ICU,H06,83263
A04256,P04256,2023/08/02,2023/08/09,Neurology,H08,226766
A04257,P04257,22/07/2024,28/07/2024,Orthopedic,H06,114424
A04258,P04258,2024/07/10,2024/07/25,ICU,H07,86719
A04259,P04259,03-03-2024,09-03-2024,Pediatrics,H06,240576
A04260,P04260,2024/11/24,2024/12/02,Cardiology,H06,194507
A04261,P04261,01-05-2023,08-05-2023,Orthopedic,H01,230855
A04262,P04262,2024/02/10,2024/02/20,Oncology,H07,196285
A04263,P04263,Oct 14 2023,Oct 16 2023,Orthopedic,H01,31066
A04264,P04264,17-11-2023,20-11-2023,Oncology,H06,233984
A04265,P04265,27-02-2024,06-03-2024,Orthopedic,H03,5728
A04266,P04266,Mar 10 2024,Mar 17 2024,Emergency,H08,
A04267,P04267,Sep 24 2024,Sep 25 2024,Pediatrics,H01,227318
A04268,P04268,2023/11/03,2023/11/02,Cardiology,H07,225007
A04269,P04269,14-08-2023,26-08-2023,Oncology,H03,210051
A04270,P04270,May 31 2024,Jun 01 2024,Orthopedic,H02,192701
A04271,P04271,03/03/2024,16/03/2024,Orthopedic,H01,126814
A04272,P04272,06/10/2024,07/10/2024,Emergency,H03,172614
A04273,P04273,Jul 04 2023,Jul 07 2023,Neurology,H04,33810
A04274,P04274,2024-07-28,2024-07-31,Oncology,H05,157266
A04275,P04275,2023/09/29,2023/10/14,Neurology,H08,225699
A04276,P04276,23/01/2024,29/01/2024,Cardiology,H05,193465
A04277,P04277,2024/06/07,2024/06/12,Oncology,H08,159694
A04278,P04278,2024-10-07,2024-10-13,Cardiology,H03,180733
A04279,P04279,20-11-2024,26-11-2024,Orthopedic,H04,77298
A04280,P04280,Jul 13 2024,Jul 17 2024,Pediatrics,H04,240291
A04281,P04281,06-12-2023,20-12-2023,Orthopedic,H02,178213
A04282,P04282,19-03-2024,25-03-2024,Orthopedic,H06,63416
A04283,P04283,27/05/2023,05/06/2023,ICU,H06,192562
A04284,P04284,23/03/2023,24/03/2023,Pediatrics,H01,154773
A04285,P04285,09-03-2023,11-03-2023,Pediatrics,H05,135164
A04286,P04286,2024/08/11,2024/08/15,Cardiology,H02,205840
A04287,P04287,Mar 23 2023,Apr 07 2023,ICU,H04,164183
A04288,P04288,2023/08/03,2023/08/17,Emergency,H02,11673
A04289,P04289,Feb 25 2023,Mar 08 2023,Orthopedic,H06,5766
A04290,P04290,2024/09/11,2024/09/22,Cardiology,H08,227717
A04291,P04291,Oct 26 2024,Oct 27 2024,Oncology,H06,12339
A04292,P04292,2024/09/23,2024/09/29,Emergency,H04,208565
A04293,P04293,Sep 26 2023,Oct 02 2023,Pediatrics,H05,162399
A04294,P04294,2023-06-22,2023-06-23,Orthopedic,H03,192717
A04295,P04295,18-01-2023,02-02-2023,Oncology,H02,82177
A04296,P04296,10/06/2024,19/06/2024,ICU,H06,169412
A04297,P04297,05-10-2023,06-10-2023,ICU,H08,223407
A04298,P04298,Jun 28 2023,Jul 04 2023,Pediatrics,H06,14130
A04299,P04299,2023-11-15,2023-11-21,Cardiology,H01,237490
A04300,P04300,10/08/2024,18/08/2024,Oncology,H08,101906
A04301,P04301,2024-04-22,2024-05-06,ICU,H07,229096
A04302,P04302,2024-11-04,2024-11-18,ICU,H02,183720
A04303,P04303,2024/11/17,2024/11/27,Cardiology,H04,77245
A04304,P04304,2024-01-09,2024-01-12,Emergency,H05,219209
A04305,P04305,23/07/2024,30/07/2024,Emergency,H06,227254
A04306,P04306,04-01-2024,18-01-2024,Emergency,H03,100549
A04307,P04307,2024/05/11,2024/05/23,Pediatrics,H07,21145
A04308,P04308,20-08-2024,03-09-2024,Neurology,H07,39445
A04309,P04309,2024-09-05,2024-09-19,ICU,H05,103196
A04310,P04310,2024-09-04,2024-09-11,Cardiology,H03,237369
A04311,P04311,2024/05/24,2024/05/26,Cardiology,H03,10095
A04312,P04312,Aug 19 2023,Sep 02 2023,Pediatrics,H03,25173
A04313,P04313,28-01-2023,10-02-2023,Orthopedic,H06,232539
A04314,P04314,2024/08/23,2024/09/02,Orthopedic,H08,33751
A04315,P04315,Jul 30 2023,Aug 09 2023,Neurology,H06,73512
A04316,P04316,2024/10/12,,ICU,H06,58613
A04317,P04317,03-08-2024,15-08-2024,Orthopedic,H02,194044
A04318,P04318,06-09-2023,18-09-2023,Pediatrics,H08,129138
A04319,P04319,2023-01-03,2023-01-12,Cardiology,H02,140231
A04320,P04320,03/05/2023,07/05/2023,ICU,H06,213764
A04321,P04321,15/11/2024,19/11/2024,Cardiology,H05,57962
A04322,P04322,29/08/2023,03/09/2023,Pediatrics,H08,26374
A04323,P04323,2023/01/13,2023/01/28,Oncology,H02,203822
A04324,P04324,2023/05/29,2023/06/07,Oncology,H07,132181
A04325,P04325,03/09/2023,15/09/2023,ICU,H01,138664
A04326,P04326,2024-06-08,2024-06-12,Neurology,H03,181964
A04327,P04327,21-02-2023,24-02-2023,Cardiology,H05,52461
A04328,P04328,16-10-2023,21-10-2023,Oncology,H04,177702
A04329,P04329,2023-11-22,2023-12-02,Emergency,H02,133662
A04330,P04330,Mar 01 2024,Mar 11 2024,ICU,H02,97604
A04331,P04331,Feb 05 2023,Feb 08 2023,Oncology,H06,180273
A04332,P04332,29-09-2024,30-09-2024,Pediatrics,H03,8895
A04333,P04333,Jun 07 2024,Jun 10 2024,Orthopedic,H02,39894
A04334,P04334,2024-05-25,2024-06-06,Emergency,H04,37611
A04335,P04335,2024-10-03,2024-10-07,ICU,H05,134610
A04336,P04336,Aug 03 2023,Aug 04 2023,Cardiology,H06,63763
A04337,P04337,2024/11/14,2024/11/24,Orthopedic,H02,49713
A04338,P04338,24/05/2024,28/05/2024,Orthopedic,H02,69468
A04339,P04339,2023/08/27,2023/09/05,Oncology,H03,47806
A04340,P04340,2023-02-18,2023-03-01,Orthopedic,H03,235314
A04341,P04341,2024/09/19,2024/09/29,Emergency,H06,114695
A04342,P04342,2023/10/22,2023/10/25,Cardiology,H07,26321
A04343,P04343,2024-04-07,2024-04-18,ICU,H03,19035
A04344,P04344,14-02-2023,17-02-2023,Oncology,H03,32726
A04345,P04345,2023-10-02,2023-10-10,Oncology,H07,
A04346,P04346,Mar 19 2024,Mar 31 2024,Pediatrics,H06,171911
A04347,P04347,14/11/2024,21/11/2024,Oncology,H03,44941
A04348,P04348,30/04/2023,15/05/2023,Orthopedic,H01,194726
A04349,P04349,2024-10-10,2024-10-12,Orthopedic,H05,67867
A04350,P04350,2024/09/12,2024/09/21,Pediatrics,H06,245928
A04351,P04351,28-01-2023,31-01-2023,Emergency,H02,219918
A04352,P04352,Jun 23 2024,Jul 02 2024,Emergency,H05,158473
A04353,P04353,Dec 31 2023,Jan 11 2024,Pediatrics,H05,243930
A04354,P04354,2024/08/31,2024/09/03,Orthopedic,H08,97222
A04355,P04355,2023-05-31,2023-06-05,Orthopedic,H05,133318
A04356,P04356,2023-05-09,2023-05-17,Orthopedic,H07,224318
A04357,P04357,25-08-2023,30-08-2023,Cardiology,H05,158826
A04358,P04358,Jan 29 2024,Jan 31 2024,Orthopedic,H05,233850
A04359,P04359,Sep 22 2023,Sep 29 2023,Oncology,H06,186866
A04360,P04360,May 11 2024,May 20 2024,Oncology,H05,22883
A04361,P04361,22/11/2023,28/11/2023,Pediatrics,H07,40292
A04362,P04362,2023/11/02,2023/11/08,Cardiology,H04,231647
A04363,P04363,Jan 26 2023,Jan 30 2023,ICU,H05,26551
A04364,P04364,2023-06-08,2023-06-12,Cardiology,H04,161225
A04365,P04365,23-03-2024,22-03-2024,Orthopedic,H05,135875
A04366,P04366,23/06/2024,03/07/2024,ICU,H08,61270
A04367,P04367,10/05/2024,22/05/2024,ICU,H02,208737
A04368,P04368,Jan 06 2024,Jan 20 2024,Neurology,H05,44743
A04369,P04369,29/04/2023,05/05/2023,Oncology,H01,204898
A04370,P04370,28-07-2023,08-08-2023,Orthopedic,H02,60198
A04371,P04371,Jul 10 2023,Jul 18 2023,Neurology,H04,41030
A04372,P04372,11/04/2024,12/04/2024,Orthopedic,H02,121535
A04373,P04373,2024/09/05,2024/09/11,Oncology,H08,61763
A04374,P04374,2023-02-20,2023-03-06,Neurology,H03,117616
A04375,P04375,29-08-2023,13-09-2023,Emergency,H08,247397
A04376,P04376,11/04/2024,15/04/2024,Neurology,H02,102733
A04377,P04377,01-01-2023,07-01-2023,Emergency,H04,245141
A04378,P04378,2024/10/17,2024/10/23,Pediatrics,H03,98422
A04379,P04379,01/03/2024,04/03/2024,Emergency,H05,27966
A04380,P04380,2024-01-14,2024-01-26,Emergency,H06,20974
A04381,P04381,03-06-2024,15-06-2024,Emergency,H02,185636
A04382,P04382,2024-06-24,2024-07-09,Oncology,H05,31138
A04383,P04383,05-07-2023,07-07-2023,Oncology,H04,135263
A04384,P04384,20/10/2023,02/11/2023,Cardiology,H07,173434
A04385,P04385,19/09/2023,23/09/2023,Emergency,H06,177496
A04386,P04386,14/12/2023,27/12/2023,Neurology,H04,85923
A04387,P04387,18-10-2023,29-10-2023,Pediatrics,H02,123946
A04388,P04388,2024/09/02,2024/09/05,Cardiology,H05,168956
A04389,P04389,21-02-2023,04-03-2023,Neurology,H05,61547
A04390,P04390,Jun 01 2023,Jun 14 2023,Oncology,H01,56373
A04391,P04391,26-01-2023,06-02-2023,Pediatrics,H08,26246
A04392,P04392,2023-08-19,2023-08-26,Neurology,H03,55519
A04393,P04393,28/10/2023,29/10/2023,Emergency,H08,177401
A04394,P04394,Jun 24 2023,Jun 29 2023,Emergency,H04,130860
A04395,P04395,2024-08-09,2024-08-24,Cardiology,H03,132386
A04396,P04396,27/03/2023,02/04/2023,Emergency,H07,134960
A04397,P04397,2024-09-06,2024-09-07,Orthopedic,H02,43401
A04398,P04398,05-08-2024,19-08-2024,Pediatrics,H03,218725
A04399,P04399,27/04/2024,,Pediatrics,H06,81252
A04400,P04400,2023-06-30,2023-07-08,Emergency,H02,105637
A04401,P04401,31/12/2023,14/01/2024,Emergency,H04,242505
A04402,P04402,2023-03-29,2023-04-13,Emergency,H08,207958
A04403,P04403,19-05-2024,29-05-2024,Cardiology,H07,98543
A04404,P04404,Feb 20 2024,Mar 05 2024,Cardiology,H02,244635
A04405,P04405,2024-07-01,2024-07-02,Orthopedic,H05,102631
A04406,P04406,22/01/2023,30/01/2023,ICU,H01,119708
A04407,P04407,30/04/2023,04/05/2023,ICU,H03,30507
A04408,P04408,2023/12/14,2023/12/20,Cardiology,H01,29145
A04409,P04409,20/01/2023,27/01/2023,ICU,H06,230514
A04410,P04410,Apr 27 2024,May 01 2024,Oncology,H08,158507
A04411,P04411,20/10/2024,29/10/2024,Oncology,H08,75813
A04412,P04412,2024-10-16,2024-10-28,Emergency,H05,186709
A04413,P04413,10-01-2024,12-01-2024,ICU,H04,231959
A04414,P04414,18/02/2023,20/02/2023,Emergency,H02,50622
A04415,P04415,02/07/2024,06/07/2024,Neurology,H08,111705
A04416,P04416,May 18 2023,Jun 01 2023,Cardiology,H03,34677
A04417,P04417,02-09-2024,17-09-2024,Pediatrics,H04,13201
A04418,P04418,2023-03-30,2023-04-02,Neurology,H04,104785
A04419,P04419,2024-03-27,2024-04-02,ICU,H08,14714
A04420,P04420,Nov 20 2024,Nov 29 2024,Neurology,H06,194451
A04421,P04421,13/06/2023,23/06/2023,Orthopedic,H05,46871
A04422,P04422,Feb 07 2024,Feb 21 2024,Pediatrics,H05,203034
A04423,P04423,2024/05/21,2024/05/25,Cardiology,H07,217794
A04424,P04424,2024-09-08,2024-09-13,Orthopedic,H06,
A04425,P04425,2024-09-01,2024-09-05,Orthopedic,H04,105893
A04426,P04426,Dec 30 2023,Jan 02 2024,Neurology,H08,223368
A04427,P04427,Jun 13 2023,Jun 20 2023,ICU,H07,116185
A04428,P04428,09/05/2023,16/05/2023,Pediatrics,H08,243947
A04429,P04429,2024-02-04,2024-02-12,Pediatrics,H08,84726
A04430,P04430,2024-08-25,2024-08-30,Orthopedic,H06,215959
A04431,P04431,20/06/2023,25/06/2023,Pediatrics,H03,999999
A04432,P04432,Feb 14 2023,Feb 24 2023,ICU,H05,209926
A04433,P04433,May 31 2023,Jun 05 2023,ICU,H01,163410
A04434,P04434,Jan 20 2024,Jan 24 2024,Cardiology,H07,131428
A04435,P04435,10/02/2023,15/02/2023,Oncology,H08,227946
A04436,P04436,2023-08-16,2023-08-18,Cardiology,H02,117249
A04437,P04437,2023/12/23,2024/01/06,Neurology,H06,94973
A04438,P04438,2023-07-09,2023-07-11,Pediatrics,H06,207437
A04439,P04439,14/10/2023,19/10/2023,Cardiology,H06,6266
A04440,P04440,Jan 24 2023,Jan 28 2023,Pediatrics,H08,225363
A04441,P04441,2024-09-17,2024-09-29,ICU,H01,142541
A04442,P04442,27-06-2024,01-07-2024,Emergency,H06,93710
A04443,P04443,27-12-2023,07-01-2024,ICU,H05,63826
A04444,P04444,Nov 25 2023,Dec 06 2023,ICU,H06,152282
A04445,P04445,2024/09/19,2024/09/29,Oncology,H08,153151
A04446,P04446,24/09/2023,30/09/2023,Orthopedic,H03,197322
A04447,P04447,09-10-2024,20-10-2024,Pediatrics,H05,20158
A04448,P04448,2023/08/07,2023/08/16,Oncology,H08,48929
A04449,P04449,2023/12/01,2023/12/10,Emergency,H08,72060
A04450,P04450,19-11-2024,25-11-2024,Oncology,H08,21182
A04451,P04451,2024/06/19,2024/07/04,ICU,H03,215255
A04452,P04452,22/11/2023,23/11/2023,Emergency,H02,204064
A04453,P04453,08-12-2023,09-12-2023,Oncology,H07,147431
A04454,P04454,25-03-2024,05-04-2024,Emergency,H05,208876
A04455,P04455,2024-01-18,2024-01-20,Emergency,H04,226804
A04456,P04456,26/11/2024,09/12/2024,ICU,H08,79292
A04457,P04457,14-03-2023,24-03-2023,Neurology,H08,160559
A04458,P04458,11/12/2023,15/12/2023,Cardiology,H01,120108
A04459,P04459,09/01/2023,21/01/2023,Emergency,H06,213875
A04460,P04460,2024/09/19,2024/09/23,Cardiology,H08,88405
A04461,P04461,2023/12/26,2023/12/27,Neurology,H03,101006
A04462,P04462,12-02-2023,11-02-2023,ICU,H02,69404
A04463,P04463,2023-08-15,2023-08-17,Orthopedic,H07,80631
A04464,P04464,2023-10-08,2023-10-18,Neurology,H05,131454
A04465,P04465,2023-03-14,2023-03-18,ICU,H06,117032
A04466,P04466,2024-06-27,2024-07-04,Oncology,H04,153973
A04467,P04467,07-06-2023,22-06-2023,Orthopedic,H01,160036
A04468,P04468,2023-03-14,2023-03-22,Oncology,H04,25345
A04469,P04469,04/02/2023,16/02/2023,Cardiology,H08,132018
A04470,P04470,14-04-2023,19-04-2023,Oncology,H08,113031
A04471,P04471,2024-08-28,2024-09-06,ICU,H04,126965
A04472,P04472,02/05/2024,13/05/2024,ICU,H03,32676
A04473,P04473,Apr 03 2024,Apr 13 2024,ICU,H05,49405
A04474,P04474,2024-02-28,2024-03-01,Cardiology,H07,16307
A04475,P04475,14-10-2024,29-10-2024,Oncology,H08,175869
A04476,P04476,Apr 26 2024,Apr 27 2024,Emergency,H08,5424
A04477,P04477,2023-02-26,2023-03-07,Neurology,H06,61469
A04478,P04478,2024/10/06,2024/10/13,Oncology,H02,199948
A04479,P04479,2024-07-11,2024-07-18,Cardiology,H06,29576
A04480,P04480,2023/09/07,2023/09/08,ICU,H01,6696
A04481,P04481,2023-01-22,2023-01-23,Neurology,H03,245967
A04482,P04482,2023-05-16,,ICU,H04,189086
A04483,P04483,2024-09-20,2024-09-26,Oncology,H01,30112
A04484,P04484,2023-05-05,2023-05-18,Emergency,H02,244720
A04485,P04485,23-01-2024,27-01-2024,Orthopedic,H02,212016
A04486,P04486,2023/01/06,2023/01/21,ICU,H08,126425
A04487,P04487,2023-03-08,2023-03-22,Orthopedic,H05,33805
A04488,P04488,2023-03-23,2023-04-05,Oncology,H07,215575
A04489,P04489,23/08/2023,01/09/2023,Pediatrics,H03,44274
A04490,P04490,2024-01-07,2024-01-17,Orthopedic,H03,104912
A04491,P04491,Aug 27 2024,Sep 05 2024,ICU,H02,170444
A04492,P04492,2024/03/19,2024/03/22,Cardiology,H08,33455
A04493,P04493,21/01/2023,04/02/2023,Orthopedic,H05,90658
A04494,P04494,2024/09/01,2024/09/07,Cardiology,H03,90679
A04495,P04495,10/10/2023,25/10/2023,Cardiology,H03,192695
A04496,P04496,Nov 30 2023,Dec 11 2023,Cardiology,H06,142592
A04497,P04497,Apr 22 2024,May 02 2024,Orthopedic,H01,224447
A04498,P04498,Jun 24 2023,Jun 27 2023,Pediatrics,H03,71016
A04499,P04499,04/03/2024,08/03/2024,Neurology,H04,103251
A04500,P04500,2023/04/29,2023/05/10,Orthopedic,H08,88976
A04501,P04501,2024-05-24,2024-06-07,Neurology,H03,184908
A04502,P04502,03/01/2023,04/01/2023,Cardiology,H04,110020
A04503,P04503,22/09/2024,23/09/2024,Neurology,H02,
A04504,P04504,2024/06/20,2024/06/28,Oncology,H08,116492
A04505,P04505,Oct 14 2023,Oct 23 2023,Neurology,H03,236844
A04506,P04506,2024/06/06,2024/06/15,ICU,H04,7851
A04507,P04507,2024-09-21,2024-09-22,Oncology,H05,246480
A04508,P04508,2024/09/18,2024/09/22,Pediatrics,H07,13202
A04509,P04509,2024/03/03,2024/03/17,Oncology,H07,122732
A04510,P04510,28-06-2023,05-07-2023,Pediatrics,H03,13295
A04511,P04511,2024/09/15,2024/09/26,Oncology,H02,86759
A04512,P04512,2024-10-14,2024-10-19,Pediatrics,H08,212620
A04513,P04513,2023/05/06,2023/05/11,Emergency,H06,220414
A04514,P04514,Sep 21 2023,Oct 02 2023,Oncology,H05,136630
A04515,P04515,2023/11/08,2023/11/14,ICU,H02,127624
A04516,P04516,2023/09/09,2023/09/11,Neurology,H05,95327
A04517,P04517,2023/06/21,2023/06/30,Emergency,H04,200659
A04518,P04518,12/10/2024,21/10/2024,Oncology,H08,243268
A04519,P04519,09/08/2023,24/08/2023,Oncology,H03,210256
A04520,P04520,2024/04/24,2024/05/01,Orthopedic,H05,88994
A04521,P04521,2023/05/12,2023/05/26,Oncology,H05,84985
A04522,P04522,Mar 14 2024,Mar 20 2024,Orthopedic,H01,169629
A04523,P04523,2023-07-13,2023-07-25,Neurology,H02,12317
A04524,P04524,04/11/2023,11/11/2023,Orthopedic,H05,113977
A04525,P04525,03/01/2024,12/01/2024,Neurology,H04,150000
A04526,P04526,20/05/2023,25/05/2023,Orthopedic,H04,211952
A04527,P04527,Aug 12 2023,Aug 19 2023,Emergency,H03,114375
A04528,P04528,16-05-2023,26-05-2023,Oncology,H07,197486
A04529,P04529,2024/01/09,2024/01/20,Orthopedic,H03,101623
A04530,P04530,2024-11-11,2024-11-24,Oncology,H01,62955
A04531,P04531,26/04/2023,30/04/2023,Pediatrics,H08,217199
A04532,P04532,2024/10/16,2024/10/18,Emergency,H02,212706
A04533,P04533,2024/01/10,2024/01/18,Cardiology,H05,7104
A04534,P04534,2023-04-02,2023-04-17,Orthopedic,H02,25705
A04535,P04535,2024/10/13,2024/10/27,Neurology,H02,45308
A04536,P04536,29/12/2023,08/01/2024,Neurology,H02,76650
A04537,P04537,Apr 26 2023,May 05 2023,Pediatrics,H07,126280
A04538,P04538,2023-12-12,2023-12-22,Cardiology,H07,208366
A04539,P04539,26-07-2023,03-08-2023,Pediatrics,H06,235814
A04540,P04540,Jan 24 2023,Feb 08 2023,Oncology,H03,120126
A04541,P04541,May 04 2023,May 06 2023,Pediatrics,H02,15085
A04542,P04542,2023-03-05,2023-03-16,Oncology,H05,156584
A04543,P04543,29/10/2023,30/10/2023,Neurology,H08,14304
A04544,P04544,14/05/2024,17/05/2024,Cardiology,H07,201611
A04545,P04545,2023/12/10,2023/12/20,Neurology,H08,80785
A04546,P04546,2024/10/20,2024/10/31,Emergency,H01,54465
A04547,P04547,10-10-2024,13-10-2024,Oncology,H04,105308
A04548,P04548,2023/06/18,2023/07/01,ICU,H04,121722
A04549,P04549,2024-10-18,2024-10-20,Neurology,H02,86106
A04550,P04550,2023/03/04,2023/03/10,Oncology,H08,64947
A04551,P04551,Mar 22 2023,Mar 24 2023,Oncology,H03,74765
A04552,P04552,Mar 18 2024,Mar 21 2024,Neurology,H01,160168
A04553,P04553,Jan 21 2024,Feb 02 2024,Cardiology,H05,104998
A04554,P04554,23-07-2023,04-08-2023,Oncology,H02,57894
A04555,P04555,2024/02/27,2024/03/03,Pediatrics,H03,190775
A04556,P04556,07-07-2024,21-07-2024,Orthopedic,H01,87044
A04557,P04557,31-12-2023,05-01-2024,ICU,H05,177134
A04558,P04558,10-09-2023,23-09-2023,Orthopedic,H08,158080
A04559,P04559,11/12/2023,10/12/2023,Emergency,H08,138247
A04560,P04560,Jun 15 2023,Jun 21 2023,Emergency,H08,219130
A04561,P04561,31-07-2024,10-08-2024,Neurology,H03,147396
A04562,P04562,Oct 22 2023,Oct 28 2023,Orthopedic,H01,186386
A04563,P04563,Oct 28 2024,Oct 31 2024,Cardiology,H01,37012
A04564,P04564,Apr 26 2023,May 07 2023,Emergency,H07,160071
A04565,P04565,2023-05-02,,Oncology,H08,222487
A04566,P04566,01-04-2024,07-04-2024,Orthopedic,H06,214770
A04567,P04567,02-08-2023,14-08-2023,Pediatrics,H01,224209
A04568,P04568,2023/12/21,2024/01/02,Emergency,H07,167515
A04569,P04569,29/01/2024,10/02/2024,Emergency,H03,118014
A04570,P04570,09/08/2023,19/08/2023,Oncology,H04,93710
A04571,P04571,2023-01-09,2023-01-21,Pediatrics,H03,181075
A04572,P04572,Nov 01 2024,Nov 13 2024,Neurology,H06,97077
A04573,P04573,05/11/2024,19/11/2024,Orthopedic,H07,172666
A04574,P04574,2023/07/31,2023/08/14,ICU,H04,220556
A04575,P04575,19/04/2023,03/05/2023,Neurology,H05,99056
A04576,P04576,06-01-2024,18-01-2024,ICU,H01,225272
A04577,P04577,06/05/2023,08/05/2023,Oncology,H02,198485
A04578,P04578,2023/03/06,2023/03/12,ICU,H04,36961
A04579,P04579,14/11/2024,20/11/2024,Neurology,H07,151062
A04580,P04580,May 26 2023,Jun 09 2023,Pediatrics,H03,152616
A04581,P04581,May 08 2023,May 10 2023,ICU,H05,94074
A04582,P04582,15/11/2023,24/11/2023,ICU,H08,
A04583,P04583,2023/03/13,2023/03/28,Neurology,H06,22940
A04584,P04584,01-12-2024,05-12-2024,Pediatrics,H02,96367
A04585,P04585,Feb 27 2023,Mar 12 2023,Orthopedic,H03,220192
A04586,P04586,2023/12/05,2023/12/08,ICU,H04,194159
A04587,P04587,2024/09/17,2024/09/30,Neurology,H04,78563
A04588,P04588,2023/05/08,2023/05/10,Neurology,H01,206128
A04589,P04589,21-10-2024,31-10-2024,Emergency,H07,42014
A04590,P04590,07-11-2024,18-11-2024,Pediatrics,H08,194359
A04591,P04591,Jul 25 2024,Jul 28 2024,Pediatrics,H08,179756
A04592,P04592,May 07 2024,May 09 2024,Neurology,H07,87441
A04593,P04593,2024/11/04,2024/11/17,Cardiology,H08,40853
A04594,P04594,2023-12-29,2024-01-12,ICU,H02,105618
A04595,P04595,01/12/2024,13/12/2024,Orthopedic,H07,148267
A04596,P04596,Jun 14 2024,Jun 24 2024,Orthopedic,H05,230762
A04597,P04597,2023/03/22,2023/03/27,Emergency,H04,220380
A04598,P04598,2023-07-30,2023-08-12,Cardiology,H02,242304
A04599,P04599,2023/11/24,2023/12/07,Pediatrics,H06,172042
A04600,P04600,2023-11-16,2023-11-19,Pediatrics,H03,106407
A04601,P04601,12-04-2023,13-04-2023,Pediatrics,H01,108069
A04602,P04602,2023/09/09,2023/09/13,Neurology,H06,49507
A04603,P04603,06-05-2023,12-05-2023,Neurology,H03,232270
A04604,P04604,2024-08-31,2024-09-07,Orthopedic,H07,219735
A04605,P04605,06/04/2023,18/04/2023,Cardiology,H08,239624
A04606,P04606,04-09-2023,13-09-2023,Cardiology,H05,119762
A04607,P04607,Jun 07 2024,Jun 18 2024,Orthopedic,H05,89230
A04608,P04608,2023-07-23,2023-07-24,Pediatrics,H05,126688
A04609,P04609,2023/12/12,2023/12/24,ICU,H05,133097
A04610,P04610,May 05 2023,May 20 2023,Oncology,H06,115128
A04611,P04611,13-04-2023,17-04-2023,ICU,H04,30451
A04612,P04612,25/07/2023,09/08/2023,Neurology,H04,101177
A04613,P04613,19/03/2024,20/03/2024,ICU,H06,92167
A04614,P04614,19-04-2024,03-05-2024,ICU,H01,104547
A04615,P04615,2024-04-09,2024-04-12,Oncology,H06,221869
A04616,P04616,2023/01/24,2023/02/05,ICU,H07,105084
A04617,P04617,2023/02/15,2023/02/25,Pediatrics,H06,172965
A04618,P04618,20-01-2023,04-02-2023,Pediatrics,H03,99640
A04619,P04619,2024-03-12,2024-03-13,Emergency,H07,115326
A04620,P04620,Jan 17 2024,Jan 31 2024,Pediatrics,H04,227136
A04621,P04621,2023/05/20,2023/06/02,ICU,H05,71752
A04622,P04622,Apr 20 2023,Apr 22 2023,Pediatrics,H05,52352
A04623,P04623,Jan 15 2023,Jan 19 2023,ICU,H05,154108
A04624,P04624,11/06/2024,17/06/2024,Oncology,H07,157847
A04625,P04625,2023-02-21,2023-02-22,Cardiology,H03,236175
A04626,P04626,08-01-2023,16-01-2023,ICU,H04,32702
A04627,P04627,27-06-2024,29-06-2024,Neurology,H03,160298
A04628,P04628,2024-05-03,2024-05-13,Emergency,H04,29927
A04629,P04629,2024-07-26,2024-08-05,ICU,H03,145059
A04630,P04630,2023/04/09,2023/04/15,Cardiology,H02,5715
A04631,P04631,Apr 21 2024,Apr 29 2024,Pediatrics,H01,115358
A04632,P04632,16-04-2023,17-04-2023,ICU,H08,141294
A04633,P04633,Dec 01 2024,Dec 13 2024,Neurology,H07,37800
A04634,P04634,May 15 2023,May 25 2023,Cardiology,H06,210173
A04635,P04635,12-05-2023,22-05-2023,Neurology,H02,63941
A04636,P04636,2024/02/18,2024/02/24,Pediatrics,H02,213045
A04637,P04637,2024/05/14,2024/05/18,Neurology,H02,25367
A04638,P04638,2024/09/21,2024/10/06,Emergency,H04,80928
A04639,P04639,29/04/2023,05/05/2023,Pediatrics,H08,41077
A04640,P04640,2024/11/23,2024/12/06,Oncology,H06,52806
A04641,P04641,17-12-2023,21-12-2023,ICU,H06,133936
A04642,P04642,2023-03-06,2023-03-20,Emergency,H03,999999
A04643,P04643,2023/11/25,2023/12/08,ICU,H06,235017
A04644,P04644,2023/04/23,2023/04/27,Cardiology,H08,161274
A04645,P04645,2023/06/23,2023/06/25,Orthopedic,H05,206134
A04646,P04646,01/07/2024,08/07/2024,Emergency,H02,50129
A04647,P04647,Jul 19 2023,Jul 21 2023,Oncology,H06,66413
A04648,P04648,25/01/2023,,ICU,H01,79252
A04649,P04649,Apr 29 2024,May 09 2024,Oncology,H08,114004
A04650,P04650,2023/11/30,2023/12/05,Pediatrics,H05,174272
A04651,P04651,Mar 14 2024,Mar 19 2024,Orthopedic,H03,190823
A04652,P04652,28-04-2023,12-05-2023,Oncology,H08,238007
A04653,P04653,11-08-2023,20-08-2023,Neurology,H02,177890
A04654,P04654,May 11 2023,May 26 2023,Emergency,H08,90453
A04655,P04655,Apr 27 2024,May 11 2024,Oncology,H06,15482
A04656,P04656,01/03/2023,28/02/2023,Orthopedic,H02,22071
A04657,P04657,Aug 01 2023,Aug 14 2023,ICU,H06,179414
A04658,P04658,25-02-2023,09-03-2023,ICU,H06,178736
A04659,P04659,04-03-2024,14-03-2024,ICU,H04,246108
A04660,P04660,2024/07/12,2024/07/25,Orthopedic,H08,74858
A04661,P04661,2024-05-18,2024-05-22,Orthopedic,H02,
A04662,P04662,Jun 19 2023,Jul 01 2023,Pediatrics,H04,67483
A04663,P04663,2023-09-27,2023-09-28,Orthopedic,H08,116131
A04664,P04664,19-05-2023,31-05-2023,Emergency,H08,195040
A04665,P04665,2024/03/07,2024/03/13,Oncology,H03,115574
A04666,P04666,2023/02/13,2023/02/27,Pediatrics,H01,135766
A04667,P04667,30-08-2023,03-09-2023,ICU,H08,61099
A04668,P04668,2024/11/27,2024/12/05,Orthopedic,H02,72088
A04669,P04669,04-02-2023,09-02-2023,Emergency,H08,58208
A04670,P04670,2023-05-05,2023-05-14,Pediatrics,H01,53761
A04671,P04671,13/01/2023,24/01/2023,Orthopedic,H01,245415
A04672,P04672,29/09/2024,05/10/2024,Oncology,H03,198216
A04673,P04673,2024-05-03,2024-05-18,ICU,H04,236413
A04674,P04674,2023-05-19,2023-05-23,Pediatrics,H01,25901
A04675,P04675,2024/03/23,2024/03/30,ICU,H06,78777
A04676,P04676,09-04-2023,24-04-2023,ICU,H08,74934
A04677,P04677,19-10-2024,27-10-2024,Emergency,H05,142875
A04678,P04678,25-12-2023,05-01-2024,Pediatrics,H08,189690
A04679,P04679,Sep 26 2024,Oct 04 2024,Emergency,H08,188650
A04680,P04680,2023-03-29,2023-04-03,Emergency,H02,234061
A04681,P04681,14-04-2024,28-04-2024,ICU,H02,81993
A04682,P04682,24-10-2024,25-10-2024,ICU,H03,249061
A04683,P04683,19-08-2023,01-09-2023,Cardiology,H01,97890
A04684,P04684,05/07/2024,08/07/2024,ICU,H07,204734
A04685,P04685,06-02-2024,20-02-2024,Emergency,H05,116583
A04686,P04686,2023-05-30,2023-05-31,Neurology,H07,65024
A04687,P04687,2023-12-05,2023-12-16,Cardiology,H06,64850
A04688,P04688,May 24 2023,May 26 2023,Orthopedic,H03,30333
A04689,P04689,2023/02/10,2023/02/17,Oncology,H02,103020
A04690,P04690,17/08/2023,23/08/2023,Oncology,H05,51604
A04691,P04691,Sep 06 2024,Sep 14 2024,Cardiology,H04,119620
A04692,P04692,07-10-2024,14-10-2024,Pediatrics,H02,231199
A04693,P04693,01-02-2023,06-02-2023,Pediatrics,H03,211191
A04694,P04694,2024/08/27,2024/08/28,Oncology,H06,83911
A04695,P04695,30-07-2023,06-08-2023,ICU,H07,147277
A04696,P04696,13/03/2023,25/03/2023,Emergency,H08,201883
A04697,P04697,2024/02/26,2024/03/04,Cardiology,H04,44934
A04698,P04698,Dec 10 2023,Dec 21 2023,ICU,H02,89113
A04699,P04699,15/10/2023,29/10/2023,Orthopedic,H04,36586
A04700,P04700,12-11-2024,23-11-2024,Pediatrics,H05,55113
A04701,P04701,25-07-2024,08-08-2024,Pediatrics,H06,158628
A04702,P04702,2023-09-08,2023-09-11,Cardiology,H01,233102
A04703,P04703,Jun 16 2024,Jun 26 2024,Cardiology,H05,246860
A04704,P04704,2023-02-18,2023-03-04,Orthopedic,H02,50972
A04705,P04705,2024/11/24,2024/11/25,ICU,H05,61341
A04706,P04706,07/07/2023,20/07/2023,Pediatrics,H04,133692
A04707,P04707,2023-08-11,2023-08-15,Oncology,H03,83365
A04708,P04708,2023-11-15,2023-11-20,Pediatrics,H08,236850
A04709,P04709,07-05-2023,17-05-2023,ICU,H07,240563
A04710,P04710,2023-06-16,2023-06-29,Oncology,H08,130914
A04711,P04711,Sep 12 2024,Sep 24 2024,Pediatrics,H03,41991
A04712,P04712,2023-04-11,2023-04-25,ICU,H03,32162
A04713,P04713,May 22 2024,May 31 2024,Neurology,H02,206052
A04714,P04714,2023-12-15,2023-12-30,Oncology,H06,130866
A04715,P04715,2023/01/21,2023/02/01,ICU,H04,153748
A04716,P04716,24/03/2023,27/03/2023,Pediatrics,H01,76790
A04717,P04717,Nov 09 2024,Nov 19 2024,Oncology,H02,107101
A04718,P04718,2024/09/29,2024/10/11,Pediatrics,H06,173787
A04719,P04719,05-04-2023,12-04-2023,Neurology,H08,107804
A04720,P04720,Apr 05 2023,Apr 11 2023,Cardiology,H07,131939
A04721,P04721,21-11-2023,06-12-2023,ICU,H07,185676
A04722,P04722,16/06/2023,24/06/2023,Orthopedic,H08,139091
A04723,P04723,2024-04-18,2024-04-29,ICU,H02,236803
A04724,P04724,2023-07-02,2023-07-12,Emergency,H04,159856
A04725,P04725,02-11-2024,15-11-2024,ICU,H07,27646
A04726,P04726,2024-05-04,2024-05-15,Oncology,H08,231143
A04727,P04727,2024-10-14,2024-10-15,Neurology,H08,38281
A04728,P04728,2024/08/14,2024/08/27,Pediatrics,H05,47159
A04729,P04729,Nov 10 2023,Nov 13 2023,Emergency,H05,120986
A04730,P04730,2023-07-20,2023-08-01,Neurology,H08,7786
A04731,P04731,2024-05-27,,Orthopedic,H07,210283
A04732,P04732,15-12-2023,20-12-2023,Emergency,H02,198406
A04733,P04733,05-11-2024,12-11-2024,Pediatrics,H05,147291
A04734,P04734,07-09-2024,15-09-2024,Orthopedic,H04,187702
A04735,P04735,2023-07-02,2023-07-06,Emergency,H03,194188
A04736,P04736,2023/06/20,2023/06/29,ICU,H08,230175
A04737,P04737,27/01/2023,04/02/2023,Orthopedic,H08,101219
A04738,P04738,Jun 28 2024,Jul 11 2024,Orthopedic,H06,230080
A04739,P04739,2024/05/10,2024/05/25,Neurology,H01,90012
A04740,P04740,16/08/2024,21/08/2024,Pediatrics,H07,
A04741,P04741,22/10/2023,23/10/2023,Emergency,H02,243817
A04742,P04742,16/08/2023,19/08/2023,Orthopedic,H08,50430
A04743,P04743,2024-01-15,2024-01-20,Neurology,H03,24929
A04744,P04744,2024/03/07,2024/03/12,Neurology,H06,202254
A04745,P04745,04-01-2023,09-01-2023,Orthopedic,H06,224755
A04746,P04746,2024/10/24,2024/10/28,Orthopedic,H03,30701
A04747,P04747,2024/11/06,2024/11/13,Neurology,H05,51482
A04748,P04748,2024/05/18,2024/05/25,Neurology,H03,5639
A04749,P04749,27-11-2024,28-11-2024,Cardiology,H01,131166
A04750,P04750,20/02/2023,25/02/2023,Emergency,H07,87870
A04751,P04751,2023-10-07,2023-10-18,Pediatrics,H04,125540
A04752,P04752,04-09-2024,18-09-2024,Emergency,H08,107011
A04753,P04753,09/09/2024,08/09/2024,Oncology,H04,233949
A04754,P04754,19/09/2024,23/09/2024,Neurology,H04,137506
A04755,P04755,2024/06/23,2024/07/07,Emergency,H04,117609
A04756,P04756,2024/07/18,2024/07/27,Oncology,H03,157267
A04757,P04757,20-12-2023,22-12-2023,Neurology,H07,122286
A04758,P04758,2024-07-05,2024-07-20,Orthopedic,H03,104324
A04759,P04759,26/05/2023,01/06/2023,ICU,H04,14737
A04760,P04760,06-05-2024,14-05-2024,Pediatrics,H06,66038
A04761,P04761,2023-05-17,2023-05-27,Emergency,H01,163238
A04762,P04762,21-01-2024,26-01-2024,Emergency,H07,247111
A04763,P04763,01/02/2023,16/02/2023,Orthopedic,H03,59686
A04764,P04764,31-08-2024,12-09-2024,Cardiology,H07,96978
A04765,P04765,19/04/2024,01/05/2024,ICU,H07,45438
A04766,P04766,09-07-2023,11-07-2023,Cardiology,H08,240473
A04767,P04767,2024/02/18,2024/02/26,ICU,H07,199249
A04768,P04768,29/03/2024,10/04/2024,ICU,H02,162746
A04769,P04769,2024-06-29,2024-07-09,Orthopedic,H08,16903
A04770,P04770,2023/09/29,2023/10/08,Emergency,H04,211391
A04771,P04771,2023-08-11,2023-08-17,Pediatrics,H08,61500
A04772,P04772,2023-10-15,2023-10-26,Neurology,H05,116271
A04773,P04773,2023/05/24,2023/05/26,Pediatrics,H04,19505
A04774,P04774,05/09/2023,10/09/2023,Pediatrics,H08,150779
A04775,P04775,25/05/2024,01/06/2024,Cardiology,H05,96798
A04776,P04776,2024-09-12,2024-09-22,Oncology,H07,145645
A04777,P04777,2024-02-07,2024-02-11,Emergency,H05,42022
A04778,P04778,2023/01/22,2023/01/26,ICU,H03,100506
A04779,P04779,2023/09/28,2023/10/05,Neurology,H06,227423
A04780,P04780,02/05/2024,15/05/2024,Pediatrics,H06,109002
A04781,P04781,2023-02-05,2023-02-13,Emergency,H05,41666
A04782,P04782,21-08-2023,01-09-2023,Pediatrics,H06,191659
A04783,P04783,2024-06-21,2024-06-22,Emergency,H07,156766
A04784,P04784,20-03-2024,23-03-2024,Pediatrics,H05,210554
A04785,P04785,Oct 22 2024,Nov 03 2024,Orthopedic,H02,9303
A04786,P04786,01-10-2023,02-10-2023,Emergency,H08,86385
A04787,P04787,Aug 17 2023,Aug 29 2023,ICU,H06,164215
A04788,P04788,07/10/2023,21/10/2023,Oncology,H06,80260
A04789,P04789,2023/08/29,2023/09/12,Emergency,H07,81985
A04790,P04790,2023-04-13,2023-04-21,Pediatrics,H08,135932
A04791,P04791,12/04/2024,15/04/2024,Neurology,H07,47127
A04792,P04792,2023/11/11,2023/11/23,Cardiology,H06,181937
A04793,P04793,05/09/2023,06/09/2023,Neurology,H08,7746
A04794,P04794,12/01/2023,20/01/2023,Orthopedic,H01,208204
A04795,P04795,2024/05/02,2024/05/15,Emergency,H08,233881
A04796,P04796,23-03-2024,27-03-2024,Emergency,H01,229496
A04797,P04797,2023-11-23,2023-11-28,Neurology,H07,98938
A04798,P04798,26-10-2024,06-11-2024,Cardiology,H07,7561
A04799,P04799,2024-06-12,2024-06-15,Cardiology,H08,204668
A04800,P04800,2023-12-17,2023-12-18,ICU,H02,11631
A04801,P04801,Dec 23 2023,Jan 01 2024,Orthopedic,H04,236898
A04802,P04802,22/08/2024,05/09/2024,Oncology,H05,42657
A04803,P04803,Sep 20 2023,Sep 26 2023,Orthopedic,H03,119328
A04804,P04804,06/08/2023,09/08/2023,Orthopedic,H05,30143
A04805,P04805,2023-10-14,2023-10-18,Oncology,H06,168027
A04806,P04806,2024-11-02,2024-11-17,ICU,H04,122236
A04807,P04807,2023-08-02,2023-08-06,Cardiology,H06,149607
A04808,P04808,20-03-2024,26-03-2024,Cardiology,H08,158945
A04809,P04809,Jan 14 2023,Jan 26 2023,Pediatrics,H07,177830
A04810,P04810,Sep 04 2024,Sep 16 2024,Cardiology,H07,22082
A04811,P04811,2023/08/02,2023/08/17,Pediatrics,H02,34353
A04812,P04812,24-05-2023,07-06-2023,Orthopedic,H01,132056
A04813,P04813,2024-05-29,2024-05-31,Oncology,H04,123850
A04814,P04814,2023/01/26,,Emergency,H04,213356
A04815,P04815,27/06/2024,29/06/2024,Orthopedic,H03,77193
A04816,P04816,2024/07/12,2024/07/27,Emergency,H07,216117
A04817,P04817,19-05-2023,29-05-2023,Cardiology,H03,66490
A04818,P04818,Jul 19 2024,Jul 20 2024,Neurology,H02,99533
A04819,P04819,May 29 2024,May 30 2024,Orthopedic,H07,
A04820,P04820,23-02-2023,10-03-2023,Pediatrics,H02,54750
A04821,P04821,2024-08-07,2024-08-10,ICU,H01,176078
A04822,P04822,26-09-2023,02-10-2023,Emergency,H07,200112
A04823,P04823,Nov 30 2023,Dec 10 2023,Cardiology,H05,149604
A04824,P04824,2023-10-06,2023-10-16,Neurology,H07,234084
A04825,P04825,Dec 28 2023,Jan 05 2024,Emergency,H03,23188
A04826,P04826,2024-05-26,2024-06-06,Orthopedic,H08,102716
A04827,P04827,10-11-2023,18-11-2023,Orthopedic,H07,14681
A04828,P04828,25/01/2024,29/01/2024,Oncology,H01,12195
A04829,P04829,2024/01/16,2024/01/17,Pediatrics,H05,158200
A04830,P04830,2023/10/06,2023/10/20,Orthopedic,H01,33328
A04831,P04831,10/04/2023,24/04/2023,Oncology,H04,238193
A04832,P04832,2023-12-09,2023-12-16,Pediatrics,H06,108476
A04833,P04833,2024/01/21,2024/02/04,Oncology,H06,19495
A04834,P04834,Jan 30 2023,Feb 09 2023,Oncology,H06,10457
A04835,P04835,Oct 21 2024,Nov 02 2024,ICU,H06,125001
A04836,P04836,11-05-2024,26-05-2024,Neurology,H08,155598
A04837,P04837,09/08/2024,19/08/2024,Emergency,H05,30223
A04838,P04838,May 14 2024,May 18 2024,Neurology,H01,126023
A04839,P04839,Jul 15 2023,Jul 29 2023,Cardiology,H07,44952
A04840,P04840,19-01-2023,21-01-2023,Neurology,H08,12053
A04841,P04841,Mar 08 2024,Mar 16 2024,Oncology,H05,23676
A04842,P04842,Jul 11 2023,Jul 22 2023,Neurology,H03,176000
A04843,P04843,2023-03-24,2023-03-26,Pediatrics,H01,218229
A04844,P04844,2023/05/14,2023/05/25,Oncology,H03,114191
A04845,P04845,2023/08/29,2023/09/06,Pediatrics,H02,55370
A04846,P04846,13/08/2023,14/08/2023,Emergency,H04,165450
A04847,P04847,Apr 11 2023,Apr 17 2023,Neurology,H08,47593
A04848,P04848,2024-06-30,2024-07-04,ICU,H04,85920
A04849,P04849,20/07/2023,29/07/2023,Orthopedic,H03,121123
A04850,P04850,2024/01/09,2024/01/08,Emergency,H07,110751
A04851,P04851,28-02-2024,29-02-2024,Pediatrics,H06,201062
A04852,P04852,2024-07-21,2024-07-22,Pediatrics,H06,18007
A04853,P04853,23-07-2024,03-08-2024,Orthopedic,H04,999999
A04854,P04854,2024-07-11,2024-07-17,Oncology,H06,127976
A04855,P04855,2023-02-24,2023-03-10,Orthopedic,H04,87305
A04856,P04856,Jul 10 2024,Jul 18 2024,Cardiology,H01,146677
A04857,P04857,2024/05/07,2024/05/17,Pediatrics,H05,243767
A04858,P04858,2024-09-26,2024-10-09,Emergency,H02,78936
A04859,P04859,2023-12-22,2023-12-27,ICU,H07,76067
A04860,P04860,05-04-2023,16-04-2023,Orthopedic,H05,160691
A04861,P04861,2023/04/24,2023/04/26,Cardiology,H07,14314
A04862,P04862,2024/01/08,2024/01/22,ICU,H07,42093
A04863,P04863,14-03-2024,23-03-2024,Orthopedic,H06,99905
A04864,P04864,Nov 14 2024,Nov 18 2024,Oncology,H07,208758
A04865,P04865,2023/08/14,2023/08/29,ICU,H07,215415
A04866,P04866,Mar 19 2024,Mar 29 2024,Orthopedic,H01,167717
A04867,P04867,22/06/2023,27/06/2023,Oncology,H03,78812
A04868,P04868,27-08-2023,29-08-2023,ICU,H03,223823
A04869,P04869,2023/07/08,2023/07/15,Emergency,H05,75615
A04870,P04870,2024-09-20,2024-09-29,ICU,H02,174903
A04871,P04871,2023/11/16,2023/12/01,Emergency,H04,46987
A04872,P04872,18/02/2024,01/03/2024,Emergency,H01,92857
A04873,P04873,Nov 06 2024,Nov 19 2024,Neurology,H02,59168
A04874,P04874,Nov 05 2024,Nov 07 2024,Neurology,H02,170137
A04875,P04875,24/11/2024,30/11/2024,Cardiology,H02,117977
A04876,P04876,2024-03-30,2024-04-02,Emergency,H05,132178
A04877,P04877,01/05/2024,06/05/2024,ICU,H04,85404
A04878,P04878,01/04/2024,13/04/2024,Neurology,H02,51061
A04879,P04879,2024/05/09,2024/05/11,Pediatrics,H07,164947
A04880,P04880,24/07/2024,08/08/2024,Orthopedic,H06,49606
A04881,P04881,13-11-2024,28-11-2024,Orthopedic,H04,218366
A04882,P04882,04/05/2023,15/05/2023,Oncology,H06,189854
A04883,P04883,2024/11/28,2024/12/03,Emergency,H08,8960
A04884,P04884,2023/11/11,2023/11/16,Oncology,H08,12237
A04885,P04885,19-07-2023,27-07-2023,Emergency,H07,44710
A04886,P04886,2023/04/17,2023/04/23,Orthopedic,H08,111778
A04887,P04887,11-05-2024,21-05-2024,Oncology,H01,217339
A04888,P04888,2024-01-30,2024-02-08,Neurology,H05,240460
A04889,P04889,26/09/2023,02/10/2023,Cardiology,H01,37590
A04890,P04890,Sep 03 2024,Sep 08 2024,Orthopedic,H02,92488
A04891,P04891,22/08/2024,27/08/2024,Orthopedic,H03,32386
A04892,P04892,2024/06/10,2024/06/14,Emergency,H05,86599
A04893,P04893,2023-01-07,2023-01-14,Oncology,H02,226484
A04894,P04894,2024/11/17,2024/11/18,Oncology,H07,238505
A04895,P04895,15-09-2023,30-09-2023,Orthopedic,H05,35750
A04896,P04896,30/11/2023,04/12/2023,Pediatrics,H06,134041
A04897,P04897,2023-07-03,,Orthopedic,H07,219695
A04898,P04898,2024-09-19,2024-09-24,ICU,H02,
A04899,P04899,Jan 24 2024,Jan 26 2024,ICU,H04,96934
A04900,P04900,2023/07/12,2023/07/19,Emergency,H05,239768
A04901,P04901,08-01-2023,10-01-2023,Orthopedic,H02,57850
A04902,P04902,2024/10/06,2024/10/15,Cardiology,H01,23035
A04903,P04903,2024-05-13,2024-05-23,ICU,H02,103130
A04904,P04904,Nov 03 2024,Nov 18 2024,Cardiology,H05,95391
A04905,P04905,Aug 19 2024,Aug 21 2024,Emergency,H06,78341
A04906,P04906,01-12-2023,14-12-2023,Emergency,H08,54656
A04907,P04907,2023/08/06,2023/08/15,Oncology,H08,14511
A04908,P04908,29-06-2023,06-07-2023,Pediatrics,H02,116762
A04909,P04909,2024-06-13,2024-06-22,Neurology,H02,72434
A04910,P04910,27-01-2024,01-02-2024,Neurology,H08,143795
A04911,P04911,23/06/2023,04/07/2023,Cardiology,H01,237095
A04912,P04912,2024-04-11,2024-04-24,Pediatrics,H07,86718
A04913,P04913,Oct 10 2023,Oct 16 2023,Neurology,H01,5840
A04914,P04914,2024-11-09,2024-11-16,Cardiology,H05,181047
A04915,P04915,2024-01-02,2024-01-13,Emergency,H01,164962
A04916,P04916,2024-06-07,2024-06-21,ICU,H04,139544
A04917,P04917,2023-08-05,2023-08-06,ICU,H07,51491
A04918,P04918,02/09/2023,15/09/2023,Neurology,H03,124794
A04919,P04919,2023/07/31,2023/08/04,ICU,H06,223294
A04920,P04920,Mar 02 2023,Mar 16 2023,Neurology,H07,59405
A04921,P04921,Feb 15 2023,Feb 25 2023,Orthopedic,H08,17602
A04922,P04922,Aug 28 2023,Sep 01 2023,Oncology,H03,90818
A04923,P04923,2023/06/18,2023/07/01,Pediatrics,H06,221111
A04924,P04924,24-09-2023,28-09-2023,Oncology,H06,18742
A04925,P04925,03-08-2023,11-08-2023,Neurology,H05,237948
A04926,P04926,2024-01-14,2024-01-18,Pediatrics,H06,182483
A04927,P04927,21-09-2024,28-09-2024,Neurology,H07,82588
A04928,P04928,2023/03/02,2023/03/16,Pediatrics,H01,21235
A04929,P04929,16-09-2024,26-09-2024,ICU,H03,190227
A04930,P04930,Apr 23 2024,May 08 2024,Pediatrics,H06,7902
A04931,P04931,Apr 02 2023,Apr 13 2023,Neurology,H02,188295
A04932,P04932,Feb 01 2024,Feb 03 2024,Cardiology,H02,212388
A04933,P04933,2023/07/24,2023/07/30,Orthopedic,H01,115071
A04934,P04934,18/10/2024,30/10/2024,Orthopedic,H03,99556
A04935,P04935,2024-03-14,2024-03-15,Neurology,H03,113197
A04936,P04936,21/06/2023,30/06/2023,Neurology,H06,73092
A04937,P04937,18-04-2024,03-05-2024,Neurology,H06,166484
A04938,P04938,Aug 09 2024,Aug 15 2024,Emergency,H03,234640
A04939,P04939,Jun 09 2023,Jun 11 2023,ICU,H05,173025
A04940,P04940,May 12 2024,May 15 2024,Orthopedic,H08,161365
A04941,P04941,Apr 14 2024,Apr 21 2024,Orthopedic,H02,101001
A04942,P04942,16-06-2023,30-06-2023,Oncology,H06,208672
A04943,P04943,22/03/2024,31/03/2024,ICU,H08,54319
A04944,P04944,2024/02/22,2024/02/28,ICU,H01,207500
A04945,P04945,2023-08-04,2023-08-16,Cardiology,H03,5852
A04946,P04946,2023-05-11,2023-05-15,Pediatrics,H08,63851
A04947,P04947,31/12/2023,30/12/2023,Pediatrics,H05,208693
A04948,P04948,2023-07-02,2023-07-07,Pediatrics,H04,80299
A04949,P04949,Dec 10 2023,Dec 21 2023,Oncology,H06,208295
A04950,P04950,Apr 09 2024,Apr 19 2024,Emergency,H04,137770
A04951,P04951,2024/09/25,2024/10/10,Neurology,H03,141404
A04952,P04952,06/01/2024,12/01/2024,Orthopedic,H04,232434
A04953,P04953,06-02-2023,20-02-2023,Orthopedic,H04,55408
A04954,P04954,14/12/2023,16/12/2023,Cardiology,H08,97267
A04955,P04955,Jul 20 2023,Aug 02 2023,ICU,H01,104556
A04956,P04956,18-03-2024,30-03-2024,Pediatrics,H03,155473
A04957,P04957,2023/09/19,2023/09/21,ICU,H06,98831
A04958,P04958,2024-03-01,2024-03-02,Cardiology,H02,148010
A04959,P04959,09/02/2023,23/02/2023,Neurology,H03,10311
A04960,P04960,16/04/2023,20/04/2023,Orthopedic,H06,157601
A04961,P04961,20/04/2023,22/04/2023,Oncology,H07,230487
A04962,P04962,02-09-2024,06-09-2024,Neurology,H03,40755
A04963,P04963,Jul 22 2024,Aug 06 2024,Cardiology,H05,72990
A04964,P04964,10/05/2023,17/05/2023,Neurology,H03,219653
A04965,P04965,27/02/2024,29/02/2024,Orthopedic,H06,82325
A04966,P04966,2023/07/27,2023/07/29,Pediatrics,H01,93100
A04967,P04967,Oct 01 2023,Oct 03 2023,Emergency,H07,223821
A04968,P04968,15-05-2024,29-05-2024,ICU,H01,120498
A04969,P04969,2023-03-22,2023-04-02,Oncology,H02,97524
A04970,P04970,02/08/2023,09/08/2023,Orthopedic,H03,145701
A04971,P04971,20/07/2023,01/08/2023,ICU,H04,184866
A04972,P04972,Dec 12 2023,Dec 25 2023,ICU,H01,75442
A04973,P04973,01/08/2023,13/08/2023,Oncology,H04,106422
A04974,P04974,2023-03-30,2023-04-14,Oncology,H06,235355
A04975,P04975,2024-03-31,2024-04-10,Neurology,H03,124273
A04976,P04976,25-07-2023,27-07-2023,Orthopedic,H06,97800
A04977,P04977,13/12/2023,21/12/2023,Emergency,H08,
A04978,P04978,23/03/2024,03/04/2024,Cardiology,H03,104864
A04979,P04979,Aug 09 2023,Aug 16 2023,Cardiology,H04,79496
A04980,P04980,15-01-2023,,Emergency,H07,204190
A04981,P04981,05-06-2024,07-06-2024,Pediatrics,H06,162209
A04982,P04982,2023/01/13,2023/01/25,ICU,H08,151979
A04983,P04983,2024/08/05,2024/08/15,Emergency,H04,154797
A04984,P04984,14-11-2024,16-11-2024,Pediatrics,H02,154288
A04985,P04985,04-10-2024,09-10-2024,Oncology,H08,152314
A04986,P04986,2023/10/07,2023/10/09,Neurology,H02,50436
A04987,P04987,2024-09-04,2024-09-05,Orthopedic,H02,42229
A04988,P04988,Jan 06 2024,Jan 08 2024,Oncology,H06,134614
A04989,P04989,2024/06/16,2024/07/01,ICU,H04,62080
A04990,P04990,08/12/2023,12/12/2023,ICU,H01,48468
A04991,P04991,14-05-2023,27-05-2023,Emergency,H07,218631
A04992,P04992,2024/02/23,2024/03/03,Oncology,H06,118445
A04993,P04993,Jul 06 2024,Jul 10 2024,Cardiology,H07,23244
A04994,P04994,2023-06-15,2023-06-16,Pediatrics,H07,191748
A04995,P04995,2023-12-30,2024-01-04,Emergency,H05,188703
A04996,P04996,17/04/2024,30/04/2024,ICU,H06,165861
A04997,P04997,Dec 01 2024,Dec 13 2024,Cardiology,H01,57678
A04998,P04998,Dec 15 2023,Dec 23 2023,Cardiology,H01,134832
A04999,P04999,2023-07-29,2023-08-09,Neurology,H08,207516
A05000,P05000,05-12-2023,12-12-2023,Emergency,H06,15876
